rule_id,policy,security_intent,config,vendor,label,source,reason,difficulty
CIS-2.1,Security-relevant events must be logged to external syslog infrastructure,Verify cis-2.1 compliance,"# 41-SRX-77,29-MX-4,36-EX-8 Configuration
# Date: 2024-01-26

system {
    host-name 41-SRX-77,29-MX-4,36-EX-8;
    domain-name example.corp.net;
    syslog {
        host 254.241.183.197 {
            any any;
        }
    }
}",juniper,1,synthetic_v2,compliant_cis_2.1,hard
CIS-3.1,SNMPv3 with custom community names must be implemented,Verify cis-3.1 compliance,"# 44-FIREWALL-11,59-SWITCH-98 Configuration
# Date: 2024-01-25

system {
    host-name 44-FIREWALL-11,59-SWITCH-98;
    domain-name example.corp.net;
    snmp {
        community community {
            authorization read-only;
        }
    }
}",juniper,0,synthetic_v2,non_compliant_cis_3.1,hard
CIS-2.1,Remote syslog servers must be configured for audit trail retention,Verify cis-2.1 compliance,"<!-- 17-FORTIGATE-95,34-EDGE-93 Configuration -->
<!-- Date: 2024-01-26 -->

<device-config>
  <system>
    <hostname>17-FORTIGATE-95,34-EDGE-93</hostname>
    <domain>example.com</domain>
  </system>
  <log-settings>
    <syslog>
      <!-- <entry name=""primary""> -->
    </syslog>
  </log-settings>
</device-config>",paloalto,0,synthetic_v2,non_compliant_cis_2.1,hard
CIS-4.1,Zone-based firewall policies must separate network segments,Verify cis-4.1 compliance,"<!-- 3-SECURITY-34,21-PERIMETER-75 Configuration -->
<!-- Date: 2024-01-02 -->

<device-config>
  <system>
    <hostname>3-SECURITY-34,21-PERIMETER-75</hostname>
    <domain>example.com</domain>
  </system>
  <network>
    <zone>
      <entry name=""untrust"">
        <network>
          <member>ethernet14/22</member>
        </network>
      </entry>
    </zone>
  </network>
</device-config>",paloalto,1,synthetic_v2,compliant_cis_4.1,easy
CIS-1.1,Administrative accounts must not use vendor-default credentials,Verify cis-1.1 compliance,"! RTR-3,80,20-CORE-31 Configuration
! Generated: 2024-01-05
!
hostname RTR-3,80,20-CORE-31
version 15.7
service timestamps debug datetime msec
service timestamps log datetime msec
service password-encryption

username guest privilege 15 secret 5 $1$2874$hashvalue
router ospf 1
 network 172.16.85/24 area 0
!",cisco,0,synthetic_v2,non_compliant_cis_1.1,easy
CIS-1.2,Authentication credentials must not be stored in readable form,Verify cis-1.2 compliance,"# 83-Junos-8,99-ROUTER-12 Configuration
# Date: 2024-01-21

system {
    host-name 83-Junos-8,99-ROUTER-12;
    domain-name example.corp.net;
    root-authentication {
        password ""weakpass"";
    }
}",juniper,0,synthetic_v2,non_compliant_cis_1.2,easy
CIS-2.1,Remote syslog servers must be configured for audit trail retention,Verify cis-2.1 compliance,"<!-- 69-FORTIGATE-45,53-EDGE-34 Configuration -->
<!-- Date: 2024-01-13 -->

<device-config>
  <system>
    <hostname>69-FORTIGATE-45,53-EDGE-34</hostname>
    <domain>example.com</domain>
  </system>
  <log-settings>
    <syslog>
      <entry name=""primary"">
        <server>
          <entry name=""syslog-84"">
            <ip-address>125.242.19.45</ip-address>
          </entry>
        </server>
      </entry>
    </syslog>
  </log-settings>
</device-config>",paloalto,1,synthetic_v2,compliant_cis_2.1,medium
CIS-2.2,NTP servers must be configured for accurate timestamp recording,Verify cis-2.2 compliance,"# 19-SRX-95,20-MX-61,2-EX-23 Configuration
# Date: 2024-01-14

system {
    host-name 19-SRX-95,20-MX-61,2-EX-23;
    domain-name example.corp.net;
    ntp {
        server 128.68.161.202;
    }
}",juniper,1,synthetic_v2,compliant_cis_2.2,medium
CIS-2.1,Remote syslog servers must be configured for audit trail retention,Verify cis-2.1 compliance,"! SW-80-ACCESS-49,43-CORE-57 Configuration
! Generated: 2024-01-11
!
hostname SW-80-ACCESS-49,43-CORE-57
version 15.7
service timestamps debug datetime msec
service timestamps log datetime msec
service password-encryption

logging host 111.69.153.83
logging trap informational
interface TenGigabitEthernet15/10
 description LAN Interface
 ip address 247.203.163.75 255.255.252.0
 no shutdown
!
interface Vlan18
 description LAN Interface
 ip address 84.192.143.210 255.255.255.252
 no shutdown
!
interface Loopback6
 description Uplink Interface
 ip address 140.92.13.244 255.255.252.0
 no shutdown
!
router ospf 1
 network 172.24.149/24 area 0
!",cisco,1,synthetic_v2,compliant_cis_2.1,medium
CIS-2.2,Time synchronization with trusted NTP infrastructure is required,Verify cis-2.2 compliance,"<!-- 27-FORTIGATE-95,69-EDGE-28 Configuration -->
<!-- Date: 2024-01-07 -->

<device-config>
  <system>
    <hostname>27-FORTIGATE-95,69-EDGE-28</hostname>
    <domain>example.com</domain>
    <ntp-servers>
      <!-- <primary>140.132.247.160</primary> -->
    </ntp-servers>
</device-config>",paloalto,0,synthetic_v2,non_compliant_cis_2.2,hard
CIS-3.1,SNMPv3 with custom community names must be implemented,Verify cis-3.1 compliance,"# 86-SRX-50,35-MX-20,90-EX-43 Configuration
# Date: 2024-01-13

system {
    host-name 86-SRX-50,35-MX-20,90-EX-43;
    domain-name example.corp.net;
    snmp {
        community default {
            authorization read-only;
        }
    }
}",juniper,0,synthetic_v2,non_compliant_cis_3.1,easy
CIS-4.1,Proper network segmentation via security zones must be implemented,Verify cis-4.1 compliance,"# 63-SRX-41,78-MX-78,66-EX-8 Configuration
# Date: 2024-01-22

system {
    host-name 63-SRX-41,78-MX-78,66-EX-8;
    domain-name example.corp.net;
    security {
        zones {
            #security-zone untrusted {
                interfaces { }
            }
        }
    }
}",juniper,0,synthetic_v2,non_compliant_cis_4.1,medium
CIS-2.1,Security-relevant events must be logged to external syslog infrastructure,Verify cis-2.1 compliance,"# 10-Junos-48,91-ROUTER-85 Configuration
# Date: 2024-01-13

system {
    host-name 10-Junos-48,91-ROUTER-85;
    domain-name example.corp.net;
    syslog {
        host 151.51.172.78 {
            any any;
        }
    }
}",juniper,1,synthetic_v2,compliant_cis_2.1,medium
CIS-1.1,Administrative accounts must not use vendor-default credentials,Verify cis-1.1 compliance,"! ASA-1,39-FW-37-DMZ-27 Configuration
! Generated: 2024-01-14
!
hostname ASA-1,39-FW-37-DMZ-27
version 15.7
service timestamps debug datetime msec
service timestamps log datetime msec
service password-encryption

username manager privilege 15 secret 5 $1$6279$hashvalue
interface Loopback15
 description LAN Interface
 ip address 169.43.145.132 255.255.252.0
 no shutdown
!",cisco,0,synthetic_v2,non_compliant_cis_1.1,easy
CIS-3.1,SNMPv3 with custom community names must be implemented,Verify cis-3.1 compliance,"# 96-FIREWALL-31,94-SWITCH-87 Configuration
# Date: 2024-01-19

system {
    host-name 96-FIREWALL-31,94-SWITCH-87;
    domain-name example.corp.net;
    snmp {
        community datacenter {
            authorization read-write;
        }
    }
}",juniper,1,synthetic_v2,compliant_cis_3.1,hard
CIS-1.1,Administrative accounts must not use vendor-default credentials,Verify cis-1.1 compliance,"<!-- 31-FORTIGATE-76,42-EDGE-3 Configuration -->
<!-- Date: 2024-01-06 -->

<device-config>
  <system>
    <hostname>31-FORTIGATE-76,42-EDGE-3</hostname>
    <domain>example.com</domain>
  </system>
  <mgt-config>
    <users>
      <entry name=""cloud_admin"">
        <password-hash>$1$1858$hashvalue</password-hash>
      </entry>
    </users>
  </mgt-config>
</device-config>",paloalto,1,synthetic_v2,compliant_cis_1.1,easy
CIS-4.1,Zone-based firewall policies must separate network segments,Verify cis-4.1 compliance,"<!-- 64-SECURITY-36,98-PERIMETER-92 Configuration -->
<!-- Date: 2024-01-25 -->

<device-config>
  <system>
    <hostname>64-SECURITY-36,98-PERIMETER-92</hostname>
    <domain>example.com</domain>
  </system>
  <network>
    <zone>
      <!-- <entry name='untrusted'> -->
    </zone>
  </network>
</device-config>",paloalto,0,synthetic_v2,non_compliant_cis_4.1,hard
CIS-3.1,SNMP configuration must avoid well-known community names,Verify cis-3.1 compliance,"<!-- 8-SECURITY-66,87-PERIMETER-47 Configuration -->
<!-- Date: 2024-01-02 -->

<device-config>
  <system>
    <hostname>8-SECURITY-66,87-PERIMETER-47</hostname>
    <domain>example.com</domain>
  </system>
  <snmp>
    <community>
      <entry name=""public"">
        <version>v2c</version>
      </entry>
    </community>
  </snmp>
</device-config>",paloalto,0,synthetic_v2,non_compliant_cis_3.1,medium
CIS-2.2,Time synchronization with trusted NTP infrastructure is required,Verify cis-2.2 compliance,"<!-- 80-PAFW-19,37-PAN-2,44-CORP-89 Configuration -->
<!-- Date: 2024-01-26 -->

<device-config>
  <system>
    <hostname>80-PAFW-19,37-PAN-2,44-CORP-89</hostname>
    <domain>example.com</domain>
    <ntp-servers>
      <!-- <primary>29.156.230.121</primary> -->
    </ntp-servers>
</device-config>",paloalto,0,synthetic_v2,non_compliant_cis_2.2,easy
CIS-4.1,Zone-based firewall policies must separate network segments,Verify cis-4.1 compliance,"<!-- 87-PAFW-63,87-PAN-14,51-CORP-57 Configuration -->
<!-- Date: 2024-01-17 -->

<device-config>
  <system>
    <hostname>87-PAFW-63,87-PAN-14,51-CORP-57</hostname>
    <domain>example.com</domain>
  </system>
  <network>
    <zone>
      <!-- <entry name='untrusted'> -->
    </zone>
  </network>
</device-config>",paloalto,0,synthetic_v2,non_compliant_cis_4.1,hard
CIS-2.1,Remote syslog servers must be configured for audit trail retention,Verify cis-2.1 compliance,"! SW-2-ACCESS-48,26-CORE-38 Configuration
! Generated: 2024-01-19
!
hostname SW-2-ACCESS-48,26-CORE-38
version 15.7
service timestamps debug datetime msec
service timestamps log datetime msec
service password-encryption

! logging host 201.155.124.119
logging trap debugging
interface Management0
 description LAN Interface
 ip address 188.125.77.2 255.255.255.252
!
interface Loopback11
 description WAN Interface
 ip address 244.171.0.195 255.255.252.0
 no shutdown
!
router ospf 1
 network 53.64.105/24 area 0
!",cisco,0,synthetic_v2,non_compliant_cis_2.1,hard
CIS-4.1,Proper network segmentation via security zones must be implemented,Verify cis-4.1 compliance,"# 68-FIREWALL-71,57-SWITCH-59 Configuration
# Date: 2024-01-10

system {
    host-name 68-FIREWALL-71,57-SWITCH-59;
    domain-name example.corp.net;
    security {
        zones {
            security-zone guest {
                interfaces {
                    et-9/5;
                }
            }
        }
    }
}",juniper,1,synthetic_v2,compliant_cis_4.1,medium
CIS-2.1,Remote syslog servers must be configured for audit trail retention,Verify cis-2.1 compliance,"! RTR-66,50,54-CORE-77 Configuration
! Generated: 2024-01-05
!
hostname RTR-66,50,54-CORE-77
version 15.7
service timestamps debug datetime msec
service timestamps log datetime msec
service password-encryption

logging host 148.196.216.48
logging trap informational
interface Port-channel20
 description LAN Interface
 ip address 143.85.250.74 255.255.255.0
!
interface Management0
 description Management Interface
 ip address 159.27.183.244 255.255.255.0
 no shutdown
!
interface TenGigabitEthernet12/17
 description Uplink Interface
 ip address 168.253.209.176 255.255.255.252
 no shutdown
!
router ospf 1
 network 172.24.85/24 area 0
!",cisco,1,synthetic_v2,compliant_cis_2.1,hard
CIS-2.2,NTP servers must be configured for accurate timestamp recording,Verify cis-2.2 compliance,"# 17-FIREWALL-74,88-SWITCH-30 Configuration
# Date: 2024-01-27

system {
    host-name 17-FIREWALL-74,88-SWITCH-30;
    domain-name example.corp.net;
    ntp {
        server 26.138.120.143;
    }
}",juniper,1,synthetic_v2,compliant_cis_2.2,medium
CIS-1.2,Authentication credentials must not be stored in readable form,Verify cis-1.2 compliance,"# 87-Junos-15,54-ROUTER-75 Configuration
# Date: 2024-01-10

system {
    host-name 87-Junos-15,54-ROUTER-75;
    domain-name example.corp.net;
    root-authentication {
        encrypted-password ""$1$1436$hashvalue"";
    }
}",juniper,1,synthetic_v2,compliant_cis_1.2,hard
CIS-1.1,Administrative accounts must not use vendor-default credentials,Verify cis-1.1 compliance,"! ASA-79,86-FW-49-DMZ-44 Configuration
! Generated: 2024-01-01
!
hostname ASA-79,86-FW-49-DMZ-44
version 15.7
service timestamps debug datetime msec
service timestamps log datetime msec
service password-encryption

username guest privilege 15 secret 5 $1$6325$hashvalue
router ospf 1
 network 172.16.143/24 area 0
!",cisco,0,synthetic_v2,non_compliant_cis_1.1,hard
CIS-1.1,No default credential accounts should remain on network devices,Verify cis-1.1 compliance,"# 50-Junos-85,84-ROUTER-20 Configuration
# Date: 2024-01-16

system {
    host-name 50-Junos-85,84-ROUTER-20;
    domain-name example.corp.net;
    login {
        user admin {
            uid 1129;
            class super-user;
            authentication {
                encrypted-password ""$1$9229$hashvalue"";
            }
        }
    }
}",juniper,0,synthetic_v2,non_compliant_cis_1.1,hard
CIS-1.1,Administrative accounts must not use vendor-default credentials,Verify cis-1.1 compliance,"! RTR-26,59,45-CORE-40 Configuration
! Generated: 2024-01-27
!
hostname RTR-26,59,45-CORE-40
version 15.7
service timestamps debug datetime msec
service timestamps log datetime msec
service password-encryption

username devops privilege 1 secret 5 $1$1387$hashvalue
username security_admin privilege 1 secret 5 $1$6378$hashvalue2",cisco,1,synthetic_v2,compliant_cis_1.1,medium
CIS-3.1,SNMPv3 with custom community names must be implemented,Verify cis-3.1 compliance,"# 93-SRX-37,33-MX-25,5-EX-4 Configuration
# Date: 2024-01-20

system {
    host-name 93-SRX-37,33-MX-25,5-EX-4;
    domain-name example.corp.net;
    snmp {
        community network-ops {
            authorization read-write;
        }
    }
}",juniper,1,synthetic_v2,compliant_cis_3.1,easy
CIS-2.2,NTP servers must be configured for accurate timestamp recording,Verify cis-2.2 compliance,"# 43-SRX-11,97-MX-19,8-EX-35 Configuration
# Date: 2024-01-25

system {
    host-name 43-SRX-11,97-MX-19,8-EX-35;
    domain-name example.corp.net;
    ntp {
        #server 101.36.240.47;
    }
}",juniper,0,synthetic_v2,non_compliant_cis_2.2,easy
CIS-1.1,No default credential accounts should remain on network devices,Verify cis-1.1 compliance,"# 43-SRX-87,69-MX-49,41-EX-81 Configuration
# Date: 2024-01-23

system {
    host-name 43-SRX-87,69-MX-49,41-EX-81;
    domain-name example.corp.net;
    login {
        user manager {
            uid 1499;
            class super-user;
            authentication {
                encrypted-password ""$1$9864$hashvalue"";
            }
        }
    }
}",juniper,0,synthetic_v2,non_compliant_cis_1.1,easy
CIS-1.2,Secure password hashing must be used for all user accounts,Verify cis-1.2 compliance,"<!-- 19-FORTIGATE-85,67-EDGE-29 Configuration -->
<!-- Date: 2024-01-14 -->

<device-config>
  <system>
    <hostname>19-FORTIGATE-85,67-EDGE-29</hostname>
    <domain>example.com</domain>
  </system>
  <mgt-config>
    <users>
      <entry name=""admin"">
        <password>plaintext123</password>
      </entry>
    </users>
  </mgt-config>
</device-config>",paloalto,0,synthetic_v2,non_compliant_cis_1.2,medium
CIS-4.1,Proper network segmentation via security zones must be implemented,Verify cis-4.1 compliance,"# 4-SRX-16,98-MX-36,64-EX-9 Configuration
# Date: 2024-01-20

system {
    host-name 4-SRX-16,98-MX-36,64-EX-9;
    domain-name example.corp.net;
    security {
        zones {
            #security-zone untrusted {
                interfaces { }
            }
        }
    }
}",juniper,0,synthetic_v2,non_compliant_cis_4.1,hard
CIS-2.2,NTP servers must be configured for accurate timestamp recording,Verify cis-2.2 compliance,"# 1-SRX-67,98-MX-18,45-EX-37 Configuration
# Date: 2024-01-16

system {
    host-name 1-SRX-67,98-MX-18,45-EX-37;
    domain-name example.corp.net;
    ntp {
        #server 137.4.251.243;
    }
}",juniper,0,synthetic_v2,non_compliant_cis_2.2,medium
CIS-1.2,Authentication credentials must not be stored in readable form,Verify cis-1.2 compliance,"! RTR-68,47,51-CORE-41 Configuration
! Generated: 2024-01-21
!
hostname RTR-68,47,51-CORE-41
version 15.7
service timestamps debug datetime msec
service timestamps log datetime msec
service password-encryption

username operator privilege 1 password 0 cleartext123
enable password 0 weakenable
router ospf 1
 network 10.0.95.255/24 area 0
!",cisco,0,synthetic_v2,non_compliant_cis_1.2,hard
CIS-4.1,Proper network segmentation via security zones must be implemented,Verify cis-4.1 compliance,"# 64-Junos-72,95-ROUTER-60 Configuration
# Date: 2024-01-08

system {
    host-name 64-Junos-72,95-ROUTER-60;
    domain-name example.corp.net;
    security {
        zones {
            #security-zone untrusted {
                interfaces { }
            }
        }
    }
}",juniper,0,synthetic_v2,non_compliant_cis_4.1,easy
CIS-1.1,No default credential accounts should remain on network devices,Verify cis-1.1 compliance,"# 34-SRX-85,11-MX-21,31-EX-23 Configuration
# Date: 2024-01-18

system {
    host-name 34-SRX-85,11-MX-21,31-EX-23;
    domain-name example.corp.net;
    login {
        user security_ops {
            uid 12258;
            class super-user;
            authentication {
                encrypted-password ""$1$7693$hashvalue"";
            }
        }
    }
}",juniper,1,synthetic_v2,compliant_cis_1.1,medium
CIS-4.1,Zone-based firewall policies must separate network segments,Verify cis-4.1 compliance,"<!-- 3-PAFW-62,97-PAN-56,6-CORP-26 Configuration -->
<!-- Date: 2024-01-04 -->

<device-config>
  <system>
    <hostname>3-PAFW-62,97-PAN-56,6-CORP-26</hostname>
    <domain>example.com</domain>
  </system>
  <network>
    <zone>
      <entry name=""trust"">
        <network>
          <member>ethernet15/3</member>
        </network>
      </entry>
    </zone>
  </network>
</device-config>",paloalto,1,synthetic_v2,compliant_cis_4.1,medium
CIS-1.2,Authentication credentials must not be stored in readable form,Verify cis-1.2 compliance,"! ASA-87,61-FW-37-DMZ-69 Configuration
! Generated: 2024-01-01
!
hostname ASA-87,61-FW-37-DMZ-69
version 15.7
service timestamps debug datetime msec
service timestamps log datetime msec
service password-encryption

username operator privilege 1 password 0 cleartext123
enable password 0 weakenable
interface TenGigabitEthernet8/23
 description DMZ Interface
 ip address 196.206.187.12 255.255.255.252
!
interface Loopback6
 description DMZ Interface
 ip address 142.147.37.99 255.255.252.0
 no shutdown
!
router ospf 1
 network 65.16.49/24 area 0
!",cisco,0,synthetic_v2,non_compliant_cis_1.2,medium
CIS-1.2,Secure password hashing must be used for all user accounts,Verify cis-1.2 compliance,"<!-- 77-PAFW-5,58-PAN-77,87-CORP-91 Configuration -->
<!-- Date: 2024-01-28 -->

<device-config>
  <system>
    <hostname>77-PAFW-5,58-PAN-77,87-CORP-91</hostname>
    <domain>example.com</domain>
  </system>
  <mgt-config>
    <users>
      <entry name=""admin"">
        <password-hash>$1$1797$encryptedhash</password-hash>
      </entry>
    </users>
  </mgt-config>
</device-config>",paloalto,1,synthetic_v2,compliant_cis_1.2,easy
CIS-3.1,SNMP configuration must avoid well-known community names,Verify cis-3.1 compliance,"<!-- 6-SECURITY-18,13-PERIMETER-81 Configuration -->
<!-- Date: 2024-01-20 -->

<device-config>
  <system>
    <hostname>6-SECURITY-18,13-PERIMETER-81</hostname>
    <domain>example.com</domain>
  </system>
  <snmp>
    <community>
      <entry name=""switch-admin"">
        <version>v3</version>
      </entry>
    </community>
  </snmp>
</device-config>",paloalto,1,synthetic_v2,compliant_cis_3.1,easy
CIS-2.2,NTP servers must be configured for accurate timestamp recording,Verify cis-2.2 compliance,"# 35-FIREWALL-53,25-SWITCH-9 Configuration
# Date: 2024-01-06

system {
    host-name 35-FIREWALL-53,25-SWITCH-9;
    domain-name example.corp.net;
    ntp {
        #server 35.148.56.164;
    }
}",juniper,0,synthetic_v2,non_compliant_cis_2.2,medium
CIS-1.2,Secure password hashing must be used for all user accounts,Verify cis-1.2 compliance,"<!-- 46-SECURITY-40,34-PERIMETER-47 Configuration -->
<!-- Date: 2024-01-17 -->

<device-config>
  <system>
    <hostname>46-SECURITY-40,34-PERIMETER-47</hostname>
    <domain>example.com</domain>
  </system>
  <mgt-config>
    <users>
      <entry name=""admin"">
        <password>plaintext123</password>
      </entry>
    </users>
  </mgt-config>
</device-config>",paloalto,0,synthetic_v2,non_compliant_cis_1.2,medium
CIS-2.2,Time synchronization with trusted NTP infrastructure is required,Verify cis-2.2 compliance,"<!-- 51-FORTIGATE-1,93-EDGE-5 Configuration -->
<!-- Date: 2024-01-10 -->

<device-config>
  <system>
    <hostname>51-FORTIGATE-1,93-EDGE-5</hostname>
    <domain>example.com</domain>
    <ntp-servers>
      <primary>153.8.69.228</primary>
    </ntp-servers>
</device-config>",paloalto,1,synthetic_v2,compliant_cis_2.2,medium
CIS-2.2,NTP servers must be configured for accurate timestamp recording,Verify cis-2.2 compliance,"! SW-26-ACCESS-80,57-CORE-29 Configuration
! Generated: 2024-01-21
!
hostname SW-26-ACCESS-80,57-CORE-29
version 15.7
service timestamps debug datetime msec
service timestamps log datetime msec
service password-encryption

ntp server 181.188.100.199
ntp server 50.150.229.46
interface TenGigabitEthernet5/23
 description Uplink Interface
 ip address 31.193.20.110 255.255.255.252
 no shutdown
!",cisco,1,synthetic_v2,compliant_cis_2.2,hard
CIS-3.1,Default SNMP community strings like public or private are prohibited,Verify cis-3.1 compliance,"! ASA-7,1-FW-91-DMZ-72 Configuration
! Generated: 2024-01-27
!
hostname ASA-7,1-FW-91-DMZ-72
version 15.7
service timestamps debug datetime msec
service timestamps log datetime msec
service password-encryption

snmp-server community community RO",cisco,0,synthetic_v2,non_compliant_cis_3.1,easy
CIS-1.2,Authentication credentials must not be stored in readable form,Verify cis-1.2 compliance,"! RTR-82,50,48-CORE-33 Configuration
! Generated: 2024-01-24
!
hostname RTR-82,50,48-CORE-33
version 15.7
service timestamps debug datetime msec
service timestamps log datetime msec
service password-encryption

username operator privilege 1 password 0 cleartext123
enable password 0 weakenable
router ospf 1
 network 172.16.123/24 area 0
!",cisco,0,synthetic_v2,non_compliant_cis_1.2,hard
CIS-3.1,SNMPv3 with custom community names must be implemented,Verify cis-3.1 compliance,"# 9-SRX-2,53-MX-13,68-EX-14 Configuration
# Date: 2024-01-22

system {
    host-name 9-SRX-2,53-MX-13,68-EX-14;
    domain-name example.corp.net;
    snmp {
        community router-ops {
            authorization read-write;
        }
    }
}",juniper,1,synthetic_v2,compliant_cis_3.1,medium
CIS-1.1,No default credential accounts should remain on network devices,Verify cis-1.1 compliance,"# 3-Junos-85,51-ROUTER-36 Configuration
# Date: 2024-01-01

system {
    host-name 3-Junos-85,51-ROUTER-36;
    domain-name example.corp.net;
    login {
        user test {
            uid 1885;
            class super-user;
            authentication {
                encrypted-password ""$1$1803$hashvalue"";
            }
        }
    }
}",juniper,0,synthetic_v2,non_compliant_cis_1.1,hard
CIS-1.1,Administrative accounts must not use vendor-default credentials,Verify cis-1.1 compliance,"! SW-69-ACCESS-96,95-CORE-70 Configuration
! Generated: 2024-01-26
!
hostname SW-69-ACCESS-96,95-CORE-70
version 15.7
service timestamps debug datetime msec
service timestamps log datetime msec
service password-encryption

username test privilege 15 secret 5 $1$4613$hashvalue",cisco,0,synthetic_v2,non_compliant_cis_1.1,medium
CIS-2.2,Time synchronization with trusted NTP infrastructure is required,Verify cis-2.2 compliance,"<!-- 53-FORTIGATE-98,82-EDGE-56 Configuration -->
<!-- Date: 2024-01-27 -->

<device-config>
  <system>
    <hostname>53-FORTIGATE-98,82-EDGE-56</hostname>
    <domain>example.com</domain>
    <ntp-servers>
      <primary>186.165.123.145</primary>
      <secondary>97.130.184.247</secondary>
    </ntp-servers>
</device-config>",paloalto,1,synthetic_v2,compliant_cis_2.2,medium
CIS-2.1,Remote syslog servers must be configured for audit trail retention,Verify cis-2.1 compliance,"<!-- 29-SECURITY-87,27-PERIMETER-35 Configuration -->
<!-- Date: 2024-01-21 -->

<device-config>
  <system>
    <hostname>29-SECURITY-87,27-PERIMETER-35</hostname>
    <domain>example.com</domain>
  </system>
  <log-settings>
    <syslog>
      <entry name=""primary"">
        <server>
          <entry name=""syslog-53"">
            <ip-address>132.10.4.122</ip-address>
          </entry>
        </server>
      </entry>
    </syslog>
  </log-settings>
</device-config>",paloalto,1,synthetic_v2,compliant_cis_2.1,easy
CIS-4.1,Proper network segmentation via security zones must be implemented,Verify cis-4.1 compliance,"# 81-FIREWALL-3,38-SWITCH-54 Configuration
# Date: 2024-01-22

system {
    host-name 81-FIREWALL-3,38-SWITCH-54;
    domain-name example.corp.net;
    security {
        zones {
            security-zone guest {
                interfaces {
                    et-15/11;
                }
            }
        }
    }
}",juniper,1,synthetic_v2,compliant_cis_4.1,medium
CIS-1.1,Administrative accounts must not use vendor-default credentials,Verify cis-1.1 compliance,"! RTR-13,13,85-CORE-56 Configuration
! Generated: 2024-01-12
!
hostname RTR-13,13,85-CORE-56
version 15.7
service timestamps debug datetime msec
service timestamps log datetime msec
service password-encryption

username audit_user privilege 5 secret 5 $1$8651$hashvalue
username ops_team privilege 1 secret 5 $1$2612$hashvalue2
router ospf 1
 network 127.16.98/24 area 0
!",cisco,1,synthetic_v2,compliant_cis_1.1,easy
CIS-1.1,Administrative accounts must not use vendor-default credentials,Verify cis-1.1 compliance,"! SW-11-ACCESS-30,13-CORE-49 Configuration
! Generated: 2024-01-09
!
hostname SW-11-ACCESS-30,13-CORE-49
version 15.7
service timestamps debug datetime msec
service timestamps log datetime msec
service password-encryption

username backup_admin privilege 15 secret 5 $1$6977$hashvalue
interface FastEthernet22/21
 description WAN Interface
 ip address 156.87.125.42 255.255.255.252
 no shutdown
!
interface Port-channel22
 description Uplink Interface
 ip address 57.166.28.59 255.255.255.0
 no shutdown
!
interface Vlan8
 description WAN Interface
 ip address 55.161.108.168 255.255.255.252
 no shutdown
!
router ospf 1
 network 172.24.73/24 area 0
!",cisco,1,synthetic_v2,compliant_cis_1.1,easy
CIS-3.1,SNMPv3 with custom community names must be implemented,Verify cis-3.1 compliance,"# 23-SRX-71,6-MX-50,85-EX-25 Configuration
# Date: 2024-01-10

system {
    host-name 23-SRX-71,6-MX-50,85-EX-25;
    domain-name example.corp.net;
    snmp {
        community test {
            authorization read-only;
        }
    }
}",juniper,0,synthetic_v2,non_compliant_cis_3.1,easy
CIS-3.1,SNMP configuration must avoid well-known community names,Verify cis-3.1 compliance,"<!-- 54-FORTIGATE-26,96-EDGE-87 Configuration -->
<!-- Date: 2024-01-11 -->

<device-config>
  <system>
    <hostname>54-FORTIGATE-26,96-EDGE-87</hostname>
    <domain>example.com</domain>
  </system>
  <snmp>
    <community>
      <entry name=""datacenter"">
        <version>v3</version>
      </entry>
    </community>
  </snmp>
</device-config>",paloalto,1,synthetic_v2,compliant_cis_3.1,easy
CIS-4.1,Proper network segmentation via security zones must be implemented,Verify cis-4.1 compliance,"# 37-SRX-45,45-MX-40,58-EX-72 Configuration
# Date: 2024-01-03

system {
    host-name 37-SRX-45,45-MX-40,58-EX-72;
    domain-name example.corp.net;
    security {
        zones {
            #security-zone untrusted {
                interfaces { }
            }
        }
    }
}",juniper,0,synthetic_v2,non_compliant_cis_4.1,easy
CIS-3.1,Default SNMP community strings like public or private are prohibited,Verify cis-3.1 compliance,"! RTR-45,88,46-CORE-46 Configuration
! Generated: 2024-01-21
!
hostname RTR-45,88,46-CORE-46
version 15.7
service timestamps debug datetime msec
service timestamps log datetime msec
service password-encryption

snmp-server community server-mgmt RO
router ospf 1
 network 192.168.141/24 area 0
!",cisco,1,synthetic_v2,compliant_cis_3.1,hard
CIS-2.2,NTP servers must be configured for accurate timestamp recording,Verify cis-2.2 compliance,"# 2-SRX-64,28-MX-44,54-EX-40 Configuration
# Date: 2024-01-26

system {
    host-name 2-SRX-64,28-MX-44,54-EX-40;
    domain-name example.corp.net;
    ntp {
        #server 205.255.190.119;
    }
}",juniper,0,synthetic_v2,non_compliant_cis_2.2,hard
CIS-1.1,Administrative accounts must not use vendor-default credentials,Verify cis-1.1 compliance,"<!-- 65-SECURITY-35,22-PERIMETER-33 Configuration -->
<!-- Date: 2024-01-27 -->

<device-config>
  <system>
    <hostname>65-SECURITY-35,22-PERIMETER-33</hostname>
    <domain>example.com</domain>
  </system>
  <mgt-config>
    <users>
      <entry name=""monitoring"">
        <password-hash>$1$5835$hashvalue</password-hash>
      </entry>
    </users>
  </mgt-config>
</device-config>",paloalto,1,synthetic_v2,compliant_cis_1.1,hard
CIS-1.2,Authentication credentials must not be stored in readable form,Verify cis-1.2 compliance,"! ASA-20,39-FW-22-DMZ-21 Configuration
! Generated: 2024-01-11
!
hostname ASA-20,39-FW-22-DMZ-21
version 15.7
service timestamps debug datetime msec
service timestamps log datetime msec
service password-encryption

username operator privilege 1 password 0 cleartext123
enable password 0 weakenable
interface FastEthernet16/9
 description WAN Interface
 ip address 65.100.140.33 255.255.252.0
 no shutdown
!
router ospf 1
 network 192.168.86/24 area 0
!",cisco,0,synthetic_v2,non_compliant_cis_1.2,easy
CIS-4.1,Proper network segmentation via security zones must be implemented,Verify cis-4.1 compliance,"# 65-Junos-68,16-ROUTER-61 Configuration
# Date: 2024-01-23

system {
    host-name 65-Junos-68,16-ROUTER-61;
    domain-name example.corp.net;
    security {
        zones {
            security-zone guest {
                interfaces {
                    lo0;
                }
            }
        }
    }
}",juniper,1,synthetic_v2,compliant_cis_4.1,medium
CIS-3.1,SNMP configuration must avoid well-known community names,Verify cis-3.1 compliance,"<!-- 67-FORTIGATE-63,28-EDGE-76 Configuration -->
<!-- Date: 2024-01-16 -->

<device-config>
  <system>
    <hostname>67-FORTIGATE-63,28-EDGE-76</hostname>
    <domain>example.com</domain>
  </system>
  <snmp>
    <community>
      <entry name=""test"">
        <version>v2c</version>
      </entry>
    </community>
  </snmp>
</device-config>",paloalto,0,synthetic_v2,non_compliant_cis_3.1,medium
CIS-1.2,Secure password hashing must be used for all user accounts,Verify cis-1.2 compliance,"<!-- 49-SECURITY-68,41-PERIMETER-90 Configuration -->
<!-- Date: 2024-01-14 -->

<device-config>
  <system>
    <hostname>49-SECURITY-68,41-PERIMETER-90</hostname>
    <domain>example.com</domain>
  </system>
  <mgt-config>
    <users>
      <entry name=""admin"">
        <password>plaintext123</password>
      </entry>
    </users>
  </mgt-config>
</device-config>",paloalto,0,synthetic_v2,non_compliant_cis_1.2,medium
CIS-1.1,No default credential accounts should remain on network devices,Verify cis-1.1 compliance,"# 8-Junos-38,46-ROUTER-48 Configuration
# Date: 2024-01-14

system {
    host-name 8-Junos-38,46-ROUTER-48;
    domain-name example.corp.net;
    login {
        user root {
            uid 1250;
            class super-user;
            authentication {
                encrypted-password ""$1$9702$hashvalue"";
            }
        }
    }
}",juniper,0,synthetic_v2,non_compliant_cis_1.1,medium
CIS-2.1,Security-relevant events must be logged to external syslog infrastructure,Verify cis-2.1 compliance,"# 18-Junos-54,26-ROUTER-83 Configuration
# Date: 2024-01-26

system {
    host-name 18-Junos-54,26-ROUTER-83;
    domain-name example.corp.net;
    syslog {
        host 135.127.9.254 {
            any any;
        }
    }
}",juniper,1,synthetic_v2,compliant_cis_2.1,medium
CIS-3.1,Default SNMP community strings like public or private are prohibited,Verify cis-3.1 compliance,"! ASA-74,78-FW-39-DMZ-43 Configuration
! Generated: 2024-01-03
!
hostname ASA-74,78-FW-39-DMZ-43
version 15.7
service timestamps debug datetime msec
service timestamps log datetime msec
service password-encryption

snmp-server community corp-monitor RO
router ospf 1
 network 145.32.90/24 area 0
!",cisco,1,synthetic_v2,compliant_cis_3.1,medium
CIS-2.1,Remote syslog servers must be configured for audit trail retention,Verify cis-2.1 compliance,"! SW-3-ACCESS-65,90-CORE-87 Configuration
! Generated: 2024-01-14
!
hostname SW-3-ACCESS-65,90-CORE-87
version 15.7
service timestamps debug datetime msec
service timestamps log datetime msec
service password-encryption

logging host 207.91.54.236
logging trap informational",cisco,1,synthetic_v2,compliant_cis_2.1,easy
CIS-1.2,Secure password hashing must be used for all user accounts,Verify cis-1.2 compliance,"<!-- 45-SECURITY-16,23-PERIMETER-69 Configuration -->
<!-- Date: 2024-01-13 -->

<device-config>
  <system>
    <hostname>45-SECURITY-16,23-PERIMETER-69</hostname>
    <domain>example.com</domain>
  </system>
  <mgt-config>
    <users>
      <entry name=""admin"">
        <password-hash>$1$9664$encryptedhash</password-hash>
      </entry>
    </users>
  </mgt-config>
</device-config>",paloalto,1,synthetic_v2,compliant_cis_1.2,easy
CIS-1.2,Secure password hashing must be used for all user accounts,Verify cis-1.2 compliance,"<!-- 55-SECURITY-72,64-PERIMETER-7 Configuration -->
<!-- Date: 2024-01-12 -->

<device-config>
  <system>
    <hostname>55-SECURITY-72,64-PERIMETER-7</hostname>
    <domain>example.com</domain>
  </system>
  <mgt-config>
    <users>
      <entry name=""admin"">
        <password>plaintext123</password>
      </entry>
    </users>
  </mgt-config>
</device-config>",paloalto,0,synthetic_v2,non_compliant_cis_1.2,hard
CIS-1.2,Authentication credentials must not be stored in readable form,Verify cis-1.2 compliance,"# 82-SRX-38,48-MX-79,29-EX-29 Configuration
# Date: 2024-01-05

system {
    host-name 82-SRX-38,48-MX-79,29-EX-29;
    domain-name example.corp.net;
    root-authentication {
        password ""password"";
    }
}",juniper,0,synthetic_v2,non_compliant_cis_1.2,easy
CIS-4.1,Proper network segmentation via security zones must be implemented,Verify cis-4.1 compliance,"# 74-Junos-17,57-ROUTER-34 Configuration
# Date: 2024-01-12

system {
    host-name 74-Junos-17,57-ROUTER-34;
    domain-name example.corp.net;
    security {
        zones {
            security-zone untrust {
                interfaces {
                    ae17;
                }
            }
        }
    }
}",juniper,1,synthetic_v2,compliant_cis_4.1,hard
CIS-1.1,Administrative accounts must not use vendor-default credentials,Verify cis-1.1 compliance,"<!-- 41-FORTIGATE-86,33-EDGE-48 Configuration -->
<!-- Date: 2024-01-05 -->

<device-config>
  <system>
    <hostname>41-FORTIGATE-86,33-EDGE-48</hostname>
    <domain>example.com</domain>
  </system>
  <mgt-config>
    <users>
      <entry name=""operator"">
        <password-hash>$1$8770$hashvalue</password-hash>
      </entry>
    </users>
  </mgt-config>
</device-config>",paloalto,0,synthetic_v2,non_compliant_cis_1.1,easy
CIS-2.1,Remote syslog servers must be configured for audit trail retention,Verify cis-2.1 compliance,"! ASA-92,95-FW-84-DMZ-54 Configuration
! Generated: 2024-01-08
!
hostname ASA-92,95-FW-84-DMZ-54
version 15.7
service timestamps debug datetime msec
service timestamps log datetime msec
service password-encryption

! logging host 83.127.213.235
logging trap debugging
interface Management0
 description WAN Interface
 ip address 147.190.61.129 255.255.252.0
 no shutdown
!
interface TenGigabitEthernet7/16
 description WAN Interface
 ip address 245.205.35.225 255.255.255.252
 no shutdown
!
router ospf 1
 network 167.64.44/24 area 0
!",cisco,0,synthetic_v2,non_compliant_cis_2.1,hard
CIS-2.2,Time synchronization with trusted NTP infrastructure is required,Verify cis-2.2 compliance,"<!-- 38-FORTIGATE-34,70-EDGE-47 Configuration -->
<!-- Date: 2024-01-15 -->

<device-config>
  <system>
    <hostname>38-FORTIGATE-34,70-EDGE-47</hostname>
    <domain>example.com</domain>
    <ntp-servers>
      <primary>1.194.94.227</primary>
    </ntp-servers>
</device-config>",paloalto,1,synthetic_v2,compliant_cis_2.2,medium
CIS-1.2,Secure password hashing must be used for all user accounts,Verify cis-1.2 compliance,"<!-- 91-FORTIGATE-19,60-EDGE-8 Configuration -->
<!-- Date: 2024-01-18 -->

<device-config>
  <system>
    <hostname>91-FORTIGATE-19,60-EDGE-8</hostname>
    <domain>example.com</domain>
  </system>
  <mgt-config>
    <users>
      <entry name=""admin"">
        <password>plaintext123</password>
      </entry>
    </users>
  </mgt-config>
</device-config>",paloalto,0,synthetic_v2,non_compliant_cis_1.2,medium
CIS-2.1,Remote syslog servers must be configured for audit trail retention,Verify cis-2.1 compliance,"! RTR-3,76,9-CORE-2 Configuration
! Generated: 2024-01-09
!
hostname RTR-3,76,9-CORE-2
version 15.7
service timestamps debug datetime msec
service timestamps log datetime msec
service password-encryption

! logging host 56.20.30.243
logging trap debugging
interface FastEthernet20/22
 description Uplink Interface
 ip address 197.212.216.180 255.255.255.252
!
interface Loopback17
 description Uplink Interface
 ip address 40.142.42.80 255.255.255.0
 no shutdown
!
interface TenGigabitEthernet4/17
 description DMZ Interface
 ip address 101.33.158.179 255.255.255.252
 no shutdown
!
router ospf 1
 network 10.0.125.44/24 area 0
!",cisco,0,synthetic_v2,non_compliant_cis_2.1,medium
CIS-3.1,Default SNMP community strings like public or private are prohibited,Verify cis-3.1 compliance,"! ASA-86,43-FW-42-DMZ-59 Configuration
! Generated: 2024-01-16
!
hostname ASA-86,43-FW-42-DMZ-59
version 15.7
service timestamps debug datetime msec
service timestamps log datetime msec
service password-encryption

snmp-server community public RO",cisco,0,synthetic_v2,non_compliant_cis_3.1,medium
CIS-3.1,SNMP configuration must avoid well-known community names,Verify cis-3.1 compliance,"<!-- 15-SECURITY-10,31-PERIMETER-93 Configuration -->
<!-- Date: 2024-01-15 -->

<device-config>
  <system>
    <hostname>15-SECURITY-10,31-PERIMETER-93</hostname>
    <domain>example.com</domain>
  </system>
  <snmp>
    <community>
      <entry name=""infrastructure"">
        <version>v3</version>
      </entry>
    </community>
  </snmp>
</device-config>",paloalto,1,synthetic_v2,compliant_cis_3.1,hard
CIS-1.1,No default credential accounts should remain on network devices,Verify cis-1.1 compliance,"# 62-Junos-14,31-ROUTER-49 Configuration
# Date: 2024-01-19

system {
    host-name 62-Junos-14,31-ROUTER-49;
    domain-name example.corp.net;
    login {
        user cisco {
            uid 1588;
            class super-user;
            authentication {
                encrypted-password ""$1$5847$hashvalue"";
            }
        }
    }
}",juniper,0,synthetic_v2,non_compliant_cis_1.1,hard
CIS-1.2,Secure password hashing must be used for all user accounts,Verify cis-1.2 compliance,"<!-- 8-SECURITY-72,60-PERIMETER-87 Configuration -->
<!-- Date: 2024-01-26 -->

<device-config>
  <system>
    <hostname>8-SECURITY-72,60-PERIMETER-87</hostname>
    <domain>example.com</domain>
  </system>
  <mgt-config>
    <users>
      <entry name=""admin"">
        <password-hash>$1$6049$encryptedhash</password-hash>
      </entry>
    </users>
  </mgt-config>
</device-config>",paloalto,1,synthetic_v2,compliant_cis_1.2,hard
CIS-2.1,Security-relevant events must be logged to external syslog infrastructure,Verify cis-2.1 compliance,"# 23-Junos-4,52-ROUTER-58 Configuration
# Date: 2024-01-18

system {
    host-name 23-Junos-4,52-ROUTER-58;
    domain-name example.corp.net;
    syslog {
        host 192.127.48.119 {
            any any;
        }
    }
}",juniper,1,synthetic_v2,compliant_cis_2.1,easy
CIS-1.2,Secure password hashing must be used for all user accounts,Verify cis-1.2 compliance,"<!-- 68-FORTIGATE-91,47-EDGE-10 Configuration -->
<!-- Date: 2024-01-19 -->

<device-config>
  <system>
    <hostname>68-FORTIGATE-91,47-EDGE-10</hostname>
    <domain>example.com</domain>
  </system>
  <mgt-config>
    <users>
      <entry name=""admin"">
        <password-hash>$1$2838$encryptedhash</password-hash>
      </entry>
    </users>
  </mgt-config>
</device-config>",paloalto,1,synthetic_v2,compliant_cis_1.2,easy
CIS-2.2,Time synchronization with trusted NTP infrastructure is required,Verify cis-2.2 compliance,"<!-- 47-PAFW-7,86-PAN-28,15-CORP-31 Configuration -->
<!-- Date: 2024-01-21 -->

<device-config>
  <system>
    <hostname>47-PAFW-7,86-PAN-28,15-CORP-31</hostname>
    <domain>example.com</domain>
    <ntp-servers>
      <primary>112.166.7.43</primary>
      <secondary>150.61.202.203</secondary>
    </ntp-servers>
</device-config>",paloalto,1,synthetic_v2,compliant_cis_2.2,easy
CIS-2.1,Security-relevant events must be logged to external syslog infrastructure,Verify cis-2.1 compliance,"# 46-FIREWALL-62,70-SWITCH-63 Configuration
# Date: 2024-01-12

system {
    host-name 46-FIREWALL-62,70-SWITCH-63;
    domain-name example.corp.net;
    syslog {
        host 234.164.198.70 {
            any any;
        }
    }
}",juniper,1,synthetic_v2,compliant_cis_2.1,easy
CIS-4.1,Zone-based firewall policies must separate network segments,Verify cis-4.1 compliance,"<!-- 26-FORTIGATE-77,52-EDGE-16 Configuration -->
<!-- Date: 2024-01-08 -->

<device-config>
  <system>
    <hostname>26-FORTIGATE-77,52-EDGE-16</hostname>
    <domain>example.com</domain>
  </system>
  <network>
    <zone>
      <!-- <entry name='untrusted'> -->
    </zone>
  </network>
</device-config>",paloalto,0,synthetic_v2,non_compliant_cis_4.1,medium
CIS-1.1,No default credential accounts should remain on network devices,Verify cis-1.1 compliance,"# 7-Junos-25,67-ROUTER-47 Configuration
# Date: 2024-01-20

system {
    host-name 7-Junos-25,67-ROUTER-47;
    domain-name example.corp.net;
    login {
        user monitoring {
            uid 42986;
            class network-admin;
            authentication {
                encrypted-password ""$1$1845$hashvalue"";
            }
        }
    }
}",juniper,1,synthetic_v2,compliant_cis_1.1,easy
CIS-2.1,Remote syslog servers must be configured for audit trail retention,Verify cis-2.1 compliance,"<!-- 4-SECURITY-31,48-PERIMETER-63 Configuration -->
<!-- Date: 2024-01-20 -->

<device-config>
  <system>
    <hostname>4-SECURITY-31,48-PERIMETER-63</hostname>
    <domain>example.com</domain>
  </system>
  <log-settings>
    <syslog>
      <entry name=""primary"">
        <server>
          <entry name=""syslog-58"">
            <ip-address>46.242.179.89</ip-address>
          </entry>
        </server>
      </entry>
    </syslog>
  </log-settings>
</device-config>",paloalto,1,synthetic_v2,compliant_cis_2.1,easy
CIS-2.2,Time synchronization with trusted NTP infrastructure is required,Verify cis-2.2 compliance,"<!-- 42-PAFW-45,77-PAN-84,4-CORP-99 Configuration -->
<!-- Date: 2024-01-10 -->

<device-config>
  <system>
    <hostname>42-PAFW-45,77-PAN-84,4-CORP-99</hostname>
    <domain>example.com</domain>
    <ntp-servers>
      <!-- <primary>44.179.226.160</primary> -->
    </ntp-servers>
</device-config>",paloalto,0,synthetic_v2,non_compliant_cis_2.2,easy
CIS-3.1,SNMP configuration must avoid well-known community names,Verify cis-3.1 compliance,"<!-- 60-FORTIGATE-80,6-EDGE-47 Configuration -->
<!-- Date: 2024-01-12 -->

<device-config>
  <system>
    <hostname>60-FORTIGATE-80,6-EDGE-47</hostname>
    <domain>example.com</domain>
  </system>
  <snmp>
    <community>
      <entry name=""private"">
        <version>v2c</version>
      </entry>
    </community>
  </snmp>
</device-config>",paloalto,0,synthetic_v2,non_compliant_cis_3.1,hard
CIS-1.1,Administrative accounts must not use vendor-default credentials,Verify cis-1.1 compliance,"! RTR-8,31,73-CORE-11 Configuration
! Generated: 2024-01-03
!
hostname RTR-8,31,73-CORE-11
version 15.7
service timestamps debug datetime msec
service timestamps log datetime msec
service password-encryption

username dev_team privilege 5 secret 5 $1$2133$hashvalue
username infra_ops privilege 1 secret 5 $1$3060$hashvalue2",cisco,1,synthetic_v2,compliant_cis_1.1,hard
CIS-2.2,Time synchronization with trusted NTP infrastructure is required,Verify cis-2.2 compliance,"<!-- 42-SECURITY-15,13-PERIMETER-67 Configuration -->
<!-- Date: 2024-01-22 -->

<device-config>
  <system>
    <hostname>42-SECURITY-15,13-PERIMETER-67</hostname>
    <domain>example.com</domain>
    <ntp-servers>
      <primary>18.22.66.46</primary>
      <secondary>52.54.248.50</secondary>
    </ntp-servers>
</device-config>",paloalto,1,synthetic_v2,compliant_cis_2.2,easy
CIS-2.2,NTP servers must be configured for accurate timestamp recording,Verify cis-2.2 compliance,"! ASA-12,51-FW-47-DMZ-65 Configuration
! Generated: 2024-01-01
!
hostname ASA-12,51-FW-47-DMZ-65
version 15.7
service timestamps debug datetime msec
service timestamps log datetime msec
service password-encryption

! ntp server 170.122.84.194
interface TenGigabitEthernet5/18
 description Uplink Interface
 ip address 169.74.247.241 255.255.255.252
!
interface Management0
 description Management Interface
 ip address 60.32.135.95 255.255.255.0
!",cisco,0,synthetic_v2,non_compliant_cis_2.2,medium
CIS-1.2,Authentication credentials must not be stored in readable form,Verify cis-1.2 compliance,"# 64-FIREWALL-18,65-SWITCH-60 Configuration
# Date: 2024-01-09

system {
    host-name 64-FIREWALL-18,65-SWITCH-60;
    domain-name example.corp.net;
    root-authentication {
        password ""admin123"";
    }
}",juniper,0,synthetic_v2,non_compliant_cis_1.2,easy
CIS-3.1,Default SNMP community strings like public or private are prohibited,Verify cis-3.1 compliance,"! ASA-35,78-FW-73-DMZ-79 Configuration
! Generated: 2024-01-08
!
hostname ASA-35,78-FW-73-DMZ-79
version 15.7
service timestamps debug datetime msec
service timestamps log datetime msec
service password-encryption

snmp-server community infrastructure RO
router ospf 1
 network 172.16.40/24 area 0
!",cisco,1,synthetic_v2,compliant_cis_3.1,easy
CIS-2.2,NTP servers must be configured for accurate timestamp recording,Verify cis-2.2 compliance,"! ASA-5,69-FW-65-DMZ-97 Configuration
! Generated: 2024-01-04
!
hostname ASA-5,69-FW-65-DMZ-97
version 15.7
service timestamps debug datetime msec
service timestamps log datetime msec
service password-encryption

! ntp server 24.246.66.231
interface Management0
 description Management Interface
 ip address 134.215.189.224 255.255.255.0
 no shutdown
!",cisco,0,synthetic_v2,non_compliant_cis_2.2,medium
CIS-2.2,NTP servers must be configured for accurate timestamp recording,Verify cis-2.2 compliance,"# 2-Junos-99,56-ROUTER-38 Configuration
# Date: 2024-01-20

system {
    host-name 2-Junos-99,56-ROUTER-38;
    domain-name example.corp.net;
    ntp {
        #server 60.3.191.49;
    }
}",juniper,0,synthetic_v2,non_compliant_cis_2.2,medium
CIS-1.2,Secure password hashing must be used for all user accounts,Verify cis-1.2 compliance,"<!-- 43-PAFW-83,11-PAN-58,48-CORP-12 Configuration -->
<!-- Date: 2024-01-18 -->

<device-config>
  <system>
    <hostname>43-PAFW-83,11-PAN-58,48-CORP-12</hostname>
    <domain>example.com</domain>
  </system>
  <mgt-config>
    <users>
      <entry name=""admin"">
        <password>plaintext123</password>
      </entry>
    </users>
  </mgt-config>
</device-config>",paloalto,0,synthetic_v2,non_compliant_cis_1.2,hard
CIS-2.1,Remote syslog servers must be configured for audit trail retention,Verify cis-2.1 compliance,"<!-- 52-FORTIGATE-55,62-EDGE-50 Configuration -->
<!-- Date: 2024-01-01 -->

<device-config>
  <system>
    <hostname>52-FORTIGATE-55,62-EDGE-50</hostname>
    <domain>example.com</domain>
  </system>
  <log-settings>
    <syslog>
      <!-- <entry name=""primary""> -->
    </syslog>
  </log-settings>
</device-config>",paloalto,0,synthetic_v2,non_compliant_cis_2.1,easy
CIS-3.1,Default SNMP community strings like public or private are prohibited,Verify cis-3.1 compliance,"! SW-37-ACCESS-81,24-CORE-16 Configuration
! Generated: 2024-01-05
!
hostname SW-37-ACCESS-81,24-CORE-16
version 15.7
service timestamps debug datetime msec
service timestamps log datetime msec
service password-encryption

snmp-server community datacenter RO
router ospf 1
 network 10.0.234.254/24 area 0
!",cisco,1,synthetic_v2,compliant_cis_3.1,medium
CIS-1.1,No default credential accounts should remain on network devices,Verify cis-1.1 compliance,"# 50-SRX-25,77-MX-66,96-EX-18 Configuration
# Date: 2024-01-28

system {
    host-name 50-SRX-25,77-MX-66,96-EX-18;
    domain-name example.corp.net;
    login {
        user security_ops {
            uid 20104;
            class network-admin;
            authentication {
                encrypted-password ""$1$6568$hashvalue"";
            }
        }
    }
}",juniper,1,synthetic_v2,compliant_cis_1.1,hard
CIS-1.1,Administrative accounts must not use vendor-default credentials,Verify cis-1.1 compliance,"<!-- 15-SECURITY-84,84-PERIMETER-99 Configuration -->
<!-- Date: 2024-01-18 -->

<device-config>
  <system>
    <hostname>15-SECURITY-84,84-PERIMETER-99</hostname>
    <domain>example.com</domain>
  </system>
  <mgt-config>
    <users>
      <entry name=""operator"">
        <password-hash>$1$4522$hashvalue</password-hash>
      </entry>
    </users>
  </mgt-config>
</device-config>",paloalto,0,synthetic_v2,non_compliant_cis_1.1,medium
CIS-4.1,Proper network segmentation via security zones must be implemented,Verify cis-4.1 compliance,"# 20-SRX-34,39-MX-82,82-EX-61 Configuration
# Date: 2024-01-04

system {
    host-name 20-SRX-34,39-MX-82,82-EX-61;
    domain-name example.corp.net;
    security {
        zones {
            #security-zone untrusted {
                interfaces { }
            }
        }
    }
}",juniper,0,synthetic_v2,non_compliant_cis_4.1,hard
CIS-1.2,Authentication credentials must not be stored in readable form,Verify cis-1.2 compliance,"! ASA-57,60-FW-99-DMZ-37 Configuration
! Generated: 2024-01-25
!
hostname ASA-57,60-FW-99-DMZ-37
version 15.7
service timestamps debug datetime msec
service timestamps log datetime msec
service password-encryption

username netadmin privilege 15 secret 5 $1$secure123$hashvalue
enable secret 5 $1$enablehash$enablevalue
interface Vlan5
 description LAN Interface
 ip address 206.70.128.14 255.255.252.0
 no shutdown
!
interface FastEthernet17/3
 description Uplink Interface
 ip address 218.63.145.22 255.255.255.0
!
interface Loopback4
 description Management Interface
 ip address 24.113.230.227 255.255.255.252
 no shutdown
!",cisco,1,synthetic_v2,compliant_cis_1.2,medium
CIS-2.1,Security-relevant events must be logged to external syslog infrastructure,Verify cis-2.1 compliance,"# 84-FIREWALL-98,88-SWITCH-29 Configuration
# Date: 2024-01-06

system {
    host-name 84-FIREWALL-98,88-SWITCH-29;
    domain-name example.corp.net;
    syslog {
        #host 116.37.17.76 {
            any any;
        }
    }
}",juniper,0,synthetic_v2,non_compliant_cis_2.1,easy
CIS-1.1,Administrative accounts must not use vendor-default credentials,Verify cis-1.1 compliance,"<!-- 88-FORTIGATE-14,63-EDGE-92 Configuration -->
<!-- Date: 2024-01-15 -->

<device-config>
  <system>
    <hostname>88-FORTIGATE-14,63-EDGE-92</hostname>
    <domain>example.com</domain>
  </system>
  <mgt-config>
    <users>
      <entry name=""admin"">
        <password-hash>$1$2323$hashvalue</password-hash>
      </entry>
    </users>
  </mgt-config>
</device-config>",paloalto,0,synthetic_v2,non_compliant_cis_1.1,medium
CIS-2.1,Security-relevant events must be logged to external syslog infrastructure,Verify cis-2.1 compliance,"# 21-SRX-13,32-MX-85,31-EX-35 Configuration
# Date: 2024-01-18

system {
    host-name 21-SRX-13,32-MX-85,31-EX-35;
    domain-name example.corp.net;
    syslog {
        host 209.28.112.148 {
            any any;
        }
    }
}",juniper,1,synthetic_v2,compliant_cis_2.1,medium
CIS-4.1,Zone-based firewall policies must separate network segments,Verify cis-4.1 compliance,"<!-- 17-PAFW-3,62-PAN-45,40-CORP-89 Configuration -->
<!-- Date: 2024-01-12 -->

<device-config>
  <system>
    <hostname>17-PAFW-3,62-PAN-45,40-CORP-89</hostname>
    <domain>example.com</domain>
  </system>
  <network>
    <zone>
      <entry name=""untrust"">
        <network>
          <member>mgmt19</member>
        </network>
      </entry>
    </zone>
  </network>
</device-config>",paloalto,1,synthetic_v2,compliant_cis_4.1,hard
CIS-1.1,No default credential accounts should remain on network devices,Verify cis-1.1 compliance,"# 88-FIREWALL-24,22-SWITCH-23 Configuration
# Date: 2024-01-03

system {
    host-name 88-FIREWALL-24,22-SWITCH-23;
    domain-name example.corp.net;
    login {
        user test {
            uid 1891;
            class super-user;
            authentication {
                encrypted-password ""$1$7267$hashvalue"";
            }
        }
    }
}",juniper,0,synthetic_v2,non_compliant_cis_1.1,hard
CIS-1.1,Administrative accounts must not use vendor-default credentials,Verify cis-1.1 compliance,"! ASA-36,1-FW-98-DMZ-21 Configuration
! Generated: 2024-01-23
!
hostname ASA-36,1-FW-98-DMZ-21
version 15.7
service timestamps debug datetime msec
service timestamps log datetime msec
service password-encryption

username audit_user privilege 5 secret 5 $1$5552$hashvalue
interface GigabitEthernet2/12
 description WAN Interface
 ip address 92.176.135.207 255.255.255.0
 no shutdown
!
interface Loopback3
 description Management Interface
 ip address 21.150.185.148 255.255.255.0
 no shutdown
!",cisco,1,synthetic_v2,compliant_cis_1.1,easy
CIS-3.1,Default SNMP community strings like public or private are prohibited,Verify cis-3.1 compliance,"! ASA-50,94-FW-66-DMZ-79 Configuration
! Generated: 2024-01-06
!
hostname ASA-50,94-FW-66-DMZ-79
version 15.7
service timestamps debug datetime msec
service timestamps log datetime msec
service password-encryption

snmp-server community switch-admin RO
interface Management0
 description LAN Interface
 ip address 234.171.76.42 255.255.255.0
!
router ospf 1
 network 172.20.157/24 area 0
!",cisco,1,synthetic_v2,compliant_cis_3.1,hard
CIS-2.2,NTP servers must be configured for accurate timestamp recording,Verify cis-2.2 compliance,"! SW-50-ACCESS-89,62-CORE-54 Configuration
! Generated: 2024-01-21
!
hostname SW-50-ACCESS-89,62-CORE-54
version 15.7
service timestamps debug datetime msec
service timestamps log datetime msec
service password-encryption

ntp server 227.85.57.34
ntp server 16.81.53.107
interface Management0
 description Uplink Interface
 ip address 174.224.92.157 255.255.255.252
 no shutdown
!
interface Loopback0
 description LAN Interface
 ip address 124.249.57.228 255.255.255.252
 no shutdown
!",cisco,1,synthetic_v2,compliant_cis_2.2,hard
CIS-2.1,Security-relevant events must be logged to external syslog infrastructure,Verify cis-2.1 compliance,"# 12-FIREWALL-44,77-SWITCH-79 Configuration
# Date: 2024-01-16

system {
    host-name 12-FIREWALL-44,77-SWITCH-79;
    domain-name example.corp.net;
    syslog {
        #host 181.15.220.242 {
            any any;
        }
    }
}",juniper,0,synthetic_v2,non_compliant_cis_2.1,hard
CIS-1.1,Administrative accounts must not use vendor-default credentials,Verify cis-1.1 compliance,"<!-- 67-SECURITY-39,59-PERIMETER-83 Configuration -->
<!-- Date: 2024-01-01 -->

<device-config>
  <system>
    <hostname>67-SECURITY-39,59-PERIMETER-83</hostname>
    <domain>example.com</domain>
  </system>
  <mgt-config>
    <users>
      <entry name=""admin"">
        <password-hash>$1$8847$hashvalue</password-hash>
      </entry>
    </users>
  </mgt-config>
</device-config>",paloalto,0,synthetic_v2,non_compliant_cis_1.1,medium
CIS-3.1,SNMP configuration must avoid well-known community names,Verify cis-3.1 compliance,"<!-- 99-SECURITY-65,5-PERIMETER-55 Configuration -->
<!-- Date: 2024-01-17 -->

<device-config>
  <system>
    <hostname>99-SECURITY-65,5-PERIMETER-55</hostname>
    <domain>example.com</domain>
  </system>
  <snmp>
    <community>
      <entry name=""test"">
        <version>v2c</version>
      </entry>
    </community>
  </snmp>
</device-config>",paloalto,0,synthetic_v2,non_compliant_cis_3.1,medium
CIS-2.1,Remote syslog servers must be configured for audit trail retention,Verify cis-2.1 compliance,"! ASA-67,72-FW-75-DMZ-89 Configuration
! Generated: 2024-01-19
!
hostname ASA-67,72-FW-75-DMZ-89
version 15.7
service timestamps debug datetime msec
service timestamps log datetime msec
service password-encryption

logging host 57.228.191.101
logging trap informational
interface Loopback22
 description Uplink Interface
 ip address 39.176.12.124 255.255.255.0
!
interface GigabitEthernet3/23
 description LAN Interface
 ip address 90.159.175.117 255.255.255.0
 no shutdown
!
interface FastEthernet15/3
 description Management Interface
 ip address 185.231.163.18 255.255.255.252
!
router ospf 1
 network 10.0.175.55/24 area 0
!",cisco,1,synthetic_v2,compliant_cis_2.1,hard
CIS-1.1,Administrative accounts must not use vendor-default credentials,Verify cis-1.1 compliance,"! SW-58-ACCESS-3,12-CORE-38 Configuration
! Generated: 2024-01-08
!
hostname SW-58-ACCESS-3,12-CORE-38
version 15.7
service timestamps debug datetime msec
service timestamps log datetime msec
service password-encryption

username guest privilege 15 secret 5 $1$4986$hashvalue
interface Loopback16
 description DMZ Interface
 ip address 109.169.180.180 255.255.255.252
!
interface FastEthernet7/3
 description LAN Interface
 ip address 81.61.94.50 255.255.255.0
 no shutdown
!",cisco,0,synthetic_v2,non_compliant_cis_1.1,hard
CIS-1.2,Authentication credentials must not be stored in readable form,Verify cis-1.2 compliance,"# 45-SRX-57,84-MX-33,96-EX-62 Configuration
# Date: 2024-01-07

system {
    host-name 45-SRX-57,84-MX-33,96-EX-62;
    domain-name example.corp.net;
    root-authentication {
        encrypted-password ""$1$4310$hashvalue"";
    }
}",juniper,1,synthetic_v2,compliant_cis_1.2,hard
CIS-1.2,Authentication credentials must not be stored in readable form,Verify cis-1.2 compliance,"# 86-FIREWALL-28,98-SWITCH-32 Configuration
# Date: 2024-01-22

system {
    host-name 86-FIREWALL-28,98-SWITCH-32;
    domain-name example.corp.net;
    root-authentication {
        password ""weakpass"";
    }
}",juniper,0,synthetic_v2,non_compliant_cis_1.2,easy
CIS-1.1,Administrative accounts must not use vendor-default credentials,Verify cis-1.1 compliance,"<!-- 57-FORTIGATE-31,47-EDGE-13 Configuration -->
<!-- Date: 2024-01-22 -->

<device-config>
  <system>
    <hostname>57-FORTIGATE-31,47-EDGE-13</hostname>
    <domain>example.com</domain>
  </system>
  <mgt-config>
    <users>
      <entry name=""regional_admin"">
        <password-hash>$1$9920$hashvalue</password-hash>
      </entry>
    </users>
  </mgt-config>
</device-config>",paloalto,1,synthetic_v2,compliant_cis_1.1,hard
CIS-1.2,Authentication credentials must not be stored in readable form,Verify cis-1.2 compliance,"# 79-FIREWALL-61,95-SWITCH-94 Configuration
# Date: 2024-01-02

system {
    host-name 79-FIREWALL-61,95-SWITCH-94;
    domain-name example.corp.net;
    root-authentication {
        encrypted-password ""$1$3262$hashvalue"";
    }
}",juniper,1,synthetic_v2,compliant_cis_1.2,hard
CIS-4.1,Zone-based firewall policies must separate network segments,Verify cis-4.1 compliance,"<!-- 35-SECURITY-97,83-PERIMETER-52 Configuration -->
<!-- Date: 2024-01-12 -->

<device-config>
  <system>
    <hostname>35-SECURITY-97,83-PERIMETER-52</hostname>
    <domain>example.com</domain>
  </system>
  <network>
    <zone>
      <!-- <entry name='untrusted'> -->
    </zone>
  </network>
</device-config>",paloalto,0,synthetic_v2,non_compliant_cis_4.1,medium
CIS-1.1,No default credential accounts should remain on network devices,Verify cis-1.1 compliance,"# 30-FIREWALL-34,81-SWITCH-76 Configuration
# Date: 2024-01-22

system {
    host-name 30-FIREWALL-34,81-SWITCH-76;
    domain-name example.corp.net;
    login {
        user sysadmin {
            uid 29861;
            class super-user;
            authentication {
                encrypted-password ""$1$9922$hashvalue"";
            }
        }
    }
}",juniper,1,synthetic_v2,compliant_cis_1.1,easy
CIS-1.2,Authentication credentials must not be stored in readable form,Verify cis-1.2 compliance,"# 72-Junos-93,36-ROUTER-37 Configuration
# Date: 2024-01-04

system {
    host-name 72-Junos-93,36-ROUTER-37;
    domain-name example.corp.net;
    root-authentication {
        encrypted-password ""$1$9899$hashvalue"";
    }
}",juniper,1,synthetic_v2,compliant_cis_1.2,medium
CIS-2.2,NTP servers must be configured for accurate timestamp recording,Verify cis-2.2 compliance,"# 95-Junos-58,11-ROUTER-49 Configuration
# Date: 2024-01-20

system {
    host-name 95-Junos-58,11-ROUTER-49;
    domain-name example.corp.net;
    ntp {
        server 74.237.74.223;
    }
}",juniper,1,synthetic_v2,compliant_cis_2.2,medium
CIS-1.1,Administrative accounts must not use vendor-default credentials,Verify cis-1.1 compliance,"<!-- 82-SECURITY-4,12-PERIMETER-96 Configuration -->
<!-- Date: 2024-01-17 -->

<device-config>
  <system>
    <hostname>82-SECURITY-4,12-PERIMETER-96</hostname>
    <domain>example.com</domain>
  </system>
  <mgt-config>
    <users>
      <entry name=""root"">
        <password-hash>$1$7163$hashvalue</password-hash>
      </entry>
    </users>
  </mgt-config>
</device-config>",paloalto,0,synthetic_v2,non_compliant_cis_1.1,medium
CIS-2.2,Time synchronization with trusted NTP infrastructure is required,Verify cis-2.2 compliance,"<!-- 44-SECURITY-98,81-PERIMETER-8 Configuration -->
<!-- Date: 2024-01-02 -->

<device-config>
  <system>
    <hostname>44-SECURITY-98,81-PERIMETER-8</hostname>
    <domain>example.com</domain>
    <ntp-servers>
      <primary>92.78.54.33</primary>
    </ntp-servers>
</device-config>",paloalto,1,synthetic_v2,compliant_cis_2.2,medium
CIS-1.2,Secure password hashing must be used for all user accounts,Verify cis-1.2 compliance,"<!-- 90-FORTIGATE-9,70-EDGE-8 Configuration -->
<!-- Date: 2024-01-03 -->

<device-config>
  <system>
    <hostname>90-FORTIGATE-9,70-EDGE-8</hostname>
    <domain>example.com</domain>
  </system>
  <mgt-config>
    <users>
      <entry name=""admin"">
        <password-hash>$1$8734$encryptedhash</password-hash>
      </entry>
    </users>
  </mgt-config>
</device-config>",paloalto,1,synthetic_v2,compliant_cis_1.2,easy
CIS-2.1,Remote syslog servers must be configured for audit trail retention,Verify cis-2.1 compliance,"! RTR-59,79,78-CORE-8 Configuration
! Generated: 2024-01-10
!
hostname RTR-59,79,78-CORE-8
version 15.7
service timestamps debug datetime msec
service timestamps log datetime msec
service password-encryption

! logging host 171.89.61.4
logging trap debugging
interface GigabitEthernet5/15
 description DMZ Interface
 ip address 134.132.85.96 255.255.255.0
 no shutdown
!
interface Management0
 description DMZ Interface
 ip address 188.60.15.86 255.255.255.252
!
interface GigabitEthernet8/22
 description Uplink Interface
 ip address 161.39.254.117 255.255.252.0
 no shutdown
!",cisco,0,synthetic_v2,non_compliant_cis_2.1,hard
CIS-2.1,Remote syslog servers must be configured for audit trail retention,Verify cis-2.1 compliance,"! SW-10-ACCESS-17,76-CORE-29 Configuration
! Generated: 2024-01-17
!
hostname SW-10-ACCESS-17,76-CORE-29
version 15.7
service timestamps debug datetime msec
service timestamps log datetime msec
service password-encryption

! logging host 175.227.4.3
logging trap debugging
interface Management0
 description Management Interface
 ip address 178.67.244.19 255.255.255.0
 no shutdown
!
router ospf 1
 network 52.16.160/24 area 0
!",cisco,0,synthetic_v2,non_compliant_cis_2.1,medium
CIS-4.1,Zone-based firewall policies must separate network segments,Verify cis-4.1 compliance,"<!-- 88-FORTIGATE-57,29-EDGE-71 Configuration -->
<!-- Date: 2024-01-14 -->

<device-config>
  <system>
    <hostname>88-FORTIGATE-57,29-EDGE-71</hostname>
    <domain>example.com</domain>
  </system>
  <network>
    <zone>
      <!-- <entry name='untrusted'> -->
    </zone>
  </network>
</device-config>",paloalto,0,synthetic_v2,non_compliant_cis_4.1,medium
CIS-1.1,No default credential accounts should remain on network devices,Verify cis-1.1 compliance,"# 20-FIREWALL-10,61-SWITCH-34 Configuration
# Date: 2024-01-11

system {
    host-name 20-FIREWALL-10,61-SWITCH-34;
    domain-name example.corp.net;
    login {
        user test {
            uid 1709;
            class super-user;
            authentication {
                encrypted-password ""$1$7512$hashvalue"";
            }
        }
    }
}",juniper,0,synthetic_v2,non_compliant_cis_1.1,hard
CIS-1.2,Authentication credentials must not be stored in readable form,Verify cis-1.2 compliance,"# 32-FIREWALL-5,74-SWITCH-90 Configuration
# Date: 2024-01-04

system {
    host-name 32-FIREWALL-5,74-SWITCH-90;
    domain-name example.corp.net;
    root-authentication {
        encrypted-password ""$1$4125$hashvalue"";
    }
}",juniper,1,synthetic_v2,compliant_cis_1.2,easy
CIS-1.2,Authentication credentials must not be stored in readable form,Verify cis-1.2 compliance,"! RTR-44,92,11-CORE-65 Configuration
! Generated: 2024-01-21
!
hostname RTR-44,92,11-CORE-65
version 15.7
service timestamps debug datetime msec
service timestamps log datetime msec
service password-encryption

username netadmin privilege 15 secret 5 $1$secure123$hashvalue
enable secret 5 $1$enablehash$enablevalue",cisco,1,synthetic_v2,compliant_cis_1.2,medium
CIS-2.1,Security-relevant events must be logged to external syslog infrastructure,Verify cis-2.1 compliance,"# 61-FIREWALL-74,31-SWITCH-61 Configuration
# Date: 2024-01-10

system {
    host-name 61-FIREWALL-74,31-SWITCH-61;
    domain-name example.corp.net;
    syslog {
        #host 21.202.17.129 {
            any any;
        }
    }
}",juniper,0,synthetic_v2,non_compliant_cis_2.1,hard
CIS-1.1,Administrative accounts must not use vendor-default credentials,Verify cis-1.1 compliance,"<!-- 29-FORTIGATE-14,45-EDGE-72 Configuration -->
<!-- Date: 2024-01-12 -->

<device-config>
  <system>
    <hostname>29-FORTIGATE-14,45-EDGE-72</hostname>
    <domain>example.com</domain>
  </system>
  <mgt-config>
    <users>
      <entry name=""admin"">
        <password-hash>$1$5564$hashvalue</password-hash>
      </entry>
    </users>
  </mgt-config>
</device-config>",paloalto,0,synthetic_v2,non_compliant_cis_1.1,hard
CIS-1.2,Authentication credentials must not be stored in readable form,Verify cis-1.2 compliance,"# 72-SRX-42,85-MX-62,68-EX-49 Configuration
# Date: 2024-01-11

system {
    host-name 72-SRX-42,85-MX-62,68-EX-49;
    domain-name example.corp.net;
    root-authentication {
        encrypted-password ""$1$3837$hashvalue"";
    }
}",juniper,1,synthetic_v2,compliant_cis_1.2,medium
CIS-2.1,Remote syslog servers must be configured for audit trail retention,Verify cis-2.1 compliance,"<!-- 26-SECURITY-94,48-PERIMETER-2 Configuration -->
<!-- Date: 2024-01-11 -->

<device-config>
  <system>
    <hostname>26-SECURITY-94,48-PERIMETER-2</hostname>
    <domain>example.com</domain>
  </system>
  <log-settings>
    <syslog>
      <!-- <entry name=""primary""> -->
    </syslog>
  </log-settings>
</device-config>",paloalto,0,synthetic_v2,non_compliant_cis_2.1,hard
CIS-1.1,Administrative accounts must not use vendor-default credentials,Verify cis-1.1 compliance,"<!-- 83-SECURITY-6,40-PERIMETER-57 Configuration -->
<!-- Date: 2024-01-02 -->

<device-config>
  <system>
    <hostname>83-SECURITY-6,40-PERIMETER-57</hostname>
    <domain>example.com</domain>
  </system>
  <mgt-config>
    <users>
      <entry name=""security_team"">
        <password-hash>$1$6977$hashvalue</password-hash>
      </entry>
    </users>
  </mgt-config>
</device-config>",paloalto,1,synthetic_v2,compliant_cis_1.1,hard
CIS-3.1,SNMPv3 with custom community names must be implemented,Verify cis-3.1 compliance,"# 87-Junos-89,24-ROUTER-41 Configuration
# Date: 2024-01-18

system {
    host-name 87-Junos-89,24-ROUTER-41;
    domain-name example.corp.net;
    snmp {
        community corp-monitor {
            authorization read-write;
        }
    }
}",juniper,1,synthetic_v2,compliant_cis_3.1,hard
CIS-1.1,No default credential accounts should remain on network devices,Verify cis-1.1 compliance,"# 90-SRX-31,74-MX-50,30-EX-53 Configuration
# Date: 2024-01-02

system {
    host-name 90-SRX-31,74-MX-50,30-EX-53;
    domain-name example.corp.net;
    login {
        user cisco {
            uid 1762;
            class super-user;
            authentication {
                encrypted-password ""$1$8749$hashvalue"";
            }
        }
    }
}",juniper,0,synthetic_v2,non_compliant_cis_1.1,hard
CIS-3.1,SNMPv3 with custom community names must be implemented,Verify cis-3.1 compliance,"# 35-Junos-13,33-ROUTER-84 Configuration
# Date: 2024-01-19

system {
    host-name 35-Junos-13,33-ROUTER-84;
    domain-name example.corp.net;
    snmp {
        community switch-admin {
            authorization read-write;
        }
    }
}",juniper,1,synthetic_v2,compliant_cis_3.1,medium
CIS-1.2,Authentication credentials must not be stored in readable form,Verify cis-1.2 compliance,"# 45-Junos-99,19-ROUTER-38 Configuration
# Date: 2024-01-02

system {
    host-name 45-Junos-99,19-ROUTER-38;
    domain-name example.corp.net;
    root-authentication {
        encrypted-password ""$1$5712$hashvalue"";
    }
}",juniper,1,synthetic_v2,compliant_cis_1.2,hard
CIS-2.1,Remote syslog servers must be configured for audit trail retention,Verify cis-2.1 compliance,"<!-- 82-FORTIGATE-42,36-EDGE-34 Configuration -->
<!-- Date: 2024-01-21 -->

<device-config>
  <system>
    <hostname>82-FORTIGATE-42,36-EDGE-34</hostname>
    <domain>example.com</domain>
  </system>
  <log-settings>
    <syslog>
      <entry name=""primary"">
        <server>
          <entry name=""syslog-92"">
            <ip-address>244.152.96.39</ip-address>
          </entry>
        </server>
      </entry>
    </syslog>
  </log-settings>
</device-config>",paloalto,1,synthetic_v2,compliant_cis_2.1,hard
CIS-2.1,Security-relevant events must be logged to external syslog infrastructure,Verify cis-2.1 compliance,"# 55-FIREWALL-23,46-SWITCH-28 Configuration
# Date: 2024-01-06

system {
    host-name 55-FIREWALL-23,46-SWITCH-28;
    domain-name example.corp.net;
    syslog {
        host 71.143.228.227 {
            any any;
        }
    }
}",juniper,1,synthetic_v2,compliant_cis_2.1,easy
CIS-2.2,NTP servers must be configured for accurate timestamp recording,Verify cis-2.2 compliance,"! RTR-87,1,81-CORE-94 Configuration
! Generated: 2024-01-08
!
hostname RTR-87,1,81-CORE-94
version 15.7
service timestamps debug datetime msec
service timestamps log datetime msec
service password-encryption

ntp server 58.176.159.34
interface TenGigabitEthernet2/1
 description DMZ Interface
 ip address 243.148.233.187 255.255.252.0
 no shutdown
!
interface FastEthernet13/21
 description LAN Interface
 ip address 88.250.183.193 255.255.255.0
!
router ospf 1
 network 172.20.9/24 area 0
!",cisco,1,synthetic_v2,compliant_cis_2.2,easy
CIS-1.2,Authentication credentials must not be stored in readable form,Verify cis-1.2 compliance,"! SW-44-ACCESS-72,47-CORE-97 Configuration
! Generated: 2024-01-05
!
hostname SW-44-ACCESS-72,47-CORE-97
version 15.7
service timestamps debug datetime msec
service timestamps log datetime msec
service password-encryption

username operator privilege 1 password 0 cleartext123
enable password 0 weakenable
router ospf 1
 network 192.168.20/24 area 0
!",cisco,0,synthetic_v2,non_compliant_cis_1.2,easy
CIS-1.1,Administrative accounts must not use vendor-default credentials,Verify cis-1.1 compliance,"! RTR-96,72,69-CORE-34 Configuration
! Generated: 2024-01-24
!
hostname RTR-96,72,69-CORE-34
version 15.7
service timestamps debug datetime msec
service timestamps log datetime msec
service password-encryption

username security_team privilege 5 secret 5 $1$7543$hashvalue
interface Loopback15
 description WAN Interface
 ip address 194.24.56.40 255.255.252.0
!
router ospf 1
 network 197.16.195/24 area 0
!",cisco,1,synthetic_v2,compliant_cis_1.1,hard
CIS-4.1,Zone-based firewall policies must separate network segments,Verify cis-4.1 compliance,"<!-- 78-SECURITY-52,63-PERIMETER-66 Configuration -->
<!-- Date: 2024-01-09 -->

<device-config>
  <system>
    <hostname>78-SECURITY-52,63-PERIMETER-66</hostname>
    <domain>example.com</domain>
  </system>
  <network>
    <zone>
      <!-- <entry name='untrusted'> -->
    </zone>
  </network>
</device-config>",paloalto,0,synthetic_v2,non_compliant_cis_4.1,easy
CIS-1.2,Authentication credentials must not be stored in readable form,Verify cis-1.2 compliance,"# 44-FIREWALL-70,46-SWITCH-87 Configuration
# Date: 2024-01-25

system {
    host-name 44-FIREWALL-70,46-SWITCH-87;
    domain-name example.corp.net;
    root-authentication {
        encrypted-password ""$1$5331$hashvalue"";
    }
}",juniper,1,synthetic_v2,compliant_cis_1.2,hard
CIS-1.2,Secure password hashing must be used for all user accounts,Verify cis-1.2 compliance,"<!-- 39-FORTIGATE-2,28-EDGE-25 Configuration -->
<!-- Date: 2024-01-24 -->

<device-config>
  <system>
    <hostname>39-FORTIGATE-2,28-EDGE-25</hostname>
    <domain>example.com</domain>
  </system>
  <mgt-config>
    <users>
      <entry name=""admin"">
        <password>plaintext123</password>
      </entry>
    </users>
  </mgt-config>
</device-config>",paloalto,0,synthetic_v2,non_compliant_cis_1.2,easy
CIS-2.2,NTP servers must be configured for accurate timestamp recording,Verify cis-2.2 compliance,"# 76-FIREWALL-67,58-SWITCH-53 Configuration
# Date: 2024-01-06

system {
    host-name 76-FIREWALL-67,58-SWITCH-53;
    domain-name example.corp.net;
    ntp {
        server 48.11.64.187;
    }
}",juniper,1,synthetic_v2,compliant_cis_2.2,medium
CIS-2.1,Remote syslog servers must be configured for audit trail retention,Verify cis-2.1 compliance,"! SW-33-ACCESS-32,93-CORE-81 Configuration
! Generated: 2024-01-16
!
hostname SW-33-ACCESS-32,93-CORE-81
version 15.7
service timestamps debug datetime msec
service timestamps log datetime msec
service password-encryption

logging host 153.100.234.28
logging trap informational",cisco,1,synthetic_v2,compliant_cis_2.1,medium
CIS-3.1,SNMPv3 with custom community names must be implemented,Verify cis-3.1 compliance,"# 18-SRX-5,25-MX-4,93-EX-76 Configuration
# Date: 2024-01-08

system {
    host-name 18-SRX-5,25-MX-4,93-EX-76;
    domain-name example.corp.net;
    snmp {
        community test {
            authorization read-only;
        }
    }
}",juniper,0,synthetic_v2,non_compliant_cis_3.1,medium
CIS-2.1,Remote syslog servers must be configured for audit trail retention,Verify cis-2.1 compliance,"! ASA-78,66-FW-25-DMZ-96 Configuration
! Generated: 2024-01-13
!
hostname ASA-78,66-FW-25-DMZ-96
version 15.7
service timestamps debug datetime msec
service timestamps log datetime msec
service password-encryption

! logging host 76.27.122.127
logging trap debugging
interface Vlan20
 description Uplink Interface
 ip address 19.6.184.240 255.255.255.252
!
router ospf 1
 network 172.20.187/24 area 0
!",cisco,0,synthetic_v2,non_compliant_cis_2.1,medium
CIS-2.2,Time synchronization with trusted NTP infrastructure is required,Verify cis-2.2 compliance,"<!-- 79-PAFW-35,68-PAN-6,94-CORP-10 Configuration -->
<!-- Date: 2024-01-27 -->

<device-config>
  <system>
    <hostname>79-PAFW-35,68-PAN-6,94-CORP-10</hostname>
    <domain>example.com</domain>
    <ntp-servers>
      <primary>78.39.110.246</primary>
      <secondary>26.118.197.49</secondary>
    </ntp-servers>
</device-config>",paloalto,1,synthetic_v2,compliant_cis_2.2,easy
CIS-2.1,Remote syslog servers must be configured for audit trail retention,Verify cis-2.1 compliance,"<!-- 58-PAFW-36,27-PAN-98,22-CORP-74 Configuration -->
<!-- Date: 2024-01-25 -->

<device-config>
  <system>
    <hostname>58-PAFW-36,27-PAN-98,22-CORP-74</hostname>
    <domain>example.com</domain>
  </system>
  <log-settings>
    <syslog>
      <!-- <entry name=""primary""> -->
    </syslog>
  </log-settings>
</device-config>",paloalto,0,synthetic_v2,non_compliant_cis_2.1,easy
CIS-2.2,NTP servers must be configured for accurate timestamp recording,Verify cis-2.2 compliance,"! ASA-8,26-FW-35-DMZ-97 Configuration
! Generated: 2024-01-26
!
hostname ASA-8,26-FW-35-DMZ-97
version 15.7
service timestamps debug datetime msec
service timestamps log datetime msec
service password-encryption

ntp server 42.146.128.38
ntp server 177.151.104.193
interface Management0
 description Management Interface
 ip address 27.114.199.61 255.255.252.0
 no shutdown
!
interface Management0
 description DMZ Interface
 ip address 178.24.195.100 255.255.255.252
 no shutdown
!
router ospf 1
 network 172.16.27/24 area 0
!",cisco,1,synthetic_v2,compliant_cis_2.2,hard
CIS-1.1,Administrative accounts must not use vendor-default credentials,Verify cis-1.1 compliance,"! ASA-44,27-FW-88-DMZ-82 Configuration
! Generated: 2024-01-28
!
hostname ASA-44,27-FW-88-DMZ-82
version 15.7
service timestamps debug datetime msec
service timestamps log datetime msec
service password-encryption

username cloud_admin privilege 15 secret 5 $1$9004$hashvalue
interface GigabitEthernet20/13
 description DMZ Interface
 ip address 12.1.170.198 255.255.255.0
 no shutdown
!",cisco,1,synthetic_v2,compliant_cis_1.1,hard
CIS-1.1,No default credential accounts should remain on network devices,Verify cis-1.1 compliance,"# 64-FIREWALL-37,85-SWITCH-52 Configuration
# Date: 2024-01-27

system {
    host-name 64-FIREWALL-37,85-SWITCH-52;
    domain-name example.corp.net;
    login {
        user infra_ops {
            uid 4404;
            class network-admin;
            authentication {
                encrypted-password ""$1$2442$hashvalue"";
            }
        }
    }
}",juniper,1,synthetic_v2,compliant_cis_1.1,medium
CIS-4.1,Zone-based firewall policies must separate network segments,Verify cis-4.1 compliance,"<!-- 42-SECURITY-41,88-PERIMETER-39 Configuration -->
<!-- Date: 2024-01-09 -->

<device-config>
  <system>
    <hostname>42-SECURITY-41,88-PERIMETER-39</hostname>
    <domain>example.com</domain>
  </system>
  <network>
    <zone>
      <entry name=""dmz"">
        <network>
          <member>ethernet17/18</member>
        </network>
      </entry>
    </zone>
  </network>
</device-config>",paloalto,1,synthetic_v2,compliant_cis_4.1,medium
CIS-1.2,Secure password hashing must be used for all user accounts,Verify cis-1.2 compliance,"<!-- 29-SECURITY-1,97-PERIMETER-3 Configuration -->
<!-- Date: 2024-01-10 -->

<device-config>
  <system>
    <hostname>29-SECURITY-1,97-PERIMETER-3</hostname>
    <domain>example.com</domain>
  </system>
  <mgt-config>
    <users>
      <entry name=""admin"">
        <password-hash>$1$8585$encryptedhash</password-hash>
      </entry>
    </users>
  </mgt-config>
</device-config>",paloalto,1,synthetic_v2,compliant_cis_1.2,hard
CIS-1.2,Authentication credentials must not be stored in readable form,Verify cis-1.2 compliance,"! RTR-39,16,7-CORE-31 Configuration
! Generated: 2024-01-14
!
hostname RTR-39,16,7-CORE-31
version 15.7
service timestamps debug datetime msec
service timestamps log datetime msec
service password-encryption

username netadmin privilege 15 secret 5 $1$secure123$hashvalue
enable secret 5 $1$enablehash$enablevalue
interface Vlan2
 description WAN Interface
 ip address 215.255.8.162 255.255.252.0
 no shutdown
!
interface Port-channel4
 description DMZ Interface
 ip address 110.0.180.62 255.255.252.0
 no shutdown
!
interface Port-channel21
 description WAN Interface
 ip address 135.184.34.245 255.255.252.0
 no shutdown
!
router ospf 1
 network 192.168.10/24 area 0
!",cisco,1,synthetic_v2,compliant_cis_1.2,medium
CIS-1.1,Administrative accounts must not use vendor-default credentials,Verify cis-1.1 compliance,"! ASA-20,91-FW-28-DMZ-9 Configuration
! Generated: 2024-01-14
!
hostname ASA-20,91-FW-28-DMZ-9
version 15.7
service timestamps debug datetime msec
service timestamps log datetime msec
service password-encryption

username guest privilege 15 secret 5 $1$6421$hashvalue
interface Management0
 description Management Interface
 ip address 100.10.194.123 255.255.255.0
 no shutdown
!",cisco,0,synthetic_v2,non_compliant_cis_1.1,medium
CIS-2.2,NTP servers must be configured for accurate timestamp recording,Verify cis-2.2 compliance,"# 56-FIREWALL-51,32-SWITCH-21 Configuration
# Date: 2024-01-23

system {
    host-name 56-FIREWALL-51,32-SWITCH-21;
    domain-name example.corp.net;
    ntp {
        #server 189.199.193.57;
    }
}",juniper,0,synthetic_v2,non_compliant_cis_2.2,medium
CIS-2.1,Remote syslog servers must be configured for audit trail retention,Verify cis-2.1 compliance,"! SW-18-ACCESS-49,97-CORE-18 Configuration
! Generated: 2024-01-21
!
hostname SW-18-ACCESS-49,97-CORE-18
version 15.7
service timestamps debug datetime msec
service timestamps log datetime msec
service password-encryption

! logging host 174.73.35.136
logging trap debugging
interface Port-channel5
 description Management Interface
 ip address 90.109.77.236 255.255.255.252
 no shutdown
!
interface Vlan6
 description WAN Interface
 ip address 230.51.71.193 255.255.255.0
 no shutdown
!
interface Vlan11
 description Management Interface
 ip address 81.71.126.71 255.255.252.0
!
router ospf 1
 network 13.64.154/24 area 0
!",cisco,0,synthetic_v2,non_compliant_cis_2.1,easy
CIS-1.2,Authentication credentials must not be stored in readable form,Verify cis-1.2 compliance,"# 95-FIREWALL-93,5-SWITCH-23 Configuration
# Date: 2024-01-14

system {
    host-name 95-FIREWALL-93,5-SWITCH-23;
    domain-name example.corp.net;
    root-authentication {
        password ""admin123"";
    }
}",juniper,0,synthetic_v2,non_compliant_cis_1.2,easy
CIS-3.1,SNMP configuration must avoid well-known community names,Verify cis-3.1 compliance,"<!-- 23-FORTIGATE-50,48-EDGE-18 Configuration -->
<!-- Date: 2024-01-15 -->

<device-config>
  <system>
    <hostname>23-FORTIGATE-50,48-EDGE-18</hostname>
    <domain>example.com</domain>
  </system>
  <snmp>
    <community>
      <entry name=""cloud-monitor"">
        <version>v3</version>
      </entry>
    </community>
  </snmp>
</device-config>",paloalto,1,synthetic_v2,compliant_cis_3.1,easy
CIS-2.1,Remote syslog servers must be configured for audit trail retention,Verify cis-2.1 compliance,"<!-- 48-SECURITY-72,83-PERIMETER-77 Configuration -->
<!-- Date: 2024-01-20 -->

<device-config>
  <system>
    <hostname>48-SECURITY-72,83-PERIMETER-77</hostname>
    <domain>example.com</domain>
  </system>
  <log-settings>
    <syslog>
      <entry name=""primary"">
        <server>
          <entry name=""syslog-37"">
            <ip-address>77.55.246.17</ip-address>
          </entry>
        </server>
      </entry>
    </syslog>
  </log-settings>
</device-config>",paloalto,1,synthetic_v2,compliant_cis_2.1,medium
CIS-1.2,Secure password hashing must be used for all user accounts,Verify cis-1.2 compliance,"<!-- 65-SECURITY-26,74-PERIMETER-69 Configuration -->
<!-- Date: 2024-01-05 -->

<device-config>
  <system>
    <hostname>65-SECURITY-26,74-PERIMETER-69</hostname>
    <domain>example.com</domain>
  </system>
  <mgt-config>
    <users>
      <entry name=""admin"">
        <password-hash>$1$3695$encryptedhash</password-hash>
      </entry>
    </users>
  </mgt-config>
</device-config>",paloalto,1,synthetic_v2,compliant_cis_1.2,medium
CIS-1.1,Administrative accounts must not use vendor-default credentials,Verify cis-1.1 compliance,"! RTR-93,93,34-CORE-65 Configuration
! Generated: 2024-01-25
!
hostname RTR-93,93,34-CORE-65
version 15.7
service timestamps debug datetime msec
service timestamps log datetime msec
service password-encryption

username noc_analyst privilege 15 secret 5 $1$2743$hashvalue
username platform_eng privilege 1 secret 5 $1$9317$hashvalue2
interface FastEthernet24/5
 description Uplink Interface
 ip address 245.0.165.126 255.255.255.0
!",cisco,1,synthetic_v2,compliant_cis_1.1,medium
CIS-3.1,SNMPv3 with custom community names must be implemented,Verify cis-3.1 compliance,"# 34-FIREWALL-14,5-SWITCH-10 Configuration
# Date: 2024-01-03

system {
    host-name 34-FIREWALL-14,5-SWITCH-10;
    domain-name example.corp.net;
    snmp {
        community infrastructure {
            authorization read-write;
        }
    }
}",juniper,1,synthetic_v2,compliant_cis_3.1,hard
CIS-2.2,NTP servers must be configured for accurate timestamp recording,Verify cis-2.2 compliance,"# 42-Junos-21,81-ROUTER-94 Configuration
# Date: 2024-01-02

system {
    host-name 42-Junos-21,81-ROUTER-94;
    domain-name example.corp.net;
    ntp {
        #server 191.62.129.124;
    }
}",juniper,0,synthetic_v2,non_compliant_cis_2.2,hard
CIS-1.1,Administrative accounts must not use vendor-default credentials,Verify cis-1.1 compliance,"<!-- 37-PAFW-77,40-PAN-46,14-CORP-74 Configuration -->
<!-- Date: 2024-01-17 -->

<device-config>
  <system>
    <hostname>37-PAFW-77,40-PAN-46,14-CORP-74</hostname>
    <domain>example.com</domain>
  </system>
  <mgt-config>
    <users>
      <entry name=""root"">
        <password-hash>$1$3535$hashvalue</password-hash>
      </entry>
    </users>
  </mgt-config>
</device-config>",paloalto,0,synthetic_v2,non_compliant_cis_1.1,hard
CIS-1.1,Administrative accounts must not use vendor-default credentials,Verify cis-1.1 compliance,"<!-- 1-FORTIGATE-24,19-EDGE-73 Configuration -->
<!-- Date: 2024-01-22 -->

<device-config>
  <system>
    <hostname>1-FORTIGATE-24,19-EDGE-73</hostname>
    <domain>example.com</domain>
  </system>
  <mgt-config>
    <users>
      <entry name=""guest"">
        <password-hash>$1$2140$hashvalue</password-hash>
      </entry>
    </users>
  </mgt-config>
</device-config>",paloalto,0,synthetic_v2,non_compliant_cis_1.1,easy
CIS-2.1,Security-relevant events must be logged to external syslog infrastructure,Verify cis-2.1 compliance,"# 77-FIREWALL-62,26-SWITCH-13 Configuration
# Date: 2024-01-01

system {
    host-name 77-FIREWALL-62,26-SWITCH-13;
    domain-name example.corp.net;
    syslog {
        #host 53.87.149.251 {
            any any;
        }
    }
}",juniper,0,synthetic_v2,non_compliant_cis_2.1,easy
CIS-1.1,Administrative accounts must not use vendor-default credentials,Verify cis-1.1 compliance,"<!-- 11-PAFW-12,56-PAN-13,96-CORP-95 Configuration -->
<!-- Date: 2024-01-12 -->

<device-config>
  <system>
    <hostname>11-PAFW-12,56-PAN-13,96-CORP-95</hostname>
    <domain>example.com</domain>
  </system>
  <mgt-config>
    <users>
      <entry name=""manager"">
        <password-hash>$1$3131$hashvalue</password-hash>
      </entry>
    </users>
  </mgt-config>
</device-config>",paloalto,0,synthetic_v2,non_compliant_cis_1.1,hard
CIS-1.2,Authentication credentials must not be stored in readable form,Verify cis-1.2 compliance,"! ASA-11,51-FW-40-DMZ-96 Configuration
! Generated: 2024-01-11
!
hostname ASA-11,51-FW-40-DMZ-96
version 15.7
service timestamps debug datetime msec
service timestamps log datetime msec
service password-encryption

username netadmin privilege 15 secret 5 $1$secure123$hashvalue
enable secret 5 $1$enablehash$enablevalue
router ospf 1
 network 58.16.99/24 area 0
!",cisco,1,synthetic_v2,compliant_cis_1.2,medium
CIS-2.1,Remote syslog servers must be configured for audit trail retention,Verify cis-2.1 compliance,"! SW-30-ACCESS-49,73-CORE-32 Configuration
! Generated: 2024-01-16
!
hostname SW-30-ACCESS-49,73-CORE-32
version 15.7
service timestamps debug datetime msec
service timestamps log datetime msec
service password-encryption

logging host 141.172.131.196
logging trap informational
interface Port-channel23
 description Management Interface
 ip address 118.86.180.44 255.255.255.0
 no shutdown
!
interface Vlan5
 description Uplink Interface
 ip address 254.30.17.215 255.255.255.0
 no shutdown
!
interface Port-channel1
 description WAN Interface
 ip address 106.70.118.18 255.255.252.0
!",cisco,1,synthetic_v2,compliant_cis_2.1,medium
CIS-3.1,SNMP configuration must avoid well-known community names,Verify cis-3.1 compliance,"<!-- 30-FORTIGATE-13,31-EDGE-95 Configuration -->
<!-- Date: 2024-01-14 -->

<device-config>
  <system>
    <hostname>30-FORTIGATE-13,31-EDGE-95</hostname>
    <domain>example.com</domain>
  </system>
  <snmp>
    <community>
      <entry name=""datacenter"">
        <version>v3</version>
      </entry>
    </community>
  </snmp>
</device-config>",paloalto,1,synthetic_v2,compliant_cis_3.1,medium
CIS-1.1,Administrative accounts must not use vendor-default credentials,Verify cis-1.1 compliance,"<!-- 12-FORTIGATE-51,2-EDGE-34 Configuration -->
<!-- Date: 2024-01-18 -->

<device-config>
  <system>
    <hostname>12-FORTIGATE-51,2-EDGE-34</hostname>
    <domain>example.com</domain>
  </system>
  <mgt-config>
    <users>
      <entry name=""network_engineer"">
        <password-hash>$1$8451$hashvalue</password-hash>
      </entry>
    </users>
  </mgt-config>
</device-config>",paloalto,1,synthetic_v2,compliant_cis_1.1,medium
CIS-2.1,Remote syslog servers must be configured for audit trail retention,Verify cis-2.1 compliance,"<!-- 26-PAFW-44,53-PAN-73,59-CORP-19 Configuration -->
<!-- Date: 2024-01-11 -->

<device-config>
  <system>
    <hostname>26-PAFW-44,53-PAN-73,59-CORP-19</hostname>
    <domain>example.com</domain>
  </system>
  <log-settings>
    <syslog>
      <!-- <entry name=""primary""> -->
    </syslog>
  </log-settings>
</device-config>",paloalto,0,synthetic_v2,non_compliant_cis_2.1,hard
CIS-1.2,Authentication credentials must not be stored in readable form,Verify cis-1.2 compliance,"# 72-Junos-90,35-ROUTER-18 Configuration
# Date: 2024-01-04

system {
    host-name 72-Junos-90,35-ROUTER-18;
    domain-name example.corp.net;
    root-authentication {
        encrypted-password ""$1$4920$hashvalue"";
    }
}",juniper,1,synthetic_v2,compliant_cis_1.2,easy
CIS-3.1,SNMP configuration must avoid well-known community names,Verify cis-3.1 compliance,"<!-- 22-FORTIGATE-98,44-EDGE-29 Configuration -->
<!-- Date: 2024-01-10 -->

<device-config>
  <system>
    <hostname>22-FORTIGATE-98,44-EDGE-29</hostname>
    <domain>example.com</domain>
  </system>
  <snmp>
    <community>
      <entry name=""default"">
        <version>v2c</version>
      </entry>
    </community>
  </snmp>
</device-config>",paloalto,0,synthetic_v2,non_compliant_cis_3.1,easy
CIS-1.1,No default credential accounts should remain on network devices,Verify cis-1.1 compliance,"# 42-Junos-15,99-ROUTER-52 Configuration
# Date: 2024-01-28

system {
    host-name 42-Junos-15,99-ROUTER-52;
    domain-name example.corp.net;
    login {
        user netops {
            uid 56062;
            class super-user;
            authentication {
                encrypted-password ""$1$9889$hashvalue"";
            }
        }
    }
}",juniper,1,synthetic_v2,compliant_cis_1.1,medium
CIS-2.1,Security-relevant events must be logged to external syslog infrastructure,Verify cis-2.1 compliance,"# 6-SRX-60,7-MX-22,74-EX-56 Configuration
# Date: 2024-01-27

system {
    host-name 6-SRX-60,7-MX-22,74-EX-56;
    domain-name example.corp.net;
    syslog {
        host 186.202.254.8 {
            any any;
        }
    }
}",juniper,1,synthetic_v2,compliant_cis_2.1,medium
CIS-3.1,Default SNMP community strings like public or private are prohibited,Verify cis-3.1 compliance,"! SW-72-ACCESS-82,28-CORE-2 Configuration
! Generated: 2024-01-21
!
hostname SW-72-ACCESS-82,28-CORE-2
version 15.7
service timestamps debug datetime msec
service timestamps log datetime msec
service password-encryption

snmp-server community datacenter RO
interface Management0
 description WAN Interface
 ip address 79.153.165.197 255.255.255.0
!
interface FastEthernet10/12
 description Uplink Interface
 ip address 158.14.89.50 255.255.255.252
 no shutdown
!
router ospf 1
 network 172.24.242/24 area 0
!",cisco,1,synthetic_v2,compliant_cis_3.1,hard
CIS-4.1,Zone-based firewall policies must separate network segments,Verify cis-4.1 compliance,"<!-- 18-SECURITY-4,13-PERIMETER-95 Configuration -->
<!-- Date: 2024-01-02 -->

<device-config>
  <system>
    <hostname>18-SECURITY-4,13-PERIMETER-95</hostname>
    <domain>example.com</domain>
  </system>
  <network>
    <zone>
      <!-- <entry name='untrusted'> -->
    </zone>
  </network>
</device-config>",paloalto,0,synthetic_v2,non_compliant_cis_4.1,easy
CIS-2.1,Remote syslog servers must be configured for audit trail retention,Verify cis-2.1 compliance,"<!-- 13-SECURITY-30,18-PERIMETER-39 Configuration -->
<!-- Date: 2024-01-24 -->

<device-config>
  <system>
    <hostname>13-SECURITY-30,18-PERIMETER-39</hostname>
    <domain>example.com</domain>
  </system>
  <log-settings>
    <syslog>
      <entry name=""primary"">
        <server>
          <entry name=""syslog-57"">
            <ip-address>199.164.137.187</ip-address>
          </entry>
        </server>
      </entry>
    </syslog>
  </log-settings>
</device-config>",paloalto,1,synthetic_v2,compliant_cis_2.1,medium
CIS-3.1,SNMPv3 with custom community names must be implemented,Verify cis-3.1 compliance,"# 10-SRX-36,8-MX-49,50-EX-43 Configuration
# Date: 2024-01-02

system {
    host-name 10-SRX-36,8-MX-49,50-EX-43;
    domain-name example.corp.net;
    snmp {
        community server-mgmt {
            authorization read-write;
        }
    }
}",juniper,1,synthetic_v2,compliant_cis_3.1,medium
CIS-2.2,Time synchronization with trusted NTP infrastructure is required,Verify cis-2.2 compliance,"<!-- 2-PAFW-27,84-PAN-63,11-CORP-60 Configuration -->
<!-- Date: 2024-01-26 -->

<device-config>
  <system>
    <hostname>2-PAFW-27,84-PAN-63,11-CORP-60</hostname>
    <domain>example.com</domain>
    <ntp-servers>
      <primary>164.31.184.143</primary>
      <secondary>228.212.188.204</secondary>
    </ntp-servers>
</device-config>",paloalto,1,synthetic_v2,compliant_cis_2.2,hard
CIS-3.1,Default SNMP community strings like public or private are prohibited,Verify cis-3.1 compliance,"! RTR-67,99,85-CORE-96 Configuration
! Generated: 2024-01-10
!
hostname RTR-67,99,85-CORE-96
version 15.7
service timestamps debug datetime msec
service timestamps log datetime msec
service password-encryption

snmp-server community public RO
interface Port-channel6
 description DMZ Interface
 ip address 52.98.146.71 255.255.252.0
 no shutdown
!
interface Vlan21
 description WAN Interface
 ip address 70.76.80.71 255.255.255.0
!
router ospf 1
 network 192.168.52/24 area 0
!",cisco,0,synthetic_v2,non_compliant_cis_3.1,hard
CIS-1.2,Secure password hashing must be used for all user accounts,Verify cis-1.2 compliance,"<!-- 51-PAFW-33,1-PAN-96,28-CORP-75 Configuration -->
<!-- Date: 2024-01-03 -->

<device-config>
  <system>
    <hostname>51-PAFW-33,1-PAN-96,28-CORP-75</hostname>
    <domain>example.com</domain>
  </system>
  <mgt-config>
    <users>
      <entry name=""admin"">
        <password-hash>$1$1742$encryptedhash</password-hash>
      </entry>
    </users>
  </mgt-config>
</device-config>",paloalto,1,synthetic_v2,compliant_cis_1.2,medium
CIS-3.1,Default SNMP community strings like public or private are prohibited,Verify cis-3.1 compliance,"! ASA-1,78-FW-64-DMZ-31 Configuration
! Generated: 2024-01-07
!
hostname ASA-1,78-FW-64-DMZ-31
version 15.7
service timestamps debug datetime msec
service timestamps log datetime msec
service password-encryption

snmp-server community infrastructure RO
interface Vlan14
 description WAN Interface
 ip address 154.3.125.226 255.255.252.0
!
interface Port-channel17
 description LAN Interface
 ip address 13.94.75.15 255.255.252.0
 no shutdown
!",cisco,1,synthetic_v2,compliant_cis_3.1,easy
CIS-4.1,Zone-based firewall policies must separate network segments,Verify cis-4.1 compliance,"<!-- 25-FORTIGATE-9,61-EDGE-87 Configuration -->
<!-- Date: 2024-01-12 -->

<device-config>
  <system>
    <hostname>25-FORTIGATE-9,61-EDGE-87</hostname>
    <domain>example.com</domain>
  </system>
  <network>
    <zone>
      <!-- <entry name='untrusted'> -->
    </zone>
  </network>
</device-config>",paloalto,0,synthetic_v2,non_compliant_cis_4.1,easy
CIS-3.1,Default SNMP community strings like public or private are prohibited,Verify cis-3.1 compliance,"! SW-71-ACCESS-41,35-CORE-19 Configuration
! Generated: 2024-01-23
!
hostname SW-71-ACCESS-41,35-CORE-19
version 15.7
service timestamps debug datetime msec
service timestamps log datetime msec
service password-encryption

snmp-server community community RO
interface GigabitEthernet9/19
 description DMZ Interface
 ip address 139.227.25.34 255.255.255.0
 no shutdown
!
router ospf 1
 network 196.16.27/24 area 0
!",cisco,0,synthetic_v2,non_compliant_cis_3.1,easy
CIS-1.2,Authentication credentials must not be stored in readable form,Verify cis-1.2 compliance,"# 21-Junos-52,88-ROUTER-65 Configuration
# Date: 2024-01-23

system {
    host-name 21-Junos-52,88-ROUTER-65;
    domain-name example.corp.net;
    root-authentication {
        password ""password"";
    }
}",juniper,0,synthetic_v2,non_compliant_cis_1.2,hard
CIS-3.1,Default SNMP community strings like public or private are prohibited,Verify cis-3.1 compliance,"! ASA-20,25-FW-44-DMZ-62 Configuration
! Generated: 2024-01-24
!
hostname ASA-20,25-FW-44-DMZ-62
version 15.7
service timestamps debug datetime msec
service timestamps log datetime msec
service password-encryption

snmp-server community default RO
interface TenGigabitEthernet24/3
 description Uplink Interface
 ip address 174.67.105.186 255.255.255.0
 no shutdown
!
interface Port-channel16
 description WAN Interface
 ip address 2.159.22.176 255.255.252.0
 no shutdown
!",cisco,0,synthetic_v2,non_compliant_cis_3.1,easy
CIS-1.2,Secure password hashing must be used for all user accounts,Verify cis-1.2 compliance,"<!-- 45-FORTIGATE-20,36-EDGE-25 Configuration -->
<!-- Date: 2024-01-24 -->

<device-config>
  <system>
    <hostname>45-FORTIGATE-20,36-EDGE-25</hostname>
    <domain>example.com</domain>
  </system>
  <mgt-config>
    <users>
      <entry name=""admin"">
        <password-hash>$1$2848$encryptedhash</password-hash>
      </entry>
    </users>
  </mgt-config>
</device-config>",paloalto,1,synthetic_v2,compliant_cis_1.2,easy
CIS-2.2,NTP servers must be configured for accurate timestamp recording,Verify cis-2.2 compliance,"# 79-Junos-44,47-ROUTER-24 Configuration
# Date: 2024-01-16

system {
    host-name 79-Junos-44,47-ROUTER-24;
    domain-name example.corp.net;
    ntp {
        server 109.107.214.180;
        server 94.205.143.116;
    }
}",juniper,1,synthetic_v2,compliant_cis_2.2,easy
CIS-1.1,No default credential accounts should remain on network devices,Verify cis-1.1 compliance,"# 76-Junos-39,82-ROUTER-55 Configuration
# Date: 2024-01-23

system {
    host-name 76-Junos-39,82-ROUTER-55;
    domain-name example.corp.net;
    login {
        user cisco {
            uid 1467;
            class super-user;
            authentication {
                encrypted-password ""$1$5949$hashvalue"";
            }
        }
    }
}",juniper,0,synthetic_v2,non_compliant_cis_1.1,easy
CIS-1.1,No default credential accounts should remain on network devices,Verify cis-1.1 compliance,"# 56-SRX-95,42-MX-78,33-EX-4 Configuration
# Date: 2024-01-03

system {
    host-name 56-SRX-95,42-MX-78,33-EX-4;
    domain-name example.corp.net;
    login {
        user devops {
            uid 46190;
            class super-user;
            authentication {
                encrypted-password ""$1$5415$hashvalue"";
            }
        }
    }
}",juniper,1,synthetic_v2,compliant_cis_1.1,hard
CIS-2.2,Time synchronization with trusted NTP infrastructure is required,Verify cis-2.2 compliance,"<!-- 74-SECURITY-26,72-PERIMETER-79 Configuration -->
<!-- Date: 2024-01-24 -->

<device-config>
  <system>
    <hostname>74-SECURITY-26,72-PERIMETER-79</hostname>
    <domain>example.com</domain>
    <ntp-servers>
      <!-- <primary>135.126.124.19</primary> -->
    </ntp-servers>
</device-config>",paloalto,0,synthetic_v2,non_compliant_cis_2.2,medium
CIS-2.2,NTP servers must be configured for accurate timestamp recording,Verify cis-2.2 compliance,"# 90-FIREWALL-30,41-SWITCH-53 Configuration
# Date: 2024-01-12

system {
    host-name 90-FIREWALL-30,41-SWITCH-53;
    domain-name example.corp.net;
    ntp {
        server 133.4.134.64;
    }
}",juniper,1,synthetic_v2,compliant_cis_2.2,medium
CIS-3.1,SNMP configuration must avoid well-known community names,Verify cis-3.1 compliance,"<!-- 74-FORTIGATE-96,75-EDGE-4 Configuration -->
<!-- Date: 2024-01-15 -->

<device-config>
  <system>
    <hostname>74-FORTIGATE-96,75-EDGE-4</hostname>
    <domain>example.com</domain>
  </system>
  <snmp>
    <community>
      <entry name=""test"">
        <version>v2c</version>
      </entry>
    </community>
  </snmp>
</device-config>",paloalto,0,synthetic_v2,non_compliant_cis_3.1,easy
CIS-1.1,Administrative accounts must not use vendor-default credentials,Verify cis-1.1 compliance,"<!-- 8-FORTIGATE-51,36-EDGE-25 Configuration -->
<!-- Date: 2024-01-04 -->

<device-config>
  <system>
    <hostname>8-FORTIGATE-51,36-EDGE-25</hostname>
    <domain>example.com</domain>
  </system>
  <mgt-config>
    <users>
      <entry name=""backup_admin"">
        <password-hash>$1$2501$hashvalue</password-hash>
      </entry>
    </users>
  </mgt-config>
</device-config>",paloalto,1,synthetic_v2,compliant_cis_1.1,hard
CIS-1.1,Administrative accounts must not use vendor-default credentials,Verify cis-1.1 compliance,"<!-- 13-SECURITY-63,79-PERIMETER-53 Configuration -->
<!-- Date: 2024-01-09 -->

<device-config>
  <system>
    <hostname>13-SECURITY-63,79-PERIMETER-53</hostname>
    <domain>example.com</domain>
  </system>
  <mgt-config>
    <users>
      <entry name=""ops_team"">
        <password-hash>$1$7070$hashvalue</password-hash>
      </entry>
    </users>
  </mgt-config>
</device-config>",paloalto,1,synthetic_v2,compliant_cis_1.1,easy
CIS-4.1,Proper network segmentation via security zones must be implemented,Verify cis-4.1 compliance,"# 95-Junos-83,3-ROUTER-38 Configuration
# Date: 2024-01-07

system {
    host-name 95-Junos-83,3-ROUTER-38;
    domain-name example.corp.net;
    security {
        zones {
            security-zone trust {
                interfaces {
                    ge-7/16;
                }
            }
        }
    }
}",juniper,1,synthetic_v2,compliant_cis_4.1,hard
CIS-4.1,Zone-based firewall policies must separate network segments,Verify cis-4.1 compliance,"<!-- 29-SECURITY-25,72-PERIMETER-79 Configuration -->
<!-- Date: 2024-01-23 -->

<device-config>
  <system>
    <hostname>29-SECURITY-25,72-PERIMETER-79</hostname>
    <domain>example.com</domain>
  </system>
  <network>
    <zone>
      <entry name=""internal"">
        <network>
          <member>ethernet13/14</member>
        </network>
      </entry>
    </zone>
  </network>
</device-config>",paloalto,1,synthetic_v2,compliant_cis_4.1,easy
CIS-3.1,SNMP configuration must avoid well-known community names,Verify cis-3.1 compliance,"<!-- 82-PAFW-35,67-PAN-58,53-CORP-31 Configuration -->
<!-- Date: 2024-01-06 -->

<device-config>
  <system>
    <hostname>82-PAFW-35,67-PAN-58,53-CORP-31</hostname>
    <domain>example.com</domain>
  </system>
  <snmp>
    <community>
      <entry name=""infrastructure"">
        <version>v3</version>
      </entry>
    </community>
  </snmp>
</device-config>",paloalto,1,synthetic_v2,compliant_cis_3.1,hard
CIS-1.1,Administrative accounts must not use vendor-default credentials,Verify cis-1.1 compliance,"! RTR-95,36,32-CORE-29 Configuration
! Generated: 2024-01-05
!
hostname RTR-95,36,32-CORE-29
version 15.7
service timestamps debug datetime msec
service timestamps log datetime msec
service password-encryption

username dev_team privilege 1 secret 5 $1$9935$hashvalue
interface GigabitEthernet6/7
 description Uplink Interface
 ip address 155.13.101.184 255.255.252.0
 no shutdown
!",cisco,1,synthetic_v2,compliant_cis_1.1,medium
CIS-3.1,SNMPv3 with custom community names must be implemented,Verify cis-3.1 compliance,"# 37-SRX-58,49-MX-87,41-EX-68 Configuration
# Date: 2024-01-22

system {
    host-name 37-SRX-58,49-MX-87,41-EX-68;
    domain-name example.corp.net;
    snmp {
        community corp-monitor {
            authorization read-write;
        }
    }
}",juniper,1,synthetic_v2,compliant_cis_3.1,easy
CIS-4.1,Proper network segmentation via security zones must be implemented,Verify cis-4.1 compliance,"# 58-FIREWALL-87,86-SWITCH-12 Configuration
# Date: 2024-01-17

system {
    host-name 58-FIREWALL-87,86-SWITCH-12;
    domain-name example.corp.net;
    security {
        zones {
            #security-zone untrusted {
                interfaces { }
            }
        }
    }
}",juniper,0,synthetic_v2,non_compliant_cis_4.1,medium
CIS-1.2,Secure password hashing must be used for all user accounts,Verify cis-1.2 compliance,"<!-- 48-PAFW-41,53-PAN-6,73-CORP-29 Configuration -->
<!-- Date: 2024-01-24 -->

<device-config>
  <system>
    <hostname>48-PAFW-41,53-PAN-6,73-CORP-29</hostname>
    <domain>example.com</domain>
  </system>
  <mgt-config>
    <users>
      <entry name=""admin"">
        <password>plaintext123</password>
      </entry>
    </users>
  </mgt-config>
</device-config>",paloalto,0,synthetic_v2,non_compliant_cis_1.2,easy
CIS-1.2,Authentication credentials must not be stored in readable form,Verify cis-1.2 compliance,"! RTR-20,10,38-CORE-13 Configuration
! Generated: 2024-01-17
!
hostname RTR-20,10,38-CORE-13
version 15.7
service timestamps debug datetime msec
service timestamps log datetime msec
service password-encryption

username netadmin privilege 15 secret 5 $1$secure123$hashvalue
enable secret 5 $1$enablehash$enablevalue
interface Loopback1
 description DMZ Interface
 ip address 225.67.192.40 255.255.255.0
!
interface Port-channel24
 description Uplink Interface
 ip address 208.84.224.12 255.255.255.252
 no shutdown
!
interface Port-channel7
 description Management Interface
 ip address 157.145.229.60 255.255.252.0
!
router ospf 1
 network 172.24.99/24 area 0
!",cisco,1,synthetic_v2,compliant_cis_1.2,hard
CIS-1.2,Authentication credentials must not be stored in readable form,Verify cis-1.2 compliance,"# 95-SRX-44,38-MX-73,87-EX-97 Configuration
# Date: 2024-01-07

system {
    host-name 95-SRX-44,38-MX-73,87-EX-97;
    domain-name example.corp.net;
    root-authentication {
        password ""admin123"";
    }
}",juniper,0,synthetic_v2,non_compliant_cis_1.2,hard
CIS-3.1,SNMPv3 with custom community names must be implemented,Verify cis-3.1 compliance,"# 78-SRX-17,49-MX-85,98-EX-83 Configuration
# Date: 2024-01-19

system {
    host-name 78-SRX-17,49-MX-85,98-EX-83;
    domain-name example.corp.net;
    snmp {
        community security-team {
            authorization read-write;
        }
    }
}",juniper,1,synthetic_v2,compliant_cis_3.1,easy
CIS-2.1,Remote syslog servers must be configured for audit trail retention,Verify cis-2.1 compliance,"! SW-26-ACCESS-59,15-CORE-34 Configuration
! Generated: 2024-01-22
!
hostname SW-26-ACCESS-59,15-CORE-34
version 15.7
service timestamps debug datetime msec
service timestamps log datetime msec
service password-encryption

logging host 221.250.160.153
logging trap informational
interface Loopback3
 description DMZ Interface
 ip address 91.234.88.209 255.255.252.0
 no shutdown
!
interface FastEthernet19/18
 description WAN Interface
 ip address 173.68.160.31 255.255.255.0
 no shutdown
!",cisco,1,synthetic_v2,compliant_cis_2.1,hard
CIS-1.2,Authentication credentials must not be stored in readable form,Verify cis-1.2 compliance,"# 97-Junos-35,43-ROUTER-39 Configuration
# Date: 2024-01-19

system {
    host-name 97-Junos-35,43-ROUTER-39;
    domain-name example.corp.net;
    root-authentication {
        password ""weakpass"";
    }
}",juniper,0,synthetic_v2,non_compliant_cis_1.2,hard
CIS-1.1,Administrative accounts must not use vendor-default credentials,Verify cis-1.1 compliance,"! SW-71-ACCESS-91,55-CORE-72 Configuration
! Generated: 2024-01-01
!
hostname SW-71-ACCESS-91,55-CORE-72
version 15.7
service timestamps debug datetime msec
service timestamps log datetime msec
service password-encryption

username network_engineer privilege 1 secret 5 $1$3442$hashvalue
username regional_admin privilege 1 secret 5 $1$3426$hashvalue2
interface FastEthernet11/1
 description DMZ Interface
 ip address 54.127.52.91 255.255.252.0
 no shutdown
!",cisco,1,synthetic_v2,compliant_cis_1.1,hard
CIS-1.2,Secure password hashing must be used for all user accounts,Verify cis-1.2 compliance,"<!-- 7-PAFW-35,49-PAN-87,78-CORP-78 Configuration -->
<!-- Date: 2024-01-02 -->

<device-config>
  <system>
    <hostname>7-PAFW-35,49-PAN-87,78-CORP-78</hostname>
    <domain>example.com</domain>
  </system>
  <mgt-config>
    <users>
      <entry name=""admin"">
        <password>plaintext123</password>
      </entry>
    </users>
  </mgt-config>
</device-config>",paloalto,0,synthetic_v2,non_compliant_cis_1.2,easy
CIS-1.1,Administrative accounts must not use vendor-default credentials,Verify cis-1.1 compliance,"! RTR-34,68,78-CORE-55 Configuration
! Generated: 2024-01-07
!
hostname RTR-34,68,78-CORE-55
version 15.7
service timestamps debug datetime msec
service timestamps log datetime msec
service password-encryption

username infra_ops privilege 15 secret 5 $1$4295$hashvalue
username security_admin privilege 1 secret 5 $1$7118$hashvalue2
interface Vlan3
 description LAN Interface
 ip address 58.32.173.6 255.255.252.0
 no shutdown
!
interface Loopback7
 description WAN Interface
 ip address 19.30.117.18 255.255.255.0
 no shutdown
!
interface GigabitEthernet16/7
 description DMZ Interface
 ip address 172.248.109.139 255.255.255.0
 no shutdown
!
router ospf 1
 network 172.24.124/24 area 0
!",cisco,1,synthetic_v2,compliant_cis_1.1,medium
CIS-3.1,Default SNMP community strings like public or private are prohibited,Verify cis-3.1 compliance,"! RTR-19,93,63-CORE-85 Configuration
! Generated: 2024-01-14
!
hostname RTR-19,93,63-CORE-85
version 15.7
service timestamps debug datetime msec
service timestamps log datetime msec
service password-encryption

snmp-server community private RO
router ospf 1
 network 172.20.233/24 area 0
!",cisco,0,synthetic_v2,non_compliant_cis_3.1,hard
CIS-1.2,Authentication credentials must not be stored in readable form,Verify cis-1.2 compliance,"! ASA-84,43-FW-19-DMZ-18 Configuration
! Generated: 2024-01-02
!
hostname ASA-84,43-FW-19-DMZ-18
version 15.7
service timestamps debug datetime msec
service timestamps log datetime msec
service password-encryption

username netadmin privilege 15 secret 5 $1$secure123$hashvalue
enable secret 5 $1$enablehash$enablevalue
router ospf 1
 network 240.32.229/24 area 0
!",cisco,1,synthetic_v2,compliant_cis_1.2,hard
CIS-1.1,Administrative accounts must not use vendor-default credentials,Verify cis-1.1 compliance,"<!-- 17-PAFW-70,33-PAN-23,15-CORP-85 Configuration -->
<!-- Date: 2024-01-28 -->

<device-config>
  <system>
    <hostname>17-PAFW-70,33-PAN-23,15-CORP-85</hostname>
    <domain>example.com</domain>
  </system>
  <mgt-config>
    <users>
      <entry name=""netadmin"">
        <password-hash>$1$3159$hashvalue</password-hash>
      </entry>
    </users>
  </mgt-config>
</device-config>",paloalto,1,synthetic_v2,compliant_cis_1.1,easy
CIS-2.1,Security-relevant events must be logged to external syslog infrastructure,Verify cis-2.1 compliance,"# 73-Junos-73,19-ROUTER-73 Configuration
# Date: 2024-01-07

system {
    host-name 73-Junos-73,19-ROUTER-73;
    domain-name example.corp.net;
    syslog {
        host 215.252.158.45 {
            any any;
        }
    }
}",juniper,1,synthetic_v2,compliant_cis_2.1,medium
CIS-2.2,NTP servers must be configured for accurate timestamp recording,Verify cis-2.2 compliance,"! RTR-61,21,69-CORE-29 Configuration
! Generated: 2024-01-05
!
hostname RTR-61,21,69-CORE-29
version 15.7
service timestamps debug datetime msec
service timestamps log datetime msec
service password-encryption

! ntp server 192.200.151.246
interface Port-channel23
 description DMZ Interface
 ip address 246.5.72.32 255.255.255.0
!
interface Loopback12
 description Uplink Interface
 ip address 141.43.156.54 255.255.252.0
 no shutdown
!
router ospf 1
 network 211.48.72/24 area 0
!",cisco,0,synthetic_v2,non_compliant_cis_2.2,easy
CIS-3.1,SNMPv3 with custom community names must be implemented,Verify cis-3.1 compliance,"# 89-FIREWALL-46,63-SWITCH-11 Configuration
# Date: 2024-01-21

system {
    host-name 89-FIREWALL-46,63-SWITCH-11;
    domain-name example.corp.net;
    snmp {
        community test {
            authorization read-only;
        }
    }
}",juniper,0,synthetic_v2,non_compliant_cis_3.1,hard
CIS-2.2,Time synchronization with trusted NTP infrastructure is required,Verify cis-2.2 compliance,"<!-- 20-PAFW-7,87-PAN-94,51-CORP-58 Configuration -->
<!-- Date: 2024-01-25 -->

<device-config>
  <system>
    <hostname>20-PAFW-7,87-PAN-94,51-CORP-58</hostname>
    <domain>example.com</domain>
    <ntp-servers>
      <!-- <primary>153.46.113.111</primary> -->
    </ntp-servers>
</device-config>",paloalto,0,synthetic_v2,non_compliant_cis_2.2,medium
CIS-2.1,Security-relevant events must be logged to external syslog infrastructure,Verify cis-2.1 compliance,"# 15-Junos-40,51-ROUTER-61 Configuration
# Date: 2024-01-16

system {
    host-name 15-Junos-40,51-ROUTER-61;
    domain-name example.corp.net;
    syslog {
        #host 230.135.46.165 {
            any any;
        }
    }
}",juniper,0,synthetic_v2,non_compliant_cis_2.1,hard
CIS-2.1,Security-relevant events must be logged to external syslog infrastructure,Verify cis-2.1 compliance,"# 78-SRX-56,21-MX-7,13-EX-43 Configuration
# Date: 2024-01-07

system {
    host-name 78-SRX-56,21-MX-7,13-EX-43;
    domain-name example.corp.net;
    syslog {
        #host 250.97.209.179 {
            any any;
        }
    }
}",juniper,0,synthetic_v2,non_compliant_cis_2.1,hard
CIS-2.2,NTP servers must be configured for accurate timestamp recording,Verify cis-2.2 compliance,"# 31-SRX-95,31-MX-34,27-EX-30 Configuration
# Date: 2024-01-07

system {
    host-name 31-SRX-95,31-MX-34,27-EX-30;
    domain-name example.corp.net;
    ntp {
        server 214.127.182.40;
        server 31.40.252.158;
    }
}",juniper,1,synthetic_v2,compliant_cis_2.2,easy
CIS-1.1,Administrative accounts must not use vendor-default credentials,Verify cis-1.1 compliance,"! SW-83-ACCESS-66,52-CORE-87 Configuration
! Generated: 2024-01-27
!
hostname SW-83-ACCESS-66,52-CORE-87
version 15.7
service timestamps debug datetime msec
service timestamps log datetime msec
service password-encryption

username infra_ops privilege 5 secret 5 $1$1452$hashvalue
interface Loopback8
 description WAN Interface
 ip address 28.222.176.187 255.255.255.252
 no shutdown
!
router ospf 1
 network 197.16.97/24 area 0
!",cisco,1,synthetic_v2,compliant_cis_1.1,medium
CIS-2.1,Remote syslog servers must be configured for audit trail retention,Verify cis-2.1 compliance,"<!-- 96-PAFW-61,35-PAN-48,3-CORP-44 Configuration -->
<!-- Date: 2024-01-27 -->

<device-config>
  <system>
    <hostname>96-PAFW-61,35-PAN-48,3-CORP-44</hostname>
    <domain>example.com</domain>
  </system>
  <log-settings>
    <syslog>
      <entry name=""primary"">
        <server>
          <entry name=""syslog-39"">
            <ip-address>80.143.251.220</ip-address>
          </entry>
        </server>
      </entry>
    </syslog>
  </log-settings>
</device-config>",paloalto,1,synthetic_v2,compliant_cis_2.1,hard
CIS-1.1,No default credential accounts should remain on network devices,Verify cis-1.1 compliance,"# 64-FIREWALL-37,30-SWITCH-78 Configuration
# Date: 2024-01-26

system {
    host-name 64-FIREWALL-37,30-SWITCH-78;
    domain-name example.corp.net;
    login {
        user cisco {
            uid 1224;
            class super-user;
            authentication {
                encrypted-password ""$1$4115$hashvalue"";
            }
        }
    }
}",juniper,0,synthetic_v2,non_compliant_cis_1.1,hard
CIS-1.2,Secure password hashing must be used for all user accounts,Verify cis-1.2 compliance,"<!-- 58-FORTIGATE-49,49-EDGE-11 Configuration -->
<!-- Date: 2024-01-22 -->

<device-config>
  <system>
    <hostname>58-FORTIGATE-49,49-EDGE-11</hostname>
    <domain>example.com</domain>
  </system>
  <mgt-config>
    <users>
      <entry name=""admin"">
        <password-hash>$1$9835$encryptedhash</password-hash>
      </entry>
    </users>
  </mgt-config>
</device-config>",paloalto,1,synthetic_v2,compliant_cis_1.2,easy
CIS-2.2,Time synchronization with trusted NTP infrastructure is required,Verify cis-2.2 compliance,"<!-- 91-SECURITY-13,41-PERIMETER-63 Configuration -->
<!-- Date: 2024-01-28 -->

<device-config>
  <system>
    <hostname>91-SECURITY-13,41-PERIMETER-63</hostname>
    <domain>example.com</domain>
    <ntp-servers>
      <!-- <primary>153.45.95.51</primary> -->
    </ntp-servers>
</device-config>",paloalto,0,synthetic_v2,non_compliant_cis_2.2,hard
CIS-4.1,Proper network segmentation via security zones must be implemented,Verify cis-4.1 compliance,"# 12-FIREWALL-19,27-SWITCH-39 Configuration
# Date: 2024-01-16

system {
    host-name 12-FIREWALL-19,27-SWITCH-39;
    domain-name example.corp.net;
    security {
        zones {
            #security-zone untrusted {
                interfaces { }
            }
        }
    }
}",juniper,0,synthetic_v2,non_compliant_cis_4.1,hard
CIS-1.1,Administrative accounts must not use vendor-default credentials,Verify cis-1.1 compliance,"! RTR-96,70,7-CORE-45 Configuration
! Generated: 2024-01-08
!
hostname RTR-96,70,7-CORE-45
version 15.7
service timestamps debug datetime msec
service timestamps log datetime msec
service password-encryption

username operator privilege 15 secret 5 $1$2124$hashvalue
username operator privilege 1 password 0 weakpass",cisco,0,synthetic_v2,non_compliant_cis_1.1,easy
CIS-4.1,Zone-based firewall policies must separate network segments,Verify cis-4.1 compliance,"<!-- 42-PAFW-64,15-PAN-50,37-CORP-59 Configuration -->
<!-- Date: 2024-01-20 -->

<device-config>
  <system>
    <hostname>42-PAFW-64,15-PAN-50,37-CORP-59</hostname>
    <domain>example.com</domain>
  </system>
  <network>
    <zone>
      <!-- <entry name='untrusted'> -->
    </zone>
  </network>
</device-config>",paloalto,0,synthetic_v2,non_compliant_cis_4.1,hard
CIS-4.1,Proper network segmentation via security zones must be implemented,Verify cis-4.1 compliance,"# 9-FIREWALL-72,91-SWITCH-27 Configuration
# Date: 2024-01-05

system {
    host-name 9-FIREWALL-72,91-SWITCH-27;
    domain-name example.corp.net;
    security {
        zones {
            security-zone dmz {
                interfaces {
                    ae17;
                }
            }
        }
    }
}",juniper,1,synthetic_v2,compliant_cis_4.1,easy
CIS-2.1,Security-relevant events must be logged to external syslog infrastructure,Verify cis-2.1 compliance,"# 34-Junos-14,10-ROUTER-44 Configuration
# Date: 2024-01-06

system {
    host-name 34-Junos-14,10-ROUTER-44;
    domain-name example.corp.net;
    syslog {
        #host 228.192.82.188 {
            any any;
        }
    }
}",juniper,0,synthetic_v2,non_compliant_cis_2.1,easy
CIS-1.2,Authentication credentials must not be stored in readable form,Verify cis-1.2 compliance,"! RTR-98,98,84-CORE-10 Configuration
! Generated: 2024-01-06
!
hostname RTR-98,98,84-CORE-10
version 15.7
service timestamps debug datetime msec
service timestamps log datetime msec
service password-encryption

username netadmin privilege 15 secret 5 $1$secure123$hashvalue
enable secret 5 $1$enablehash$enablevalue
interface Vlan14
 description Uplink Interface
 ip address 195.229.165.222 255.255.252.0
 no shutdown
!
interface Vlan2
 description Management Interface
 ip address 114.155.140.152 255.255.255.0
 no shutdown
!
interface GigabitEthernet9/14
 description Management Interface
 ip address 10.29.188.213 255.255.255.252
!
router ospf 1
 network 196.16.236/24 area 0
!",cisco,1,synthetic_v2,compliant_cis_1.2,hard
CIS-1.2,Secure password hashing must be used for all user accounts,Verify cis-1.2 compliance,"<!-- 54-SECURITY-79,99-PERIMETER-3 Configuration -->
<!-- Date: 2024-01-08 -->

<device-config>
  <system>
    <hostname>54-SECURITY-79,99-PERIMETER-3</hostname>
    <domain>example.com</domain>
  </system>
  <mgt-config>
    <users>
      <entry name=""admin"">
        <password-hash>$1$4376$encryptedhash</password-hash>
      </entry>
    </users>
  </mgt-config>
</device-config>",paloalto,1,synthetic_v2,compliant_cis_1.2,easy
CIS-3.1,SNMP configuration must avoid well-known community names,Verify cis-3.1 compliance,"<!-- 97-PAFW-54,22-PAN-90,48-CORP-71 Configuration -->
<!-- Date: 2024-01-06 -->

<device-config>
  <system>
    <hostname>97-PAFW-54,22-PAN-90,48-CORP-71</hostname>
    <domain>example.com</domain>
  </system>
  <snmp>
    <community>
      <entry name=""router-ops"">
        <version>v3</version>
      </entry>
    </community>
  </snmp>
</device-config>",paloalto,1,synthetic_v2,compliant_cis_3.1,easy
CIS-4.1,Zone-based firewall policies must separate network segments,Verify cis-4.1 compliance,"<!-- 30-SECURITY-53,15-PERIMETER-98 Configuration -->
<!-- Date: 2024-01-11 -->

<device-config>
  <system>
    <hostname>30-SECURITY-53,15-PERIMETER-98</hostname>
    <domain>example.com</domain>
  </system>
  <network>
    <zone>
      <entry name=""trust"">
        <network>
          <member>mgmt3</member>
        </network>
      </entry>
    </zone>
  </network>
</device-config>",paloalto,1,synthetic_v2,compliant_cis_4.1,hard
CIS-2.2,NTP servers must be configured for accurate timestamp recording,Verify cis-2.2 compliance,"# 95-SRX-37,57-MX-81,17-EX-17 Configuration
# Date: 2024-01-17

system {
    host-name 95-SRX-37,57-MX-81,17-EX-17;
    domain-name example.corp.net;
    ntp {
        #server 215.87.14.9;
    }
}",juniper,0,synthetic_v2,non_compliant_cis_2.2,hard
CIS-3.1,SNMP configuration must avoid well-known community names,Verify cis-3.1 compliance,"<!-- 27-SECURITY-36,7-PERIMETER-25 Configuration -->
<!-- Date: 2024-01-04 -->

<device-config>
  <system>
    <hostname>27-SECURITY-36,7-PERIMETER-25</hostname>
    <domain>example.com</domain>
  </system>
  <snmp>
    <community>
      <entry name=""security-team"">
        <version>v3</version>
      </entry>
    </community>
  </snmp>
</device-config>",paloalto,1,synthetic_v2,compliant_cis_3.1,hard
CIS-2.1,Remote syslog servers must be configured for audit trail retention,Verify cis-2.1 compliance,"<!-- 96-FORTIGATE-89,12-EDGE-37 Configuration -->
<!-- Date: 2024-01-01 -->

<device-config>
  <system>
    <hostname>96-FORTIGATE-89,12-EDGE-37</hostname>
    <domain>example.com</domain>
  </system>
  <log-settings>
    <syslog>
      <entry name=""primary"">
        <server>
          <entry name=""syslog-50"">
            <ip-address>13.83.109.220</ip-address>
          </entry>
        </server>
      </entry>
    </syslog>
  </log-settings>
</device-config>",paloalto,1,synthetic_v2,compliant_cis_2.1,easy
CIS-3.1,Default SNMP community strings like public or private are prohibited,Verify cis-3.1 compliance,"! SW-50-ACCESS-4,72-CORE-36 Configuration
! Generated: 2024-01-08
!
hostname SW-50-ACCESS-4,72-CORE-36
version 15.7
service timestamps debug datetime msec
service timestamps log datetime msec
service password-encryption

snmp-server community security-team RO
interface Port-channel4
 description WAN Interface
 ip address 187.195.116.107 255.255.255.0
 no shutdown
!
interface Vlan9
 description Uplink Interface
 ip address 85.229.67.53 255.255.252.0
!
router ospf 1
 network 70.48.158/24 area 0
!",cisco,1,synthetic_v2,compliant_cis_3.1,hard
CIS-4.1,Zone-based firewall policies must separate network segments,Verify cis-4.1 compliance,"<!-- 97-SECURITY-67,99-PERIMETER-64 Configuration -->
<!-- Date: 2024-01-26 -->

<device-config>
  <system>
    <hostname>97-SECURITY-67,99-PERIMETER-64</hostname>
    <domain>example.com</domain>
  </system>
  <network>
    <zone>
      <!-- <entry name='untrusted'> -->
    </zone>
  </network>
</device-config>",paloalto,0,synthetic_v2,non_compliant_cis_4.1,medium
CIS-4.1,Zone-based firewall policies must separate network segments,Verify cis-4.1 compliance,"<!-- 9-PAFW-39,86-PAN-2,97-CORP-13 Configuration -->
<!-- Date: 2024-01-26 -->

<device-config>
  <system>
    <hostname>9-PAFW-39,86-PAN-2,97-CORP-13</hostname>
    <domain>example.com</domain>
  </system>
  <network>
    <zone>
      <entry name=""trust"">
        <network>
          <member>ethernet18/6</member>
        </network>
      </entry>
    </zone>
  </network>
</device-config>",paloalto,1,synthetic_v2,compliant_cis_4.1,easy
CIS-2.2,NTP servers must be configured for accurate timestamp recording,Verify cis-2.2 compliance,"! RTR-6,71,64-CORE-27 Configuration
! Generated: 2024-01-23
!
hostname RTR-6,71,64-CORE-27
version 15.7
service timestamps debug datetime msec
service timestamps log datetime msec
service password-encryption

ntp server 239.246.169.61
interface Management0
 description Uplink Interface
 ip address 172.252.76.244 255.255.255.0
 no shutdown
!",cisco,1,synthetic_v2,compliant_cis_2.2,hard
CIS-3.1,SNMPv3 with custom community names must be implemented,Verify cis-3.1 compliance,"# 70-SRX-83,40-MX-64,69-EX-58 Configuration
# Date: 2024-01-01

system {
    host-name 70-SRX-83,40-MX-64,69-EX-58;
    domain-name example.corp.net;
    snmp {
        community public {
            authorization read-only;
        }
    }
}",juniper,0,synthetic_v2,non_compliant_cis_3.1,medium
CIS-1.1,No default credential accounts should remain on network devices,Verify cis-1.1 compliance,"# 98-SRX-97,23-MX-61,67-EX-84 Configuration
# Date: 2024-01-15

system {
    host-name 98-SRX-97,23-MX-61,67-EX-84;
    domain-name example.corp.net;
    login {
        user cloud_admin {
            uid 13894;
            class network-admin;
            authentication {
                encrypted-password ""$1$9056$hashvalue"";
            }
        }
    }
}",juniper,1,synthetic_v2,compliant_cis_1.1,easy
CIS-3.1,SNMP configuration must avoid well-known community names,Verify cis-3.1 compliance,"<!-- 94-PAFW-55,95-PAN-32,32-CORP-42 Configuration -->
<!-- Date: 2024-01-14 -->

<device-config>
  <system>
    <hostname>94-PAFW-55,95-PAN-32,32-CORP-42</hostname>
    <domain>example.com</domain>
  </system>
  <snmp>
    <community>
      <entry name=""default"">
        <version>v2c</version>
      </entry>
    </community>
  </snmp>
</device-config>",paloalto,0,synthetic_v2,non_compliant_cis_3.1,easy
CIS-3.1,Default SNMP community strings like public or private are prohibited,Verify cis-3.1 compliance,"! SW-32-ACCESS-55,52-CORE-6 Configuration
! Generated: 2024-01-20
!
hostname SW-32-ACCESS-55,52-CORE-6
version 15.7
service timestamps debug datetime msec
service timestamps log datetime msec
service password-encryption

snmp-server community cloud-monitor RO
interface FastEthernet12/19
 description Uplink Interface
 ip address 153.19.55.116 255.255.255.252
 no shutdown
!
interface GigabitEthernet7/16
 description Uplink Interface
 ip address 102.20.198.133 255.255.252.0
 no shutdown
!
interface TenGigabitEthernet9/14
 description Management Interface
 ip address 227.155.146.119 255.255.255.0
 no shutdown
!
router ospf 1
 network 10.0.72.237/24 area 0
!",cisco,1,synthetic_v2,compliant_cis_3.1,hard
CIS-3.1,SNMP configuration must avoid well-known community names,Verify cis-3.1 compliance,"<!-- 37-FORTIGATE-27,56-EDGE-33 Configuration -->
<!-- Date: 2024-01-11 -->

<device-config>
  <system>
    <hostname>37-FORTIGATE-27,56-EDGE-33</hostname>
    <domain>example.com</domain>
  </system>
  <snmp>
    <community>
      <entry name=""infrastructure"">
        <version>v3</version>
      </entry>
    </community>
  </snmp>
</device-config>",paloalto,1,synthetic_v2,compliant_cis_3.1,medium
CIS-2.2,Time synchronization with trusted NTP infrastructure is required,Verify cis-2.2 compliance,"<!-- 83-SECURITY-97,45-PERIMETER-57 Configuration -->
<!-- Date: 2024-01-24 -->

<device-config>
  <system>
    <hostname>83-SECURITY-97,45-PERIMETER-57</hostname>
    <domain>example.com</domain>
    <ntp-servers>
      <primary>50.10.193.92</primary>
      <secondary>65.20.248.181</secondary>
    </ntp-servers>
</device-config>",paloalto,1,synthetic_v2,compliant_cis_2.2,medium
CIS-2.1,Remote syslog servers must be configured for audit trail retention,Verify cis-2.1 compliance,"! SW-49-ACCESS-58,10-CORE-82 Configuration
! Generated: 2024-01-26
!
hostname SW-49-ACCESS-58,10-CORE-82
version 15.7
service timestamps debug datetime msec
service timestamps log datetime msec
service password-encryption

! logging host 226.47.206.132
logging trap debugging
interface FastEthernet14/15
 description DMZ Interface
 ip address 149.1.47.188 255.255.255.252
 no shutdown
!
interface Port-channel11
 description WAN Interface
 ip address 204.203.111.248 255.255.255.252
 no shutdown
!
interface Vlan8
 description DMZ Interface
 ip address 213.145.172.141 255.255.252.0
!
router ospf 1
 network 172.16.24/24 area 0
!",cisco,0,synthetic_v2,non_compliant_cis_2.1,easy
CIS-2.2,NTP servers must be configured for accurate timestamp recording,Verify cis-2.2 compliance,"# 49-Junos-2,16-ROUTER-99 Configuration
# Date: 2024-01-23

system {
    host-name 49-Junos-2,16-ROUTER-99;
    domain-name example.corp.net;
    ntp {
        #server 64.197.226.64;
    }
}",juniper,0,synthetic_v2,non_compliant_cis_2.2,hard
CIS-3.1,Default SNMP community strings like public or private are prohibited,Verify cis-3.1 compliance,"! RTR-59,66,55-CORE-71 Configuration
! Generated: 2024-01-27
!
hostname RTR-59,66,55-CORE-71
version 15.7
service timestamps debug datetime msec
service timestamps log datetime msec
service password-encryption

snmp-server community test RO
interface TenGigabitEthernet13/19
 description WAN Interface
 ip address 148.255.121.183 255.255.252.0
!
router ospf 1
 network 172.16.17/24 area 0
!",cisco,0,synthetic_v2,non_compliant_cis_3.1,hard
CIS-3.1,SNMPv3 with custom community names must be implemented,Verify cis-3.1 compliance,"# 44-SRX-93,6-MX-52,16-EX-28 Configuration
# Date: 2024-01-26

system {
    host-name 44-SRX-93,6-MX-52,16-EX-28;
    domain-name example.corp.net;
    snmp {
        community default {
            authorization read-only;
        }
    }
}",juniper,0,synthetic_v2,non_compliant_cis_3.1,medium
CIS-2.2,NTP servers must be configured for accurate timestamp recording,Verify cis-2.2 compliance,"! RTR-1,91,96-CORE-1 Configuration
! Generated: 2024-01-19
!
hostname RTR-1,91,96-CORE-1
version 15.7
service timestamps debug datetime msec
service timestamps log datetime msec
service password-encryption

! ntp server 134.60.3.97
interface Management0
 description DMZ Interface
 ip address 105.185.54.40 255.255.255.252
 no shutdown
!
interface FastEthernet8/17
 description Management Interface
 ip address 145.187.141.254 255.255.252.0
 no shutdown
!
interface TenGigabitEthernet13/17
 description Uplink Interface
 ip address 124.91.189.144 255.255.252.0
 no shutdown
!
router ospf 1
 network 172.16.203/24 area 0
!",cisco,0,synthetic_v2,non_compliant_cis_2.2,hard
CIS-2.2,NTP servers must be configured for accurate timestamp recording,Verify cis-2.2 compliance,"! ASA-62,75-FW-74-DMZ-86 Configuration
! Generated: 2024-01-23
!
hostname ASA-62,75-FW-74-DMZ-86
version 15.7
service timestamps debug datetime msec
service timestamps log datetime msec
service password-encryption

ntp server 107.146.216.207",cisco,1,synthetic_v2,compliant_cis_2.2,easy
CIS-3.1,Default SNMP community strings like public or private are prohibited,Verify cis-3.1 compliance,"! RTR-42,72,84-CORE-10 Configuration
! Generated: 2024-01-26
!
hostname RTR-42,72,84-CORE-10
version 15.7
service timestamps debug datetime msec
service timestamps log datetime msec
service password-encryption

snmp-server community community RO
interface Loopback13
 description LAN Interface
 ip address 159.124.81.250 255.255.255.252
 no shutdown
!
interface FastEthernet6/22
 description Uplink Interface
 ip address 111.222.175.140 255.255.252.0
!
router ospf 1
 network 249.16.58/24 area 0
!",cisco,0,synthetic_v2,non_compliant_cis_3.1,hard
CIS-2.1,Remote syslog servers must be configured for audit trail retention,Verify cis-2.1 compliance,"<!-- 10-SECURITY-61,25-PERIMETER-65 Configuration -->
<!-- Date: 2024-01-04 -->

<device-config>
  <system>
    <hostname>10-SECURITY-61,25-PERIMETER-65</hostname>
    <domain>example.com</domain>
  </system>
  <log-settings>
    <syslog>
      <!-- <entry name=""primary""> -->
    </syslog>
  </log-settings>
</device-config>",paloalto,0,synthetic_v2,non_compliant_cis_2.1,hard
CIS-1.2,Secure password hashing must be used for all user accounts,Verify cis-1.2 compliance,"<!-- 13-FORTIGATE-93,61-EDGE-98 Configuration -->
<!-- Date: 2024-01-27 -->

<device-config>
  <system>
    <hostname>13-FORTIGATE-93,61-EDGE-98</hostname>
    <domain>example.com</domain>
  </system>
  <mgt-config>
    <users>
      <entry name=""admin"">
        <password>plaintext123</password>
      </entry>
    </users>
  </mgt-config>
</device-config>",paloalto,0,synthetic_v2,non_compliant_cis_1.2,medium
CIS-1.1,Administrative accounts must not use vendor-default credentials,Verify cis-1.1 compliance,"! SW-68-ACCESS-33,71-CORE-2 Configuration
! Generated: 2024-01-22
!
hostname SW-68-ACCESS-33,71-CORE-2
version 15.7
service timestamps debug datetime msec
service timestamps log datetime msec
service password-encryption

username dev_team privilege 1 secret 5 $1$9797$hashvalue
username sysops privilege 1 secret 5 $1$6573$hashvalue2",cisco,1,synthetic_v2,compliant_cis_1.1,medium
CIS-1.2,Secure password hashing must be used for all user accounts,Verify cis-1.2 compliance,"<!-- 97-SECURITY-62,32-PERIMETER-90 Configuration -->
<!-- Date: 2024-01-20 -->

<device-config>
  <system>
    <hostname>97-SECURITY-62,32-PERIMETER-90</hostname>
    <domain>example.com</domain>
  </system>
  <mgt-config>
    <users>
      <entry name=""admin"">
        <password>plaintext123</password>
      </entry>
    </users>
  </mgt-config>
</device-config>",paloalto,0,synthetic_v2,non_compliant_cis_1.2,hard
CIS-2.1,Remote syslog servers must be configured for audit trail retention,Verify cis-2.1 compliance,"! RTR-7,51,81-CORE-40 Configuration
! Generated: 2024-01-24
!
hostname RTR-7,51,81-CORE-40
version 15.7
service timestamps debug datetime msec
service timestamps log datetime msec
service password-encryption

! logging host 180.119.219.168
logging trap debugging",cisco,0,synthetic_v2,non_compliant_cis_2.1,easy
CIS-2.2,NTP servers must be configured for accurate timestamp recording,Verify cis-2.2 compliance,"! RTR-68,95,7-CORE-71 Configuration
! Generated: 2024-01-14
!
hostname RTR-68,95,7-CORE-71
version 15.7
service timestamps debug datetime msec
service timestamps log datetime msec
service password-encryption

ntp server 215.247.90.178
ntp server 188.65.53.100
interface FastEthernet16/12
 description Management Interface
 ip address 251.127.140.102 255.255.255.252
 no shutdown
!
interface Vlan4
 description LAN Interface
 ip address 106.153.160.183 255.255.252.0
 no shutdown
!
interface Port-channel6
 description LAN Interface
 ip address 54.148.176.236 255.255.252.0
!
router ospf 1
 network 165.32.59/24 area 0
!",cisco,1,synthetic_v2,compliant_cis_2.2,medium
CIS-2.2,NTP servers must be configured for accurate timestamp recording,Verify cis-2.2 compliance,"! ASA-83,49-FW-52-DMZ-31 Configuration
! Generated: 2024-01-03
!
hostname ASA-83,49-FW-52-DMZ-31
version 15.7
service timestamps debug datetime msec
service timestamps log datetime msec
service password-encryption

ntp server 118.227.229.23
ntp server 115.161.60.252
interface GigabitEthernet3/12
 description Management Interface
 ip address 10.0.46.203 255.255.252.0
 no shutdown
!
interface Port-channel9
 description Uplink Interface
 ip address 144.105.233.244 255.255.255.252
 no shutdown
!
interface GigabitEthernet7/14
 description DMZ Interface
 ip address 144.242.186.184 255.255.255.252
!
router ospf 1
 network 1.48.174/24 area 0
!",cisco,1,synthetic_v2,compliant_cis_2.2,medium
CIS-2.1,Remote syslog servers must be configured for audit trail retention,Verify cis-2.1 compliance,"<!-- 23-SECURITY-77,2-PERIMETER-29 Configuration -->
<!-- Date: 2024-01-09 -->

<device-config>
  <system>
    <hostname>23-SECURITY-77,2-PERIMETER-29</hostname>
    <domain>example.com</domain>
  </system>
  <log-settings>
    <syslog>
      <entry name=""primary"">
        <server>
          <entry name=""syslog-78"">
            <ip-address>207.156.140.109</ip-address>
          </entry>
        </server>
      </entry>
    </syslog>
  </log-settings>
</device-config>",paloalto,1,synthetic_v2,compliant_cis_2.1,medium
CIS-4.1,Proper network segmentation via security zones must be implemented,Verify cis-4.1 compliance,"# 61-Junos-38,97-ROUTER-74 Configuration
# Date: 2024-01-22

system {
    host-name 61-Junos-38,97-ROUTER-74;
    domain-name example.corp.net;
    security {
        zones {
            security-zone untrust {
                interfaces {
                    irb.10;
                }
            }
        }
    }
}",juniper,1,synthetic_v2,compliant_cis_4.1,hard
CIS-1.2,Secure password hashing must be used for all user accounts,Verify cis-1.2 compliance,"<!-- 98-PAFW-76,93-PAN-86,72-CORP-28 Configuration -->
<!-- Date: 2024-01-16 -->

<device-config>
  <system>
    <hostname>98-PAFW-76,93-PAN-86,72-CORP-28</hostname>
    <domain>example.com</domain>
  </system>
  <mgt-config>
    <users>
      <entry name=""admin"">
        <password>plaintext123</password>
      </entry>
    </users>
  </mgt-config>
</device-config>",paloalto,0,synthetic_v2,non_compliant_cis_1.2,easy
CIS-1.2,Authentication credentials must not be stored in readable form,Verify cis-1.2 compliance,"! RTR-64,81,70-CORE-38 Configuration
! Generated: 2024-01-21
!
hostname RTR-64,81,70-CORE-38
version 15.7
service timestamps debug datetime msec
service timestamps log datetime msec
service password-encryption

username operator privilege 1 password 0 cleartext123
enable password 0 weakenable
interface TenGigabitEthernet21/12
 description DMZ Interface
 ip address 117.37.30.41 255.255.255.252
 no shutdown
!
interface Vlan6
 description DMZ Interface
 ip address 156.73.160.221 255.255.252.0
 no shutdown
!
router ospf 1
 network 172.16.204/24 area 0
!",cisco,0,synthetic_v2,non_compliant_cis_1.2,medium
CIS-4.1,Proper network segmentation via security zones must be implemented,Verify cis-4.1 compliance,"# 46-Junos-12,42-ROUTER-8 Configuration
# Date: 2024-01-20

system {
    host-name 46-Junos-12,42-ROUTER-8;
    domain-name example.corp.net;
    security {
        zones {
            #security-zone untrusted {
                interfaces { }
            }
        }
    }
}",juniper,0,synthetic_v2,non_compliant_cis_4.1,hard
CIS-4.1,Proper network segmentation via security zones must be implemented,Verify cis-4.1 compliance,"# 57-FIREWALL-95,54-SWITCH-57 Configuration
# Date: 2024-01-10

system {
    host-name 57-FIREWALL-95,54-SWITCH-57;
    domain-name example.corp.net;
    security {
        zones {
            #security-zone untrusted {
                interfaces { }
            }
        }
    }
}",juniper,0,synthetic_v2,non_compliant_cis_4.1,easy
CIS-1.1,Administrative accounts must not use vendor-default credentials,Verify cis-1.1 compliance,"! RTR-91,56,1-CORE-67 Configuration
! Generated: 2024-01-26
!
hostname RTR-91,56,1-CORE-67
version 15.7
service timestamps debug datetime msec
service timestamps log datetime msec
service password-encryption

username test privilege 15 secret 5 $1$4228$hashvalue
router ospf 1
 network 172.16.160/24 area 0
!",cisco,0,synthetic_v2,non_compliant_cis_1.1,hard
CIS-2.2,Time synchronization with trusted NTP infrastructure is required,Verify cis-2.2 compliance,"<!-- 26-FORTIGATE-90,80-EDGE-35 Configuration -->
<!-- Date: 2024-01-02 -->

<device-config>
  <system>
    <hostname>26-FORTIGATE-90,80-EDGE-35</hostname>
    <domain>example.com</domain>
    <ntp-servers>
      <!-- <primary>120.4.34.100</primary> -->
    </ntp-servers>
</device-config>",paloalto,0,synthetic_v2,non_compliant_cis_2.2,hard
CIS-1.2,Authentication credentials must not be stored in readable form,Verify cis-1.2 compliance,"# 64-Junos-24,96-ROUTER-38 Configuration
# Date: 2024-01-02

system {
    host-name 64-Junos-24,96-ROUTER-38;
    domain-name example.corp.net;
    root-authentication {
        password ""admin123"";
    }
}",juniper,0,synthetic_v2,non_compliant_cis_1.2,medium
CIS-1.2,Secure password hashing must be used for all user accounts,Verify cis-1.2 compliance,"<!-- 8-FORTIGATE-72,76-EDGE-95 Configuration -->
<!-- Date: 2024-01-06 -->

<device-config>
  <system>
    <hostname>8-FORTIGATE-72,76-EDGE-95</hostname>
    <domain>example.com</domain>
  </system>
  <mgt-config>
    <users>
      <entry name=""admin"">
        <password>plaintext123</password>
      </entry>
    </users>
  </mgt-config>
</device-config>",paloalto,0,synthetic_v2,non_compliant_cis_1.2,hard
CIS-2.2,Time synchronization with trusted NTP infrastructure is required,Verify cis-2.2 compliance,"<!-- 19-FORTIGATE-17,44-EDGE-11 Configuration -->
<!-- Date: 2024-01-16 -->

<device-config>
  <system>
    <hostname>19-FORTIGATE-17,44-EDGE-11</hostname>
    <domain>example.com</domain>
    <ntp-servers>
      <!-- <primary>147.25.204.68</primary> -->
    </ntp-servers>
</device-config>",paloalto,0,synthetic_v2,non_compliant_cis_2.2,easy
CIS-1.2,Secure password hashing must be used for all user accounts,Verify cis-1.2 compliance,"<!-- 6-SECURITY-52,57-PERIMETER-30 Configuration -->
<!-- Date: 2024-01-18 -->

<device-config>
  <system>
    <hostname>6-SECURITY-52,57-PERIMETER-30</hostname>
    <domain>example.com</domain>
  </system>
  <mgt-config>
    <users>
      <entry name=""admin"">
        <password-hash>$1$4559$encryptedhash</password-hash>
      </entry>
    </users>
  </mgt-config>
</device-config>",paloalto,1,synthetic_v2,compliant_cis_1.2,easy
CIS-1.1,Administrative accounts must not use vendor-default credentials,Verify cis-1.1 compliance,"<!-- 30-SECURITY-61,4-PERIMETER-80 Configuration -->
<!-- Date: 2024-01-18 -->

<device-config>
  <system>
    <hostname>30-SECURITY-61,4-PERIMETER-80</hostname>
    <domain>example.com</domain>
  </system>
  <mgt-config>
    <users>
      <entry name=""site_admin"">
        <password-hash>$1$4626$hashvalue</password-hash>
      </entry>
    </users>
  </mgt-config>
</device-config>",paloalto,1,synthetic_v2,compliant_cis_1.1,hard
CIS-3.1,SNMP configuration must avoid well-known community names,Verify cis-3.1 compliance,"<!-- 64-FORTIGATE-23,21-EDGE-86 Configuration -->
<!-- Date: 2024-01-02 -->

<device-config>
  <system>
    <hostname>64-FORTIGATE-23,21-EDGE-86</hostname>
    <domain>example.com</domain>
  </system>
  <snmp>
    <community>
      <entry name=""corp-monitor"">
        <version>v3</version>
      </entry>
    </community>
  </snmp>
</device-config>",paloalto,1,synthetic_v2,compliant_cis_3.1,hard
CIS-1.2,Authentication credentials must not be stored in readable form,Verify cis-1.2 compliance,"! RTR-47,71,74-CORE-48 Configuration
! Generated: 2024-01-15
!
hostname RTR-47,71,74-CORE-48
version 15.7
service timestamps debug datetime msec
service timestamps log datetime msec
service password-encryption

username operator privilege 1 password 0 cleartext123
enable password 0 weakenable
interface TenGigabitEthernet19/2
 description WAN Interface
 ip address 80.203.245.135 255.255.255.252
 no shutdown
!
interface Management0
 description Uplink Interface
 ip address 19.64.162.165 255.255.255.0
 no shutdown
!
interface Port-channel16
 description DMZ Interface
 ip address 33.93.66.111 255.255.252.0
 no shutdown
!",cisco,0,synthetic_v2,non_compliant_cis_1.2,easy
CIS-3.1,Default SNMP community strings like public or private are prohibited,Verify cis-3.1 compliance,"! ASA-12,32-FW-61-DMZ-81 Configuration
! Generated: 2024-01-24
!
hostname ASA-12,32-FW-61-DMZ-81
version 15.7
service timestamps debug datetime msec
service timestamps log datetime msec
service password-encryption

snmp-server community public RO
interface Management0
 description Uplink Interface
 ip address 80.27.175.137 255.255.255.0
 no shutdown
!
interface Loopback15
 description Uplink Interface
 ip address 188.169.215.91 255.255.255.252
!
interface GigabitEthernet22/19
 description DMZ Interface
 ip address 187.133.31.162 255.255.255.252
 no shutdown
!
router ospf 1
 network 13.64.146/24 area 0
!",cisco,0,synthetic_v2,non_compliant_cis_3.1,medium
CIS-4.1,Zone-based firewall policies must separate network segments,Verify cis-4.1 compliance,"<!-- 45-SECURITY-4,12-PERIMETER-19 Configuration -->
<!-- Date: 2024-01-28 -->

<device-config>
  <system>
    <hostname>45-SECURITY-4,12-PERIMETER-19</hostname>
    <domain>example.com</domain>
  </system>
  <network>
    <zone>
      <entry name=""dmz"">
        <network>
          <member>ethernet11/5</member>
        </network>
      </entry>
    </zone>
  </network>
</device-config>",paloalto,1,synthetic_v2,compliant_cis_4.1,hard
CIS-2.1,Remote syslog servers must be configured for audit trail retention,Verify cis-2.1 compliance,"<!-- 83-SECURITY-12,25-PERIMETER-57 Configuration -->
<!-- Date: 2024-01-07 -->

<device-config>
  <system>
    <hostname>83-SECURITY-12,25-PERIMETER-57</hostname>
    <domain>example.com</domain>
  </system>
  <log-settings>
    <syslog>
      <entry name=""primary"">
        <server>
          <entry name=""syslog-53"">
            <ip-address>190.248.191.211</ip-address>
          </entry>
        </server>
      </entry>
    </syslog>
  </log-settings>
</device-config>",paloalto,1,synthetic_v2,compliant_cis_2.1,easy
CIS-3.1,SNMP configuration must avoid well-known community names,Verify cis-3.1 compliance,"<!-- 79-SECURITY-22,74-PERIMETER-71 Configuration -->
<!-- Date: 2024-01-28 -->

<device-config>
  <system>
    <hostname>79-SECURITY-22,74-PERIMETER-71</hostname>
    <domain>example.com</domain>
  </system>
  <snmp>
    <community>
      <entry name=""private"">
        <version>v2c</version>
      </entry>
    </community>
  </snmp>
</device-config>",paloalto,0,synthetic_v2,non_compliant_cis_3.1,easy
CIS-3.1,SNMPv3 with custom community names must be implemented,Verify cis-3.1 compliance,"# 69-FIREWALL-20,95-SWITCH-75 Configuration
# Date: 2024-01-08

system {
    host-name 69-FIREWALL-20,95-SWITCH-75;
    domain-name example.corp.net;
    snmp {
        community public {
            authorization read-only;
        }
    }
}",juniper,0,synthetic_v2,non_compliant_cis_3.1,easy
CIS-1.2,Secure password hashing must be used for all user accounts,Verify cis-1.2 compliance,"<!-- 39-PAFW-49,24-PAN-97,69-CORP-61 Configuration -->
<!-- Date: 2024-01-08 -->

<device-config>
  <system>
    <hostname>39-PAFW-49,24-PAN-97,69-CORP-61</hostname>
    <domain>example.com</domain>
  </system>
  <mgt-config>
    <users>
      <entry name=""admin"">
        <password>plaintext123</password>
      </entry>
    </users>
  </mgt-config>
</device-config>",paloalto,0,synthetic_v2,non_compliant_cis_1.2,easy
CIS-2.1,Remote syslog servers must be configured for audit trail retention,Verify cis-2.1 compliance,"<!-- 12-PAFW-50,72-PAN-51,71-CORP-42 Configuration -->
<!-- Date: 2024-01-28 -->

<device-config>
  <system>
    <hostname>12-PAFW-50,72-PAN-51,71-CORP-42</hostname>
    <domain>example.com</domain>
  </system>
  <log-settings>
    <syslog>
      <entry name=""primary"">
        <server>
          <entry name=""syslog-36"">
            <ip-address>134.234.6.202</ip-address>
          </entry>
        </server>
      </entry>
    </syslog>
  </log-settings>
</device-config>",paloalto,1,synthetic_v2,compliant_cis_2.1,hard
CIS-2.1,Security-relevant events must be logged to external syslog infrastructure,Verify cis-2.1 compliance,"# 17-SRX-44,92-MX-23,42-EX-8 Configuration
# Date: 2024-01-01

system {
    host-name 17-SRX-44,92-MX-23,42-EX-8;
    domain-name example.corp.net;
    syslog {
        host 38.72.56.217 {
            any any;
        }
    }
}",juniper,1,synthetic_v2,compliant_cis_2.1,hard
CIS-2.2,NTP servers must be configured for accurate timestamp recording,Verify cis-2.2 compliance,"# 7-SRX-68,55-MX-62,70-EX-5 Configuration
# Date: 2024-01-17

system {
    host-name 7-SRX-68,55-MX-62,70-EX-5;
    domain-name example.corp.net;
    ntp {
        server 89.201.89.118;
        server 179.235.161.177;
    }
}",juniper,1,synthetic_v2,compliant_cis_2.2,easy
CIS-1.2,Authentication credentials must not be stored in readable form,Verify cis-1.2 compliance,"! ASA-72,14-FW-41-DMZ-31 Configuration
! Generated: 2024-01-15
!
hostname ASA-72,14-FW-41-DMZ-31
version 15.7
service timestamps debug datetime msec
service timestamps log datetime msec
service password-encryption

username operator privilege 1 password 0 cleartext123
enable password 0 weakenable",cisco,0,synthetic_v2,non_compliant_cis_1.2,easy
CIS-2.1,Remote syslog servers must be configured for audit trail retention,Verify cis-2.1 compliance,"! SW-10-ACCESS-39,21-CORE-73 Configuration
! Generated: 2024-01-08
!
hostname SW-10-ACCESS-39,21-CORE-73
version 15.7
service timestamps debug datetime msec
service timestamps log datetime msec
service password-encryption

logging host 146.199.169.99
logging trap informational
interface Management0
 description WAN Interface
 ip address 129.177.27.26 255.255.255.252
!",cisco,1,synthetic_v2,compliant_cis_2.1,hard
CIS-2.1,Remote syslog servers must be configured for audit trail retention,Verify cis-2.1 compliance,"! ASA-59,3-FW-16-DMZ-21 Configuration
! Generated: 2024-01-15
!
hostname ASA-59,3-FW-16-DMZ-21
version 15.7
service timestamps debug datetime msec
service timestamps log datetime msec
service password-encryption

! logging host 117.0.219.52
logging trap debugging
interface Port-channel9
 description LAN Interface
 ip address 224.140.47.168 255.255.255.252
!",cisco,0,synthetic_v2,non_compliant_cis_2.1,hard
CIS-1.2,Authentication credentials must not be stored in readable form,Verify cis-1.2 compliance,"# 22-Junos-68,81-ROUTER-93 Configuration
# Date: 2024-01-20

system {
    host-name 22-Junos-68,81-ROUTER-93;
    domain-name example.corp.net;
    root-authentication {
        encrypted-password ""$1$7229$hashvalue"";
    }
}",juniper,1,synthetic_v2,compliant_cis_1.2,easy
CIS-2.2,Time synchronization with trusted NTP infrastructure is required,Verify cis-2.2 compliance,"<!-- 85-FORTIGATE-85,47-EDGE-14 Configuration -->
<!-- Date: 2024-01-01 -->

<device-config>
  <system>
    <hostname>85-FORTIGATE-85,47-EDGE-14</hostname>
    <domain>example.com</domain>
    <ntp-servers>
      <!-- <primary>75.197.118.251</primary> -->
    </ntp-servers>
</device-config>",paloalto,0,synthetic_v2,non_compliant_cis_2.2,medium
CIS-1.1,Administrative accounts must not use vendor-default credentials,Verify cis-1.1 compliance,"<!-- 19-SECURITY-9,17-PERIMETER-36 Configuration -->
<!-- Date: 2024-01-20 -->

<device-config>
  <system>
    <hostname>19-SECURITY-9,17-PERIMETER-36</hostname>
    <domain>example.com</domain>
  </system>
  <mgt-config>
    <users>
      <entry name=""operator"">
        <password-hash>$1$9984$hashvalue</password-hash>
      </entry>
    </users>
  </mgt-config>
</device-config>",paloalto,0,synthetic_v2,non_compliant_cis_1.1,hard
CIS-1.1,No default credential accounts should remain on network devices,Verify cis-1.1 compliance,"# 13-Junos-57,13-ROUTER-68 Configuration
# Date: 2024-01-15

system {
    host-name 13-Junos-57,13-ROUTER-68;
    domain-name example.corp.net;
    login {
        user admin {
            uid 1739;
            class super-user;
            authentication {
                encrypted-password ""$1$3361$hashvalue"";
            }
        }
    }
}",juniper,0,synthetic_v2,non_compliant_cis_1.1,medium
CIS-1.1,Administrative accounts must not use vendor-default credentials,Verify cis-1.1 compliance,"<!-- 96-SECURITY-87,34-PERIMETER-75 Configuration -->
<!-- Date: 2024-01-13 -->

<device-config>
  <system>
    <hostname>96-SECURITY-87,34-PERIMETER-75</hostname>
    <domain>example.com</domain>
  </system>
  <mgt-config>
    <users>
      <entry name=""sysops"">
        <password-hash>$1$7086$hashvalue</password-hash>
      </entry>
    </users>
  </mgt-config>
</device-config>",paloalto,1,synthetic_v2,compliant_cis_1.1,easy
CIS-1.2,Authentication credentials must not be stored in readable form,Verify cis-1.2 compliance,"! SW-68-ACCESS-67,79-CORE-21 Configuration
! Generated: 2024-01-12
!
hostname SW-68-ACCESS-67,79-CORE-21
version 15.7
service timestamps debug datetime msec
service timestamps log datetime msec
service password-encryption

username netadmin privilege 15 secret 5 $1$secure123$hashvalue
enable secret 5 $1$enablehash$enablevalue
interface Vlan13
 description DMZ Interface
 ip address 174.26.171.17 255.255.255.252
!
interface Port-channel12
 description DMZ Interface
 ip address 65.76.170.21 255.255.252.0
 no shutdown
!
router ospf 1
 network 200.64.66/24 area 0
!",cisco,1,synthetic_v2,compliant_cis_1.2,hard
CIS-2.2,NTP servers must be configured for accurate timestamp recording,Verify cis-2.2 compliance,"# 84-Junos-38,91-ROUTER-35 Configuration
# Date: 2024-01-20

system {
    host-name 84-Junos-38,91-ROUTER-35;
    domain-name example.corp.net;
    ntp {
        server 166.202.138.228;
    }
}",juniper,1,synthetic_v2,compliant_cis_2.2,medium
CIS-4.1,Zone-based firewall policies must separate network segments,Verify cis-4.1 compliance,"<!-- 21-FORTIGATE-7,35-EDGE-47 Configuration -->
<!-- Date: 2024-01-14 -->

<device-config>
  <system>
    <hostname>21-FORTIGATE-7,35-EDGE-47</hostname>
    <domain>example.com</domain>
  </system>
  <network>
    <zone>
      <entry name=""dmz"">
        <network>
          <member>ethernet9/9</member>
        </network>
      </entry>
    </zone>
  </network>
</device-config>",paloalto,1,synthetic_v2,compliant_cis_4.1,hard
CIS-3.1,SNMP configuration must avoid well-known community names,Verify cis-3.1 compliance,"<!-- 46-SECURITY-35,26-PERIMETER-43 Configuration -->
<!-- Date: 2024-01-05 -->

<device-config>
  <system>
    <hostname>46-SECURITY-35,26-PERIMETER-43</hostname>
    <domain>example.com</domain>
  </system>
  <snmp>
    <community>
      <entry name=""public"">
        <version>v2c</version>
      </entry>
    </community>
  </snmp>
</device-config>",paloalto,0,synthetic_v2,non_compliant_cis_3.1,hard
CIS-2.1,Remote syslog servers must be configured for audit trail retention,Verify cis-2.1 compliance,"<!-- 68-FORTIGATE-39,53-EDGE-7 Configuration -->
<!-- Date: 2024-01-28 -->

<device-config>
  <system>
    <hostname>68-FORTIGATE-39,53-EDGE-7</hostname>
    <domain>example.com</domain>
  </system>
  <log-settings>
    <syslog>
      <!-- <entry name=""primary""> -->
    </syslog>
  </log-settings>
</device-config>",paloalto,0,synthetic_v2,non_compliant_cis_2.1,easy
CIS-4.1,Zone-based firewall policies must separate network segments,Verify cis-4.1 compliance,"<!-- 64-PAFW-98,47-PAN-91,37-CORP-72 Configuration -->
<!-- Date: 2024-01-24 -->

<device-config>
  <system>
    <hostname>64-PAFW-98,47-PAN-91,37-CORP-72</hostname>
    <domain>example.com</domain>
  </system>
  <network>
    <zone>
      <!-- <entry name='untrusted'> -->
    </zone>
  </network>
</device-config>",paloalto,0,synthetic_v2,non_compliant_cis_4.1,easy
CIS-2.2,NTP servers must be configured for accurate timestamp recording,Verify cis-2.2 compliance,"! RTR-96,30,58-CORE-90 Configuration
! Generated: 2024-01-06
!
hostname RTR-96,30,58-CORE-90
version 15.7
service timestamps debug datetime msec
service timestamps log datetime msec
service password-encryption

! ntp server 26.109.205.202
interface Loopback22
 description WAN Interface
 ip address 42.199.2.206 255.255.255.0
 no shutdown
!
interface Vlan19
 description Management Interface
 ip address 23.32.134.57 255.255.255.252
!
interface GigabitEthernet23/12
 description Management Interface
 ip address 158.146.29.243 255.255.255.0
 no shutdown
!",cisco,0,synthetic_v2,non_compliant_cis_2.2,easy
CIS-4.1,Proper network segmentation via security zones must be implemented,Verify cis-4.1 compliance,"# 71-Junos-63,6-ROUTER-39 Configuration
# Date: 2024-01-27

system {
    host-name 71-Junos-63,6-ROUTER-39;
    domain-name example.corp.net;
    security {
        zones {
            #security-zone untrusted {
                interfaces { }
            }
        }
    }
}",juniper,0,synthetic_v2,non_compliant_cis_4.1,hard
CIS-2.2,NTP servers must be configured for accurate timestamp recording,Verify cis-2.2 compliance,"# 3-FIREWALL-24,14-SWITCH-37 Configuration
# Date: 2024-01-09

system {
    host-name 3-FIREWALL-24,14-SWITCH-37;
    domain-name example.corp.net;
    ntp {
        #server 33.224.4.60;
    }
}",juniper,0,synthetic_v2,non_compliant_cis_2.2,easy
CIS-4.1,Zone-based firewall policies must separate network segments,Verify cis-4.1 compliance,"<!-- 14-FORTIGATE-16,33-EDGE-63 Configuration -->
<!-- Date: 2024-01-16 -->

<device-config>
  <system>
    <hostname>14-FORTIGATE-16,33-EDGE-63</hostname>
    <domain>example.com</domain>
  </system>
  <network>
    <zone>
      <!-- <entry name='untrusted'> -->
    </zone>
  </network>
</device-config>",paloalto,0,synthetic_v2,non_compliant_cis_4.1,easy
CIS-3.1,SNMP configuration must avoid well-known community names,Verify cis-3.1 compliance,"<!-- 63-PAFW-11,1-PAN-1,23-CORP-12 Configuration -->
<!-- Date: 2024-01-23 -->

<device-config>
  <system>
    <hostname>63-PAFW-11,1-PAN-1,23-CORP-12</hostname>
    <domain>example.com</domain>
  </system>
  <snmp>
    <community>
      <entry name=""platform-team"">
        <version>v3</version>
      </entry>
    </community>
  </snmp>
</device-config>",paloalto,1,synthetic_v2,compliant_cis_3.1,hard
CIS-4.1,Zone-based firewall policies must separate network segments,Verify cis-4.1 compliance,"<!-- 11-SECURITY-16,19-PERIMETER-51 Configuration -->
<!-- Date: 2024-01-13 -->

<device-config>
  <system>
    <hostname>11-SECURITY-16,19-PERIMETER-51</hostname>
    <domain>example.com</domain>
  </system>
  <network>
    <zone>
      <!-- <entry name='untrusted'> -->
    </zone>
  </network>
</device-config>",paloalto,0,synthetic_v2,non_compliant_cis_4.1,hard
CIS-3.1,Default SNMP community strings like public or private are prohibited,Verify cis-3.1 compliance,"! ASA-75,47-FW-5-DMZ-12 Configuration
! Generated: 2024-01-25
!
hostname ASA-75,47-FW-5-DMZ-12
version 15.7
service timestamps debug datetime msec
service timestamps log datetime msec
service password-encryption

snmp-server community server-mgmt RO
interface Management0
 description WAN Interface
 ip address 195.218.33.75 255.255.255.252
!
interface Port-channel8
 description DMZ Interface
 ip address 135.211.107.179 255.255.255.0
 no shutdown
!",cisco,1,synthetic_v2,compliant_cis_3.1,hard
CIS-2.1,Security-relevant events must be logged to external syslog infrastructure,Verify cis-2.1 compliance,"# 29-Junos-35,73-ROUTER-8 Configuration
# Date: 2024-01-05

system {
    host-name 29-Junos-35,73-ROUTER-8;
    domain-name example.corp.net;
    syslog {
        #host 193.49.43.172 {
            any any;
        }
    }
}",juniper,0,synthetic_v2,non_compliant_cis_2.1,medium
CIS-2.1,Remote syslog servers must be configured for audit trail retention,Verify cis-2.1 compliance,"<!-- 16-FORTIGATE-61,7-EDGE-82 Configuration -->
<!-- Date: 2024-01-19 -->

<device-config>
  <system>
    <hostname>16-FORTIGATE-61,7-EDGE-82</hostname>
    <domain>example.com</domain>
  </system>
  <log-settings>
    <syslog>
      <!-- <entry name=""primary""> -->
    </syslog>
  </log-settings>
</device-config>",paloalto,0,synthetic_v2,non_compliant_cis_2.1,hard
CIS-3.1,SNMP configuration must avoid well-known community names,Verify cis-3.1 compliance,"<!-- 54-FORTIGATE-89,99-EDGE-61 Configuration -->
<!-- Date: 2024-01-23 -->

<device-config>
  <system>
    <hostname>54-FORTIGATE-89,99-EDGE-61</hostname>
    <domain>example.com</domain>
  </system>
  <snmp>
    <community>
      <entry name=""security-team"">
        <version>v3</version>
      </entry>
    </community>
  </snmp>
</device-config>",paloalto,1,synthetic_v2,compliant_cis_3.1,easy
CIS-1.1,No default credential accounts should remain on network devices,Verify cis-1.1 compliance,"# 31-FIREWALL-64,75-SWITCH-19 Configuration
# Date: 2024-01-08

system {
    host-name 31-FIREWALL-64,75-SWITCH-19;
    domain-name example.corp.net;
    login {
        user guest {
            uid 1653;
            class super-user;
            authentication {
                encrypted-password ""$1$5161$hashvalue"";
            }
        }
    }
}",juniper,0,synthetic_v2,non_compliant_cis_1.1,medium
CIS-2.1,Security-relevant events must be logged to external syslog infrastructure,Verify cis-2.1 compliance,"# 31-SRX-45,41-MX-22,82-EX-12 Configuration
# Date: 2024-01-27

system {
    host-name 31-SRX-45,41-MX-22,82-EX-12;
    domain-name example.corp.net;
    syslog {
        #host 182.171.228.3 {
            any any;
        }
    }
}",juniper,0,synthetic_v2,non_compliant_cis_2.1,medium
CIS-3.1,SNMP configuration must avoid well-known community names,Verify cis-3.1 compliance,"<!-- 8-SECURITY-36,18-PERIMETER-15 Configuration -->
<!-- Date: 2024-01-28 -->

<device-config>
  <system>
    <hostname>8-SECURITY-36,18-PERIMETER-15</hostname>
    <domain>example.com</domain>
  </system>
  <snmp>
    <community>
      <entry name=""test"">
        <version>v2c</version>
      </entry>
    </community>
  </snmp>
</device-config>",paloalto,0,synthetic_v2,non_compliant_cis_3.1,medium
CIS-4.1,Proper network segmentation via security zones must be implemented,Verify cis-4.1 compliance,"# 52-SRX-64,99-MX-19,59-EX-41 Configuration
# Date: 2024-01-05

system {
    host-name 52-SRX-64,99-MX-19,59-EX-41;
    domain-name example.corp.net;
    security {
        zones {
            security-zone trust {
                interfaces {
                    st0.20;
                }
            }
        }
    }
}",juniper,1,synthetic_v2,compliant_cis_4.1,hard
CIS-3.1,SNMPv3 with custom community names must be implemented,Verify cis-3.1 compliance,"# 85-FIREWALL-28,77-SWITCH-82 Configuration
# Date: 2024-01-04

system {
    host-name 85-FIREWALL-28,77-SWITCH-82;
    domain-name example.corp.net;
    snmp {
        community cloud-monitor {
            authorization read-write;
        }
    }
}",juniper,1,synthetic_v2,compliant_cis_3.1,easy
CIS-1.1,Administrative accounts must not use vendor-default credentials,Verify cis-1.1 compliance,"<!-- 15-FORTIGATE-60,10-EDGE-19 Configuration -->
<!-- Date: 2024-01-25 -->

<device-config>
  <system>
    <hostname>15-FORTIGATE-60,10-EDGE-19</hostname>
    <domain>example.com</domain>
  </system>
  <mgt-config>
    <users>
      <entry name=""devops"">
        <password-hash>$1$7511$hashvalue</password-hash>
      </entry>
    </users>
  </mgt-config>
</device-config>",paloalto,1,synthetic_v2,compliant_cis_1.1,hard
CIS-1.2,Secure password hashing must be used for all user accounts,Verify cis-1.2 compliance,"<!-- 34-PAFW-71,75-PAN-75,93-CORP-54 Configuration -->
<!-- Date: 2024-01-10 -->

<device-config>
  <system>
    <hostname>34-PAFW-71,75-PAN-75,93-CORP-54</hostname>
    <domain>example.com</domain>
  </system>
  <mgt-config>
    <users>
      <entry name=""admin"">
        <password>plaintext123</password>
      </entry>
    </users>
  </mgt-config>
</device-config>",paloalto,0,synthetic_v2,non_compliant_cis_1.2,easy
CIS-4.1,Proper network segmentation via security zones must be implemented,Verify cis-4.1 compliance,"# 82-Junos-35,54-ROUTER-23 Configuration
# Date: 2024-01-18

system {
    host-name 82-Junos-35,54-ROUTER-23;
    domain-name example.corp.net;
    security {
        zones {
            #security-zone untrusted {
                interfaces { }
            }
        }
    }
}",juniper,0,synthetic_v2,non_compliant_cis_4.1,medium
CIS-4.1,Proper network segmentation via security zones must be implemented,Verify cis-4.1 compliance,"# 19-Junos-92,55-ROUTER-48 Configuration
# Date: 2024-01-13

system {
    host-name 19-Junos-92,55-ROUTER-48;
    domain-name example.corp.net;
    security {
        zones {
            #security-zone untrusted {
                interfaces { }
            }
        }
    }
}",juniper,0,synthetic_v2,non_compliant_cis_4.1,medium
CIS-2.1,Remote syslog servers must be configured for audit trail retention,Verify cis-2.1 compliance,"! ASA-36,70-FW-73-DMZ-85 Configuration
! Generated: 2024-01-02
!
hostname ASA-36,70-FW-73-DMZ-85
version 15.7
service timestamps debug datetime msec
service timestamps log datetime msec
service password-encryption

logging host 46.161.8.247
logging trap informational",cisco,1,synthetic_v2,compliant_cis_2.1,hard
CIS-2.2,Time synchronization with trusted NTP infrastructure is required,Verify cis-2.2 compliance,"<!-- 38-SECURITY-70,90-PERIMETER-63 Configuration -->
<!-- Date: 2024-01-07 -->

<device-config>
  <system>
    <hostname>38-SECURITY-70,90-PERIMETER-63</hostname>
    <domain>example.com</domain>
    <ntp-servers>
      <primary>146.95.178.83</primary>
      <secondary>71.82.35.136</secondary>
    </ntp-servers>
</device-config>",paloalto,1,synthetic_v2,compliant_cis_2.2,easy
CIS-3.1,SNMPv3 with custom community names must be implemented,Verify cis-3.1 compliance,"# 58-Junos-3,64-ROUTER-20 Configuration
# Date: 2024-01-21

system {
    host-name 58-Junos-3,64-ROUTER-20;
    domain-name example.corp.net;
    snmp {
        community platform-team {
            authorization read-write;
        }
    }
}",juniper,1,synthetic_v2,compliant_cis_3.1,easy
CIS-2.2,NTP servers must be configured for accurate timestamp recording,Verify cis-2.2 compliance,"! ASA-80,16-FW-37-DMZ-15 Configuration
! Generated: 2024-01-26
!
hostname ASA-80,16-FW-37-DMZ-15
version 15.7
service timestamps debug datetime msec
service timestamps log datetime msec
service password-encryption

ntp server 28.254.101.156
router ospf 1
 network 183.48.209/24 area 0
!",cisco,1,synthetic_v2,compliant_cis_2.2,medium
CIS-3.1,Default SNMP community strings like public or private are prohibited,Verify cis-3.1 compliance,"! ASA-69,22-FW-74-DMZ-78 Configuration
! Generated: 2024-01-13
!
hostname ASA-69,22-FW-74-DMZ-78
version 15.7
service timestamps debug datetime msec
service timestamps log datetime msec
service password-encryption

snmp-server community security-team RO
interface Port-channel10
 description WAN Interface
 ip address 70.211.44.128 255.255.255.0
 no shutdown
!
interface Management0
 description DMZ Interface
 ip address 56.154.89.29 255.255.255.252
 no shutdown
!
router ospf 1
 network 227.16.12/24 area 0
!",cisco,1,synthetic_v2,compliant_cis_3.1,medium
CIS-1.1,No default credential accounts should remain on network devices,Verify cis-1.1 compliance,"# 45-Junos-53,43-ROUTER-42 Configuration
# Date: 2024-01-22

system {
    host-name 45-Junos-53,43-ROUTER-42;
    domain-name example.corp.net;
    login {
        user network_engineer {
            uid 58212;
            class read-only;
            authentication {
                encrypted-password ""$1$6403$hashvalue"";
            }
        }
    }
}",juniper,1,synthetic_v2,compliant_cis_1.1,medium
CIS-4.1,Proper network segmentation via security zones must be implemented,Verify cis-4.1 compliance,"# 73-FIREWALL-97,18-SWITCH-26 Configuration
# Date: 2024-01-06

system {
    host-name 73-FIREWALL-97,18-SWITCH-26;
    domain-name example.corp.net;
    security {
        zones {
            #security-zone untrusted {
                interfaces { }
            }
        }
    }
}",juniper,0,synthetic_v2,non_compliant_cis_4.1,medium
CIS-3.1,SNMP configuration must avoid well-known community names,Verify cis-3.1 compliance,"<!-- 13-SECURITY-58,64-PERIMETER-31 Configuration -->
<!-- Date: 2024-01-03 -->

<device-config>
  <system>
    <hostname>13-SECURITY-58,64-PERIMETER-31</hostname>
    <domain>example.com</domain>
  </system>
  <snmp>
    <community>
      <entry name=""default"">
        <version>v2c</version>
      </entry>
    </community>
  </snmp>
</device-config>",paloalto,0,synthetic_v2,non_compliant_cis_3.1,easy
CIS-4.1,Proper network segmentation via security zones must be implemented,Verify cis-4.1 compliance,"# 55-FIREWALL-94,54-SWITCH-18 Configuration
# Date: 2024-01-27

system {
    host-name 55-FIREWALL-94,54-SWITCH-18;
    domain-name example.corp.net;
    security {
        zones {
            #security-zone untrusted {
                interfaces { }
            }
        }
    }
}",juniper,0,synthetic_v2,non_compliant_cis_4.1,hard
CIS-1.1,Administrative accounts must not use vendor-default credentials,Verify cis-1.1 compliance,"! ASA-67,60-FW-7-DMZ-72 Configuration
! Generated: 2024-01-08
!
hostname ASA-67,60-FW-7-DMZ-72
version 15.7
service timestamps debug datetime msec
service timestamps log datetime msec
service password-encryption

username manager privilege 15 secret 5 $1$2988$hashvalue
interface Loopback17
 description Uplink Interface
 ip address 82.226.218.213 255.255.252.0
 no shutdown
!
interface TenGigabitEthernet23/15
 description Management Interface
 ip address 67.126.141.197 255.255.252.0
 no shutdown
!
interface TenGigabitEthernet8/14
 description WAN Interface
 ip address 183.146.120.70 255.255.255.252
 no shutdown
!
router ospf 1
 network 77.32.118/24 area 0
!",cisco,0,synthetic_v2,non_compliant_cis_1.1,medium
CIS-2.2,NTP servers must be configured for accurate timestamp recording,Verify cis-2.2 compliance,"! SW-78-ACCESS-92,16-CORE-85 Configuration
! Generated: 2024-01-08
!
hostname SW-78-ACCESS-92,16-CORE-85
version 15.7
service timestamps debug datetime msec
service timestamps log datetime msec
service password-encryption

! ntp server 107.169.58.124
interface TenGigabitEthernet18/5
 description Management Interface
 ip address 6.124.22.33 255.255.252.0
 no shutdown
!
interface TenGigabitEthernet20/16
 description WAN Interface
 ip address 229.75.28.43 255.255.255.252
 no shutdown
!
router ospf 1
 network 172.20.9/24 area 0
!",cisco,0,synthetic_v2,non_compliant_cis_2.2,easy
CIS-1.1,Administrative accounts must not use vendor-default credentials,Verify cis-1.1 compliance,"<!-- 49-FORTIGATE-77,68-EDGE-38 Configuration -->
<!-- Date: 2024-01-15 -->

<device-config>
  <system>
    <hostname>49-FORTIGATE-77,68-EDGE-38</hostname>
    <domain>example.com</domain>
  </system>
  <mgt-config>
    <users>
      <entry name=""test"">
        <password-hash>$1$8048$hashvalue</password-hash>
      </entry>
    </users>
  </mgt-config>
</device-config>",paloalto,0,synthetic_v2,non_compliant_cis_1.1,easy
CIS-2.1,Remote syslog servers must be configured for audit trail retention,Verify cis-2.1 compliance,"<!-- 32-PAFW-5,59-PAN-7,47-CORP-91 Configuration -->
<!-- Date: 2024-01-07 -->

<device-config>
  <system>
    <hostname>32-PAFW-5,59-PAN-7,47-CORP-91</hostname>
    <domain>example.com</domain>
  </system>
  <log-settings>
    <syslog>
      <entry name=""primary"">
        <server>
          <entry name=""syslog-36"">
            <ip-address>95.237.203.163</ip-address>
          </entry>
        </server>
      </entry>
    </syslog>
  </log-settings>
</device-config>",paloalto,1,synthetic_v2,compliant_cis_2.1,easy
CIS-2.2,NTP servers must be configured for accurate timestamp recording,Verify cis-2.2 compliance,"! RTR-12,36,52-CORE-46 Configuration
! Generated: 2024-01-22
!
hostname RTR-12,36,52-CORE-46
version 15.7
service timestamps debug datetime msec
service timestamps log datetime msec
service password-encryption

! ntp server 102.207.102.133
router ospf 1
 network 145.16.178/24 area 0
!",cisco,0,synthetic_v2,non_compliant_cis_2.2,medium
CIS-1.2,Authentication credentials must not be stored in readable form,Verify cis-1.2 compliance,"# 41-Junos-54,20-ROUTER-53 Configuration
# Date: 2024-01-23

system {
    host-name 41-Junos-54,20-ROUTER-53;
    domain-name example.corp.net;
    root-authentication {
        encrypted-password ""$1$4340$hashvalue"";
    }
}",juniper,1,synthetic_v2,compliant_cis_1.2,medium
CIS-1.2,Authentication credentials must not be stored in readable form,Verify cis-1.2 compliance,"! RTR-64,66,60-CORE-64 Configuration
! Generated: 2024-01-10
!
hostname RTR-64,66,60-CORE-64
version 15.7
service timestamps debug datetime msec
service timestamps log datetime msec
service password-encryption

username operator privilege 1 password 0 cleartext123
enable password 0 weakenable
interface Vlan16
 description Management Interface
 ip address 248.123.110.150 255.255.255.252
!",cisco,0,synthetic_v2,non_compliant_cis_1.2,hard
CIS-4.1,Proper network segmentation via security zones must be implemented,Verify cis-4.1 compliance,"# 37-FIREWALL-54,23-SWITCH-63 Configuration
# Date: 2024-01-23

system {
    host-name 37-FIREWALL-54,23-SWITCH-63;
    domain-name example.corp.net;
    security {
        zones {
            #security-zone untrusted {
                interfaces { }
            }
        }
    }
}",juniper,0,synthetic_v2,non_compliant_cis_4.1,hard
CIS-1.1,Administrative accounts must not use vendor-default credentials,Verify cis-1.1 compliance,"<!-- 12-PAFW-38,42-PAN-96,54-CORP-23 Configuration -->
<!-- Date: 2024-01-07 -->

<device-config>
  <system>
    <hostname>12-PAFW-38,42-PAN-96,54-CORP-23</hostname>
    <domain>example.com</domain>
  </system>
  <mgt-config>
    <users>
      <entry name=""infrastructure_admin"">
        <password-hash>$1$9837$hashvalue</password-hash>
      </entry>
    </users>
  </mgt-config>
</device-config>",paloalto,1,synthetic_v2,compliant_cis_1.1,medium
CIS-3.1,SNMPv3 with custom community names must be implemented,Verify cis-3.1 compliance,"# 82-FIREWALL-46,56-SWITCH-79 Configuration
# Date: 2024-01-21

system {
    host-name 82-FIREWALL-46,56-SWITCH-79;
    domain-name example.corp.net;
    snmp {
        community server-mgmt {
            authorization read-write;
        }
    }
}",juniper,1,synthetic_v2,compliant_cis_3.1,medium
CIS-1.1,Administrative accounts must not use vendor-default credentials,Verify cis-1.1 compliance,"<!-- 83-PAFW-82,77-PAN-3,7-CORP-43 Configuration -->
<!-- Date: 2024-01-08 -->

<device-config>
  <system>
    <hostname>83-PAFW-82,77-PAN-3,7-CORP-43</hostname>
    <domain>example.com</domain>
  </system>
  <mgt-config>
    <users>
      <entry name=""infrastructure_admin"">
        <password-hash>$1$4362$hashvalue</password-hash>
      </entry>
    </users>
  </mgt-config>
</device-config>",paloalto,1,synthetic_v2,compliant_cis_1.1,easy
CIS-3.1,SNMPv3 with custom community names must be implemented,Verify cis-3.1 compliance,"# 90-SRX-84,17-MX-2,23-EX-81 Configuration
# Date: 2024-01-02

system {
    host-name 90-SRX-84,17-MX-2,23-EX-81;
    domain-name example.corp.net;
    snmp {
        community community {
            authorization read-only;
        }
    }
}",juniper,0,synthetic_v2,non_compliant_cis_3.1,easy
CIS-4.1,Zone-based firewall policies must separate network segments,Verify cis-4.1 compliance,"<!-- 20-FORTIGATE-39,80-EDGE-80 Configuration -->
<!-- Date: 2024-01-04 -->

<device-config>
  <system>
    <hostname>20-FORTIGATE-39,80-EDGE-80</hostname>
    <domain>example.com</domain>
  </system>
  <network>
    <zone>
      <!-- <entry name='untrusted'> -->
    </zone>
  </network>
</device-config>",paloalto,0,synthetic_v2,non_compliant_cis_4.1,easy
CIS-2.2,NTP servers must be configured for accurate timestamp recording,Verify cis-2.2 compliance,"! SW-17-ACCESS-14,3-CORE-26 Configuration
! Generated: 2024-01-17
!
hostname SW-17-ACCESS-14,3-CORE-26
version 15.7
service timestamps debug datetime msec
service timestamps log datetime msec
service password-encryption

! ntp server 221.214.76.156",cisco,0,synthetic_v2,non_compliant_cis_2.2,hard
CIS-3.1,SNMP configuration must avoid well-known community names,Verify cis-3.1 compliance,"<!-- 70-SECURITY-74,27-PERIMETER-88 Configuration -->
<!-- Date: 2024-01-03 -->

<device-config>
  <system>
    <hostname>70-SECURITY-74,27-PERIMETER-88</hostname>
    <domain>example.com</domain>
  </system>
  <snmp>
    <community>
      <entry name=""default"">
        <version>v2c</version>
      </entry>
    </community>
  </snmp>
</device-config>",paloalto,0,synthetic_v2,non_compliant_cis_3.1,medium
CIS-3.1,SNMPv3 with custom community names must be implemented,Verify cis-3.1 compliance,"# 79-Junos-22,76-ROUTER-9 Configuration
# Date: 2024-01-27

system {
    host-name 79-Junos-22,76-ROUTER-9;
    domain-name example.corp.net;
    snmp {
        community public {
            authorization read-only;
        }
    }
}",juniper,0,synthetic_v2,non_compliant_cis_3.1,easy
CIS-2.1,Remote syslog servers must be configured for audit trail retention,Verify cis-2.1 compliance,"<!-- 59-FORTIGATE-33,28-EDGE-60 Configuration -->
<!-- Date: 2024-01-10 -->

<device-config>
  <system>
    <hostname>59-FORTIGATE-33,28-EDGE-60</hostname>
    <domain>example.com</domain>
  </system>
  <log-settings>
    <syslog>
      <entry name=""primary"">
        <server>
          <entry name=""syslog-87"">
            <ip-address>134.203.52.2</ip-address>
          </entry>
        </server>
      </entry>
    </syslog>
  </log-settings>
</device-config>",paloalto,1,synthetic_v2,compliant_cis_2.1,hard
CIS-2.1,Security-relevant events must be logged to external syslog infrastructure,Verify cis-2.1 compliance,"# 23-Junos-23,31-ROUTER-76 Configuration
# Date: 2024-01-11

system {
    host-name 23-Junos-23,31-ROUTER-76;
    domain-name example.corp.net;
    syslog {
        host 207.183.14.181 {
            any any;
        }
    }
}",juniper,1,synthetic_v2,compliant_cis_2.1,hard
CIS-2.1,Remote syslog servers must be configured for audit trail retention,Verify cis-2.1 compliance,"! SW-60-ACCESS-41,53-CORE-16 Configuration
! Generated: 2024-01-18
!
hostname SW-60-ACCESS-41,53-CORE-16
version 15.7
service timestamps debug datetime msec
service timestamps log datetime msec
service password-encryption

! logging host 92.106.231.79
logging trap debugging
interface GigabitEthernet5/21
 description DMZ Interface
 ip address 212.20.110.214 255.255.255.252
!
router ospf 1
 network 172.16.202/24 area 0
!",cisco,0,synthetic_v2,non_compliant_cis_2.1,hard
CIS-1.2,Authentication credentials must not be stored in readable form,Verify cis-1.2 compliance,"# 78-FIREWALL-14,43-SWITCH-37 Configuration
# Date: 2024-01-15

system {
    host-name 78-FIREWALL-14,43-SWITCH-37;
    domain-name example.corp.net;
    root-authentication {
        password ""weakpass"";
    }
}",juniper,0,synthetic_v2,non_compliant_cis_1.2,hard
CIS-1.2,Authentication credentials must not be stored in readable form,Verify cis-1.2 compliance,"! SW-72-ACCESS-16,34-CORE-34 Configuration
! Generated: 2024-01-23
!
hostname SW-72-ACCESS-16,34-CORE-34
version 15.7
service timestamps debug datetime msec
service timestamps log datetime msec
service password-encryption

username operator privilege 1 password 0 cleartext123
enable password 0 weakenable
interface FastEthernet22/15
 description LAN Interface
 ip address 32.69.37.116 255.255.255.0
 no shutdown
!
interface Vlan2
 description DMZ Interface
 ip address 171.177.33.141 255.255.252.0
!
interface FastEthernet5/22
 description LAN Interface
 ip address 204.185.114.32 255.255.255.0
 no shutdown
!",cisco,0,synthetic_v2,non_compliant_cis_1.2,medium
CIS-1.1,Administrative accounts must not use vendor-default credentials,Verify cis-1.1 compliance,"! ASA-20,31-FW-21-DMZ-23 Configuration
! Generated: 2024-01-14
!
hostname ASA-20,31-FW-21-DMZ-23
version 15.7
service timestamps debug datetime msec
service timestamps log datetime msec
service password-encryption

username netadmin privilege 1 secret 5 $1$6442$hashvalue
username audit_user privilege 1 secret 5 $1$5065$hashvalue2
router ospf 1
 network 195.16.19/24 area 0
!",cisco,1,synthetic_v2,compliant_cis_1.1,medium
CIS-1.1,Administrative accounts must not use vendor-default credentials,Verify cis-1.1 compliance,"<!-- 55-PAFW-72,99-PAN-80,79-CORP-87 Configuration -->
<!-- Date: 2024-01-21 -->

<device-config>
  <system>
    <hostname>55-PAFW-72,99-PAN-80,79-CORP-87</hostname>
    <domain>example.com</domain>
  </system>
  <mgt-config>
    <users>
      <entry name=""test"">
        <password-hash>$1$1430$hashvalue</password-hash>
      </entry>
    </users>
  </mgt-config>
</device-config>",paloalto,0,synthetic_v2,non_compliant_cis_1.1,hard
CIS-1.1,Administrative accounts must not use vendor-default credentials,Verify cis-1.1 compliance,"<!-- 64-FORTIGATE-15,13-EDGE-31 Configuration -->
<!-- Date: 2024-01-18 -->

<device-config>
  <system>
    <hostname>64-FORTIGATE-15,13-EDGE-31</hostname>
    <domain>example.com</domain>
  </system>
  <mgt-config>
    <users>
      <entry name=""infrastructure_admin"">
        <password-hash>$1$7367$hashvalue</password-hash>
      </entry>
    </users>
  </mgt-config>
</device-config>",paloalto,1,synthetic_v2,compliant_cis_1.1,medium
CIS-1.1,No default credential accounts should remain on network devices,Verify cis-1.1 compliance,"# 98-SRX-82,91-MX-13,57-EX-22 Configuration
# Date: 2024-01-23

system {
    host-name 98-SRX-82,91-MX-13,57-EX-22;
    domain-name example.corp.net;
    login {
        user cisco {
            uid 1925;
            class super-user;
            authentication {
                encrypted-password ""$1$1474$hashvalue"";
            }
        }
    }
}",juniper,0,synthetic_v2,non_compliant_cis_1.1,easy
CIS-1.2,Authentication credentials must not be stored in readable form,Verify cis-1.2 compliance,"! ASA-92,55-FW-22-DMZ-89 Configuration
! Generated: 2024-01-15
!
hostname ASA-92,55-FW-22-DMZ-89
version 15.7
service timestamps debug datetime msec
service timestamps log datetime msec
service password-encryption

username operator privilege 1 password 0 cleartext123
enable password 0 weakenable
interface Port-channel11
 description Uplink Interface
 ip address 112.140.29.20 255.255.252.0
 no shutdown
!",cisco,0,synthetic_v2,non_compliant_cis_1.2,hard
CIS-2.1,Remote syslog servers must be configured for audit trail retention,Verify cis-2.1 compliance,"! ASA-68,33-FW-46-DMZ-35 Configuration
! Generated: 2024-01-26
!
hostname ASA-68,33-FW-46-DMZ-35
version 15.7
service timestamps debug datetime msec
service timestamps log datetime msec
service password-encryption

logging host 102.40.191.246
logging trap informational
interface TenGigabitEthernet22/7
 description DMZ Interface
 ip address 176.41.16.24 255.255.255.252
 no shutdown
!
interface Loopback15
 description WAN Interface
 ip address 164.4.87.22 255.255.255.252
 no shutdown
!
interface Port-channel10
 description Uplink Interface
 ip address 251.48.21.59 255.255.255.0
 no shutdown
!
router ospf 1
 network 172.24.138/24 area 0
!",cisco,1,synthetic_v2,compliant_cis_2.1,easy
CIS-1.2,Authentication credentials must not be stored in readable form,Verify cis-1.2 compliance,"! ASA-97,43-FW-18-DMZ-6 Configuration
! Generated: 2024-01-12
!
hostname ASA-97,43-FW-18-DMZ-6
version 15.7
service timestamps debug datetime msec
service timestamps log datetime msec
service password-encryption

username operator privilege 1 password 0 cleartext123
enable password 0 weakenable
interface TenGigabitEthernet24/21
 description Management Interface
 ip address 252.245.93.208 255.255.255.0
!
interface Management0
 description Management Interface
 ip address 10.150.103.12 255.255.255.0
 no shutdown
!
interface FastEthernet9/16
 description Management Interface
 ip address 254.242.129.10 255.255.252.0
!",cisco,0,synthetic_v2,non_compliant_cis_1.2,easy
CIS-2.2,NTP servers must be configured for accurate timestamp recording,Verify cis-2.2 compliance,"! ASA-17,28-FW-94-DMZ-3 Configuration
! Generated: 2024-01-19
!
hostname ASA-17,28-FW-94-DMZ-3
version 15.7
service timestamps debug datetime msec
service timestamps log datetime msec
service password-encryption

ntp server 130.86.63.94
ntp server 203.19.192.225
interface Loopback1
 description Uplink Interface
 ip address 13.55.10.13 255.255.252.0
!
interface Vlan12
 description WAN Interface
 ip address 141.129.242.180 255.255.255.0
!
interface Port-channel20
 description WAN Interface
 ip address 78.215.51.170 255.255.252.0
!
router ospf 1
 network 214.32.53/24 area 0
!",cisco,1,synthetic_v2,compliant_cis_2.2,hard
CIS-2.2,NTP servers must be configured for accurate timestamp recording,Verify cis-2.2 compliance,"# 78-FIREWALL-26,74-SWITCH-74 Configuration
# Date: 2024-01-21

system {
    host-name 78-FIREWALL-26,74-SWITCH-74;
    domain-name example.corp.net;
    ntp {
        server 167.89.145.91;
    }
}",juniper,1,synthetic_v2,compliant_cis_2.2,hard
CIS-4.1,Proper network segmentation via security zones must be implemented,Verify cis-4.1 compliance,"# 9-Junos-76,97-ROUTER-49 Configuration
# Date: 2024-01-03

system {
    host-name 9-Junos-76,97-ROUTER-49;
    domain-name example.corp.net;
    security {
        zones {
            #security-zone untrusted {
                interfaces { }
            }
        }
    }
}",juniper,0,synthetic_v2,non_compliant_cis_4.1,easy
CIS-1.1,Administrative accounts must not use vendor-default credentials,Verify cis-1.1 compliance,"<!-- 27-SECURITY-76,28-PERIMETER-30 Configuration -->
<!-- Date: 2024-01-11 -->

<device-config>
  <system>
    <hostname>27-SECURITY-76,28-PERIMETER-30</hostname>
    <domain>example.com</domain>
  </system>
  <mgt-config>
    <users>
      <entry name=""infrastructure_admin"">
        <password-hash>$1$1046$hashvalue</password-hash>
      </entry>
    </users>
  </mgt-config>
</device-config>",paloalto,1,synthetic_v2,compliant_cis_1.1,medium
CIS-2.2,NTP servers must be configured for accurate timestamp recording,Verify cis-2.2 compliance,"! RTR-58,78,61-CORE-62 Configuration
! Generated: 2024-01-06
!
hostname RTR-58,78,61-CORE-62
version 15.7
service timestamps debug datetime msec
service timestamps log datetime msec
service password-encryption

! ntp server 57.210.73.204
interface Loopback21
 description Uplink Interface
 ip address 68.85.175.237 255.255.255.252
 no shutdown
!",cisco,0,synthetic_v2,non_compliant_cis_2.2,medium
CIS-1.2,Authentication credentials must not be stored in readable form,Verify cis-1.2 compliance,"# 25-Junos-32,36-ROUTER-72 Configuration
# Date: 2024-01-10

system {
    host-name 25-Junos-32,36-ROUTER-72;
    domain-name example.corp.net;
    root-authentication {
        encrypted-password ""$1$4684$hashvalue"";
    }
}",juniper,1,synthetic_v2,compliant_cis_1.2,medium
CIS-4.1,Zone-based firewall policies must separate network segments,Verify cis-4.1 compliance,"<!-- 38-PAFW-85,64-PAN-63,65-CORP-34 Configuration -->
<!-- Date: 2024-01-18 -->

<device-config>
  <system>
    <hostname>38-PAFW-85,64-PAN-63,65-CORP-34</hostname>
    <domain>example.com</domain>
  </system>
  <network>
    <zone>
      <!-- <entry name='untrusted'> -->
    </zone>
  </network>
</device-config>",paloalto,0,synthetic_v2,non_compliant_cis_4.1,medium
CIS-2.1,Remote syslog servers must be configured for audit trail retention,Verify cis-2.1 compliance,"! RTR-12,1,40-CORE-57 Configuration
! Generated: 2024-01-12
!
hostname RTR-12,1,40-CORE-57
version 15.7
service timestamps debug datetime msec
service timestamps log datetime msec
service password-encryption

logging host 195.138.52.34
logging trap informational",cisco,1,synthetic_v2,compliant_cis_2.1,hard
CIS-1.2,Authentication credentials must not be stored in readable form,Verify cis-1.2 compliance,"! ASA-30,65-FW-72-DMZ-86 Configuration
! Generated: 2024-01-26
!
hostname ASA-30,65-FW-72-DMZ-86
version 15.7
service timestamps debug datetime msec
service timestamps log datetime msec
service password-encryption

username netadmin privilege 15 secret 5 $1$secure123$hashvalue
enable secret 5 $1$enablehash$enablevalue
interface Management0
 description WAN Interface
 ip address 112.9.235.236 255.255.255.0
 no shutdown
!
interface Loopback13
 description Uplink Interface
 ip address 104.213.148.30 255.255.255.252
!",cisco,1,synthetic_v2,compliant_cis_1.2,hard
CIS-2.2,NTP servers must be configured for accurate timestamp recording,Verify cis-2.2 compliance,"! RTR-29,79,33-CORE-25 Configuration
! Generated: 2024-01-04
!
hostname RTR-29,79,33-CORE-25
version 15.7
service timestamps debug datetime msec
service timestamps log datetime msec
service password-encryption

! ntp server 47.27.236.166
interface Port-channel2
 description DMZ Interface
 ip address 26.101.249.244 255.255.255.252
 no shutdown
!
interface Port-channel20
 description LAN Interface
 ip address 26.145.35.231 255.255.255.0
 no shutdown
!",cisco,0,synthetic_v2,non_compliant_cis_2.2,hard
CIS-4.1,Zone-based firewall policies must separate network segments,Verify cis-4.1 compliance,"<!-- 87-FORTIGATE-4,23-EDGE-49 Configuration -->
<!-- Date: 2024-01-20 -->

<device-config>
  <system>
    <hostname>87-FORTIGATE-4,23-EDGE-49</hostname>
    <domain>example.com</domain>
  </system>
  <network>
    <zone>
      <!-- <entry name='untrusted'> -->
    </zone>
  </network>
</device-config>",paloalto,0,synthetic_v2,non_compliant_cis_4.1,hard
CIS-1.2,Authentication credentials must not be stored in readable form,Verify cis-1.2 compliance,"# 24-SRX-18,62-MX-42,32-EX-1 Configuration
# Date: 2024-01-09

system {
    host-name 24-SRX-18,62-MX-42,32-EX-1;
    domain-name example.corp.net;
    root-authentication {
        password ""password"";
    }
}",juniper,0,synthetic_v2,non_compliant_cis_1.2,easy
CIS-2.1,Remote syslog servers must be configured for audit trail retention,Verify cis-2.1 compliance,"! ASA-77,51-FW-42-DMZ-4 Configuration
! Generated: 2024-01-21
!
hostname ASA-77,51-FW-42-DMZ-4
version 15.7
service timestamps debug datetime msec
service timestamps log datetime msec
service password-encryption

logging host 70.230.251.59
logging trap informational
interface Vlan5
 description Uplink Interface
 ip address 170.194.43.198 255.255.252.0
!
interface TenGigabitEthernet22/2
 description WAN Interface
 ip address 69.78.194.183 255.255.252.0
!",cisco,1,synthetic_v2,compliant_cis_2.1,medium
CIS-2.2,Time synchronization with trusted NTP infrastructure is required,Verify cis-2.2 compliance,"<!-- 65-FORTIGATE-56,90-EDGE-17 Configuration -->
<!-- Date: 2024-01-25 -->

<device-config>
  <system>
    <hostname>65-FORTIGATE-56,90-EDGE-17</hostname>
    <domain>example.com</domain>
    <ntp-servers>
      <!-- <primary>35.246.101.125</primary> -->
    </ntp-servers>
</device-config>",paloalto,0,synthetic_v2,non_compliant_cis_2.2,medium
CIS-3.1,Default SNMP community strings like public or private are prohibited,Verify cis-3.1 compliance,"! SW-51-ACCESS-23,91-CORE-77 Configuration
! Generated: 2024-01-19
!
hostname SW-51-ACCESS-23,91-CORE-77
version 15.7
service timestamps debug datetime msec
service timestamps log datetime msec
service password-encryption

snmp-server community test RO
interface FastEthernet6/22
 description Uplink Interface
 ip address 21.238.67.24 255.255.252.0
 no shutdown
!
interface Vlan9
 description Management Interface
 ip address 121.118.114.37 255.255.252.0
!",cisco,0,synthetic_v2,non_compliant_cis_3.1,easy
CIS-2.2,NTP servers must be configured for accurate timestamp recording,Verify cis-2.2 compliance,"# 58-SRX-96,43-MX-34,47-EX-47 Configuration
# Date: 2024-01-18

system {
    host-name 58-SRX-96,43-MX-34,47-EX-47;
    domain-name example.corp.net;
    ntp {
        server 143.131.176.6;
    }
}",juniper,1,synthetic_v2,compliant_cis_2.2,medium
CIS-2.2,Time synchronization with trusted NTP infrastructure is required,Verify cis-2.2 compliance,"<!-- 74-PAFW-83,50-PAN-85,63-CORP-68 Configuration -->
<!-- Date: 2024-01-20 -->

<device-config>
  <system>
    <hostname>74-PAFW-83,50-PAN-85,63-CORP-68</hostname>
    <domain>example.com</domain>
    <ntp-servers>
      <primary>180.131.25.94</primary>
    </ntp-servers>
</device-config>",paloalto,1,synthetic_v2,compliant_cis_2.2,hard
CIS-1.1,Administrative accounts must not use vendor-default credentials,Verify cis-1.1 compliance,"<!-- 86-FORTIGATE-96,90-EDGE-70 Configuration -->
<!-- Date: 2024-01-14 -->

<device-config>
  <system>
    <hostname>86-FORTIGATE-96,90-EDGE-70</hostname>
    <domain>example.com</domain>
  </system>
  <mgt-config>
    <users>
      <entry name=""security_team"">
        <password-hash>$1$3531$hashvalue</password-hash>
      </entry>
    </users>
  </mgt-config>
</device-config>",paloalto,1,synthetic_v2,compliant_cis_1.1,medium
CIS-1.2,Authentication credentials must not be stored in readable form,Verify cis-1.2 compliance,"! ASA-21,4-FW-19-DMZ-78 Configuration
! Generated: 2024-01-22
!
hostname ASA-21,4-FW-19-DMZ-78
version 15.7
service timestamps debug datetime msec
service timestamps log datetime msec
service password-encryption

username operator privilege 1 password 0 cleartext123
enable password 0 weakenable
interface TenGigabitEthernet2/7
 description DMZ Interface
 ip address 93.196.16.155 255.255.255.0
 no shutdown
!
router ospf 1
 network 172.16.227/24 area 0
!",cisco,0,synthetic_v2,non_compliant_cis_1.2,hard
CIS-1.1,Administrative accounts must not use vendor-default credentials,Verify cis-1.1 compliance,"<!-- 82-PAFW-60,90-PAN-39,84-CORP-53 Configuration -->
<!-- Date: 2024-01-04 -->

<device-config>
  <system>
    <hostname>82-PAFW-60,90-PAN-39,84-CORP-53</hostname>
    <domain>example.com</domain>
  </system>
  <mgt-config>
    <users>
      <entry name=""infrastructure_admin"">
        <password-hash>$1$1742$hashvalue</password-hash>
      </entry>
    </users>
  </mgt-config>
</device-config>",paloalto,1,synthetic_v2,compliant_cis_1.1,easy
CIS-2.1,Remote syslog servers must be configured for audit trail retention,Verify cis-2.1 compliance,"! RTR-75,13,65-CORE-18 Configuration
! Generated: 2024-01-21
!
hostname RTR-75,13,65-CORE-18
version 15.7
service timestamps debug datetime msec
service timestamps log datetime msec
service password-encryption

! logging host 210.201.38.152
logging trap debugging
interface Port-channel4
 description LAN Interface
 ip address 75.133.161.238 255.255.255.252
 no shutdown
!
interface Port-channel10
 description DMZ Interface
 ip address 116.139.119.20 255.255.255.0
!
router ospf 1
 network 79.16.54/24 area 0
!",cisco,0,synthetic_v2,non_compliant_cis_2.1,easy
CIS-3.1,SNMPv3 with custom community names must be implemented,Verify cis-3.1 compliance,"# 77-Junos-79,29-ROUTER-9 Configuration
# Date: 2024-01-26

system {
    host-name 77-Junos-79,29-ROUTER-9;
    domain-name example.corp.net;
    snmp {
        community private {
            authorization read-only;
        }
    }
}",juniper,0,synthetic_v2,non_compliant_cis_3.1,medium
CIS-3.1,Default SNMP community strings like public or private are prohibited,Verify cis-3.1 compliance,"! RTR-62,20,81-CORE-59 Configuration
! Generated: 2024-01-28
!
hostname RTR-62,20,81-CORE-59
version 15.7
service timestamps debug datetime msec
service timestamps log datetime msec
service password-encryption

snmp-server community netwatch RO
interface Management0
 description Management Interface
 ip address 238.28.153.145 255.255.252.0
 no shutdown
!
interface Loopback17
 description WAN Interface
 ip address 54.169.181.17 255.255.255.0
!",cisco,1,synthetic_v2,compliant_cis_3.1,medium
CIS-2.1,Security-relevant events must be logged to external syslog infrastructure,Verify cis-2.1 compliance,"# 24-Junos-48,49-ROUTER-48 Configuration
# Date: 2024-01-06

system {
    host-name 24-Junos-48,49-ROUTER-48;
    domain-name example.corp.net;
    syslog {
        #host 115.22.134.113 {
            any any;
        }
    }
}",juniper,0,synthetic_v2,non_compliant_cis_2.1,medium
CIS-1.1,Administrative accounts must not use vendor-default credentials,Verify cis-1.1 compliance,"! RTR-67,25,11-CORE-31 Configuration
! Generated: 2024-01-24
!
hostname RTR-67,25,11-CORE-31
version 15.7
service timestamps debug datetime msec
service timestamps log datetime msec
service password-encryption

username guest privilege 15 secret 5 $1$9004$hashvalue",cisco,0,synthetic_v2,non_compliant_cis_1.1,hard
CIS-2.2,NTP servers must be configured for accurate timestamp recording,Verify cis-2.2 compliance,"! RTR-83,79,80-CORE-32 Configuration
! Generated: 2024-01-02
!
hostname RTR-83,79,80-CORE-32
version 15.7
service timestamps debug datetime msec
service timestamps log datetime msec
service password-encryption

ntp server 175.164.195.235
ntp server 30.197.131.139
interface Loopback24
 description DMZ Interface
 ip address 132.228.249.12 255.255.255.252
 no shutdown
!",cisco,1,synthetic_v2,compliant_cis_2.2,hard
CIS-2.2,NTP servers must be configured for accurate timestamp recording,Verify cis-2.2 compliance,"# 26-SRX-59,95-MX-99,13-EX-67 Configuration
# Date: 2024-01-22

system {
    host-name 26-SRX-59,95-MX-99,13-EX-67;
    domain-name example.corp.net;
    ntp {
        #server 252.106.242.100;
    }
}",juniper,0,synthetic_v2,non_compliant_cis_2.2,hard
CIS-2.1,Remote syslog servers must be configured for audit trail retention,Verify cis-2.1 compliance,"<!-- 8-PAFW-77,52-PAN-85,41-CORP-88 Configuration -->
<!-- Date: 2024-01-05 -->

<device-config>
  <system>
    <hostname>8-PAFW-77,52-PAN-85,41-CORP-88</hostname>
    <domain>example.com</domain>
  </system>
  <log-settings>
    <syslog>
      <!-- <entry name=""primary""> -->
    </syslog>
  </log-settings>
</device-config>",paloalto,0,synthetic_v2,non_compliant_cis_2.1,hard
CIS-2.1,Remote syslog servers must be configured for audit trail retention,Verify cis-2.1 compliance,"! RTR-27,95,76-CORE-89 Configuration
! Generated: 2024-01-12
!
hostname RTR-27,95,76-CORE-89
version 15.7
service timestamps debug datetime msec
service timestamps log datetime msec
service password-encryption

! logging host 221.219.84.158
logging trap debugging",cisco,0,synthetic_v2,non_compliant_cis_2.1,easy
CIS-2.2,Time synchronization with trusted NTP infrastructure is required,Verify cis-2.2 compliance,"<!-- 7-FORTIGATE-40,68-EDGE-6 Configuration -->
<!-- Date: 2024-01-11 -->

<device-config>
  <system>
    <hostname>7-FORTIGATE-40,68-EDGE-6</hostname>
    <domain>example.com</domain>
    <ntp-servers>
      <!-- <primary>139.76.167.129</primary> -->
    </ntp-servers>
</device-config>",paloalto,0,synthetic_v2,non_compliant_cis_2.2,hard
CIS-3.1,SNMPv3 with custom community names must be implemented,Verify cis-3.1 compliance,"# 42-SRX-28,98-MX-6,76-EX-23 Configuration
# Date: 2024-01-11

system {
    host-name 42-SRX-28,98-MX-6,76-EX-23;
    domain-name example.corp.net;
    snmp {
        community public {
            authorization read-only;
        }
    }
}",juniper,0,synthetic_v2,non_compliant_cis_3.1,easy
CIS-2.1,Remote syslog servers must be configured for audit trail retention,Verify cis-2.1 compliance,"<!-- 17-PAFW-6,55-PAN-11,88-CORP-56 Configuration -->
<!-- Date: 2024-01-07 -->

<device-config>
  <system>
    <hostname>17-PAFW-6,55-PAN-11,88-CORP-56</hostname>
    <domain>example.com</domain>
  </system>
  <log-settings>
    <syslog>
      <entry name=""primary"">
        <server>
          <entry name=""syslog-81"">
            <ip-address>38.132.163.234</ip-address>
          </entry>
        </server>
      </entry>
    </syslog>
  </log-settings>
</device-config>",paloalto,1,synthetic_v2,compliant_cis_2.1,hard
CIS-2.2,NTP servers must be configured for accurate timestamp recording,Verify cis-2.2 compliance,"! SW-40-ACCESS-63,71-CORE-14 Configuration
! Generated: 2024-01-06
!
hostname SW-40-ACCESS-63,71-CORE-14
version 15.7
service timestamps debug datetime msec
service timestamps log datetime msec
service password-encryption

! ntp server 166.41.143.220
interface TenGigabitEthernet8/23
 description WAN Interface
 ip address 187.38.9.218 255.255.252.0
 no shutdown
!
interface Management0
 description Uplink Interface
 ip address 149.207.108.233 255.255.255.0
 no shutdown
!
interface Loopback17
 description Management Interface
 ip address 168.76.187.101 255.255.255.0
 no shutdown
!
router ospf 1
 network 68.64.237/24 area 0
!",cisco,0,synthetic_v2,non_compliant_cis_2.2,hard
CIS-4.1,Zone-based firewall policies must separate network segments,Verify cis-4.1 compliance,"<!-- 37-PAFW-22,97-PAN-69,1-CORP-93 Configuration -->
<!-- Date: 2024-01-04 -->

<device-config>
  <system>
    <hostname>37-PAFW-22,97-PAN-69,1-CORP-93</hostname>
    <domain>example.com</domain>
  </system>
  <network>
    <zone>
      <entry name=""untrust"">
        <network>
          <member>mgmt11</member>
        </network>
      </entry>
    </zone>
  </network>
</device-config>",paloalto,1,synthetic_v2,compliant_cis_4.1,hard
CIS-2.1,Security-relevant events must be logged to external syslog infrastructure,Verify cis-2.1 compliance,"# 16-SRX-2,8-MX-29,17-EX-26 Configuration
# Date: 2024-01-27

system {
    host-name 16-SRX-2,8-MX-29,17-EX-26;
    domain-name example.corp.net;
    syslog {
        host 103.190.43.150 {
            any any;
        }
    }
}",juniper,1,synthetic_v2,compliant_cis_2.1,hard
CIS-3.1,SNMPv3 with custom community names must be implemented,Verify cis-3.1 compliance,"# 24-FIREWALL-33,38-SWITCH-60 Configuration
# Date: 2024-01-22

system {
    host-name 24-FIREWALL-33,38-SWITCH-60;
    domain-name example.corp.net;
    snmp {
        community network-ops {
            authorization read-write;
        }
    }
}",juniper,1,synthetic_v2,compliant_cis_3.1,hard
