rule_id,policy,security_intent,config,vendor,label,source,reason,difficulty
CIS-1.1,Default usernames such as admin or root should be changed,Verify CIS-1.1 compliance,"! RTR-85-51 Configuration
!
hostname RTR-85-51
version 15.7
username cisco privilege 15 secret 5 $1$5944$hash
interface GigabitEthernet1/3
 ip address 167.162.89.182 255.255.255.0
 no shutdown
!",cisco,0,synthetic_v4,non_compliant,hard
CIS-1.1,Default usernames such as admin or root should be changed,Verify CIS-1.1 compliance,"! Generated: 2024-01-28
!
hostname RTR-90-88
version 15.7
username root privilege 15 secret 5 $1$3201$hash
interface GigabitEthernet1/2
 ip address 187.213.45.49 255.255.255.0
 no shutdown
!
interface GigabitEthernet1/1
 ip address 234.208.248.195 255.255.255.0
 no shutdown
!",cisco,0,synthetic_v4,non_compliant,hard
CIS-1.1,Default usernames such as admin or root should be changed,Verify CIS-1.1 compliance,"! RTR-12-6 Configuration
!
hostname RTR-12-6
version 15.7
username sysadmin privilege 15 secret 5 $1$7102$hash
interface GigabitEthernet0/1
 ip address 164.201.38.152 255.255.255.0
 no shutdown
!",cisco,1,synthetic_v4,compliant,hard
CIS-1.1,Default usernames such as admin or root should be changed,Verify CIS-1.1 compliance,"! ===========================================================================
! SW1 base configuration  (Layer 2 switch, IOSvL2)
! ComputingForGeeks CCNA 200-301 lab: base-device
! https://computingforgeeks.com/cisco-device-base-configuration/
!
! Paste at the privileged-EXEC prompt. RSA key generation takes a few seconds.
! The management IP lives on the Vlan1 SVI (a switch has no routed Gi0/0 by default).
! ===========================================================================
enable
configure terminal
hostname SW1
enable secret Cisc0-Lab!
service password-encryption
ip domain-name lab.example.com
username admin privilege 15 secret Adm1n-Lab!
crypto key generate rsa modulus 2048
ip ssh version 2
interface GigabitEthernet0/0
 no shutdown
 exit
interface Vlan1
 ip address 192.168.10.2 255.255.255.0
 no shutdown
 exit
line vty 0 4
 login local
 transport input ssh
 exit
banner motd #Authorized access only. Activity is logged.#
end
write memory

username test privilege 15 secret 5 $1$1987$hash
interface GigabitEthernet0/3
 description WAN Interface
 ip address 74.209.92.197 255.255.255.0
 no shutdown
!",cisco,0,real_derived_SW1-base-config.txt,mutated_from_SW1-base-config.txt_to_0,medium
CIS-1.1,Default usernames such as admin or root should be changed,Verify CIS-1.1 compliance,"! RTR-80-78 Configuration
!
hostname RTR-80-78
version 15.7
username guest privilege 15 secret 5 $1$1635$hash
interface GigabitEthernet0/0
 ip address 191.243.137.230 255.255.255.0
 no shutdown
!
interface GigabitEthernet1/0
 ip address 87.155.159.72 255.255.255.0
 no shutdown
!",cisco,0,synthetic_v4,non_compliant,medium
CIS-1.1,Default usernames such as admin or root should be changed,Verify CIS-1.1 compliance,"! Generated: 2024-01-22
!
hostname RTR-17-76
version 15.7
username devops privilege 15 secret 5 $1$1152$hash",cisco,1,synthetic_v4,compliant,medium
CIS-1.1,Default usernames such as admin or root should be changed,Verify CIS-1.1 compliance,"! Generated: 2024-01-06
!
hostname RTR-76-71
version 15.7
username cisco privilege 15 secret 5 $1$2480$hash",cisco,0,synthetic_v4,non_compliant,medium
CIS-1.1,Default usernames such as admin or root should be changed,Verify CIS-1.1 compliance,"! RTR-41-95 Configuration
!
hostname RTR-41-95
version 15.7
username test privilege 15 secret 5 $1$1462$hash
interface GigabitEthernet0/1
 ip address 215.252.158.45 255.255.255.0
 no shutdown
!
interface GigabitEthernet1/0
 ip address 24.28.119.155 255.255.255.0
 no shutdown
!",cisco,0,synthetic_v4,non_compliant,easy
CIS-1.1,Default usernames such as admin or root should be changed,Verify CIS-1.1 compliance,"# -*- restclient -*-

# Settings
:node = asr-101
:addr = 50.196.141.39
:deviceusername = <username>
:devicepassword = <password>
:host = http://localhost:8181
:basic-auth := (format ""Basic %s"" (base64-encode-string (format ""%s:%s"" ""admin"" ""admin"")))

# Create ASR 101
POST :host/restconf/config/network-topology:network-topology/topology/topology-netconf/node/controller-config/yang-ext:mount/config:modules
Authorization: :basic-auth
Content-Type: application/xml
<module xmlns=""urn:opendaylight:params:xml:ns:yang:controller:config"">
   <type xmlns:prefix=""urn:opendaylight:params:xml:ns:yang:controller:md:sal:connector:netconf"">prefix:sal-netconf-connector</type>
   <name>:node
   </name>
   <address xmlns=""urn:opendaylight:params:xml:ns:yang:controller:md:sal:connector:netconf"">:addr
   </address>
   <port xmlns=""urn:opendaylight:params:xml:ns:yang:controller:md:sal:connector:netconf"">830</port>
   <username xmlns=""urn:opendaylight:params:xml:ns:yang:controller:md:sal:connector:netconf"">:deviceusername</username>
   <password xmlns=""urn:opendaylight:params:xml:ns:yang:controller:md:sal:connector:netconf"">:devicepassword</password>
   <tcp-only xmlns=""urn:opendaylight:params:xml:ns:yang:controller:md:sal:connector:netconf"">false</tcp-only>
   <event-executor xmlns=""urn:opendaylight:params:xml:ns:yang:controller:md:sal:connector:netconf"">
     <type xmlns:prefix=""urn:opendaylight:params:xml:ns:yang:controller:netty"">prefix:netty-event-executor</type>
     <name>global-event-executor</name>
   </event-executor>
   <binding-registry xmlns=""urn:opendaylight:params:xml:ns:yang:controller:md:sal:connector:netconf"">
     <type xmlns:prefix=""urn:opendaylight:params:xml:ns:yang:controller:md:sal:binding"">prefix:binding-broker-osgi-registry</type>
     <name>binding-osgi-broker</name>
   </binding-registry>
   <dom-registry xmlns=""urn:opendaylight:params:xml:ns:yang:controller:md:sal:connector:netconf"">
     <type xmlns:prefix=""urn:opendaylight:params:xml:ns:yang:controller:md:sal:dom"">prefix:dom-broker-osgi-registry</type>
     <name>dom-broker</name>
   </dom-registry>
   <client-dispatcher xmlns=""urn:opendaylight:params:xml:ns:yang:controller:md:sal:connector:netconf"">
     <type xmlns:prefix=""urn:opendaylight:params:xml:ns:yang:controller:config:netconf"">prefix:netconf-client-dispatcher</type>
     <name>global-netconf-dispatcher</name>
   </client-dispatcher>
   <processing-executor xmlns=""urn:opendaylight:params:xml:ns:yang:controller:md:sal:connector:netconf"">
     <type xmlns:prefix=""urn:opendaylight:params:xml:ns:yang:controller:threadpool"">prefix:threadpool</type>
     <name>global-netconf-processing-executor</name>
   </processing-executor>
 </module>

# Get node operational status
GET :host/restconf/operational/network-topology:network-topology/topology/topology-netconf/node/:node/
Authorization: :basic-auth

# Get interface configuration
GET :host/restconf/operational/network-topology:network-topology/topology/topology-netconf/node/:node/yang-ext:mount/Cisco-IOS-XR-ifmgr-cfg:interface-configurations/
Authorization: :basic-auth
Accept: application/xml

# Get operational l2vpn xconnect groups
GET :host/restconf/operational/network-topology:network-topology/topology/topology-netconf/node/:node/yang-ext:mount/Cisco-IOS-XR-l2vpn-cfg:l2vpn/database/xconnect-groups/xconnect-group/local
Authorization: :basic-auth
Accept: application/xml

# Show
GET :host/restconf/config/network-topology:network-topology/topology/topology-netconf/node/controller-config/yang-ext:mount/config:modules/module/odl-sal-netconf-connector-cfg:sal-netconf-connector/:node
Authorization: :basic-auth

# Delete
DELETE :host/restconf/config/network-topology:network-topology/topology/topology-netconf/node/controller-config/yang-ext:mount/config:modules/module/odl-sal-netconf-connector-cfg:sal-netconf-connector/:node
Authorization: :basic-auth",cisco,1,real_derived_cisco-xr-lab-device.txt,mutated_from_cisco-xr-lab-device.txt_to_1,medium
CIS-1.1,Avoid Default Credentials,"No default usernames (admin, root, cisco, guest, test) should be configured.",username cisco privilege 1 secret 5 $1$cisco123$hash,cisco,0,v1_curated,curated_training,easy
CIS-1.1,Avoid Default Credentials,"No default usernames (admin, root, cisco, guest, test) should be configured.",username backup_user privilege 1 secret 5 $1$backup123$hash,cisco,1,v1_curated,curated_training,medium
CIS-1.1,Default usernames such as admin or root should be changed,Verify CIS-1.1 compliance,"! Generated: 2024-01-24
!
hostname RTR-14-64
version 15.7
username admin privilege 15 secret 5 $1$4899$hash
interface GigabitEthernet0/0
 ip address 211.171.228.3 255.255.255.0
 no shutdown
!
interface GigabitEthernet1/1
 ip address 64.34.179.66 255.255.255.0
 no shutdown
!",cisco,0,synthetic_v4,non_compliant,easy
CIS-1.1,Default usernames such as admin or root should be changed,Verify CIS-1.1 compliance,"! RTR-7-22 Configuration
!
hostname RTR-7-22
version 15.7
username guest privilege 15 secret 5 $1$7471$hash
interface GigabitEthernet1/1
 ip address 91.109.95.71 255.255.255.0
 no shutdown
!
interface GigabitEthernet1/3
 ip address 227.76.17.158 255.255.255.0
 no shutdown
!",cisco,0,synthetic_v4,non_compliant,hard
CIS-1.1,Default usernames such as admin or root should be changed,Verify CIS-1.1 compliance,"! RTR-7-21 Configuration
!
hostname RTR-7-21
version 15.7
username root privilege 15 secret 5 $1$4626$hash
interface GigabitEthernet1/3
 ip address 132.10.4.122 255.255.255.0
 no shutdown
!",cisco,0,synthetic_v4,non_compliant,easy
CIS-1.1,Default usernames such as admin or root should be changed,Verify CIS-1.1 compliance,"! Generated: 2024-01-04
!
hostname RTR-7-31
version 15.7
username network_engineer privilege 15 secret 5 $1$9185$hash
interface GigabitEthernet0/2
 ip address 240.162.67.100 255.255.255.0
 no shutdown
!",cisco,1,synthetic_v4,compliant,hard
CIS-1.1,Default usernames such as admin or root should be changed,Verify CIS-1.1 compliance,"! Generated: 2024-01-23
!
hostname RTR-51-65
version 15.7
username sysadmin privilege 15 secret 5 $1$7939$hash
interface GigabitEthernet0/2
 ip address 22.158.40.131 255.255.255.0
 no shutdown
!",cisco,1,synthetic_v4,compliant,easy
CIS-1.1,Default usernames such as admin or root should be changed,Verify CIS-1.1 compliance,"! Generated: 2024-01-23
!
hostname RTR-90-17
version 15.7
username noc_analyst privilege 15 secret 5 $1$5055$hash
interface GigabitEthernet1/1
 ip address 148.137.212.97 255.255.255.0
 no shutdown
!
interface GigabitEthernet1/0
 ip address 163.47.206.132 255.255.255.0
 no shutdown
!",cisco,1,synthetic_v4,compliant,hard
CIS-1.1,No default credential accounts should remain on network devices,Verify CIS-1.1 compliance,"# -*- restclient -*-

# Settings
:node = asr-101
:addr = 50.196.141.39
:deviceusername = <username>
:devicepassword = <password>
:host = http://localhost:8181
:basic-auth := (format ""Basic %s"" (base64-encode-string (format ""%s:%s"" ""admin"" ""admin"")))

# Create ASR 101
POST :host/restconf/config/network-topology:network-topology/topology/topology-netconf/node/controller-config/yang-ext:mount/config:modules
Authorization: :basic-auth
Content-Type: application/xml
<module xmlns=""urn:opendaylight:params:xml:ns:yang:controller:config"">
   <type xmlns:prefix=""urn:opendaylight:params:xml:ns:yang:controller:md:sal:connector:netconf"">prefix:sal-netconf-connector</type>
   <name>:node
   </name>
   <address xmlns=""urn:opendaylight:params:xml:ns:yang:controller:md:sal:connector:netconf"">:addr
   </address>
   <port xmlns=""urn:opendaylight:params:xml:ns:yang:controller:md:sal:connector:netconf"">830</port>
   <username xmlns=""urn:opendaylight:params:xml:ns:yang:controller:md:sal:connector:netconf"">:deviceusername</username>
   <password xmlns=""urn:opendaylight:params:xml:ns:yang:controller:md:sal:connector:netconf"">:devicepassword</password>
   <tcp-only xmlns=""urn:opendaylight:params:xml:ns:yang:controller:md:sal:connector:netconf"">false</tcp-only>
   <event-executor xmlns=""urn:opendaylight:params:xml:ns:yang:controller:md:sal:connector:netconf"">
     <type xmlns:prefix=""urn:opendaylight:params:xml:ns:yang:controller:netty"">prefix:netty-event-executor</type>
     <name>global-event-executor</name>
   </event-executor>
   <binding-registry xmlns=""urn:opendaylight:params:xml:ns:yang:controller:md:sal:connector:netconf"">
     <type xmlns:prefix=""urn:opendaylight:params:xml:ns:yang:controller:md:sal:binding"">prefix:binding-broker-osgi-registry</type>
     <name>binding-osgi-broker</name>
   </binding-registry>
   <dom-registry xmlns=""urn:opendaylight:params:xml:ns:yang:controller:md:sal:connector:netconf"">
     <type xmlns:prefix=""urn:opendaylight:params:xml:ns:yang:controller:md:sal:dom"">prefix:dom-broker-osgi-registry</type>
     <name>dom-broker</name>
   </dom-registry>
   <client-dispatcher xmlns=""urn:opendaylight:params:xml:ns:yang:controller:md:sal:connector:netconf"">
     <type xmlns:prefix=""urn:opendaylight:params:xml:ns:yang:controller:config:netconf"">prefix:netconf-client-dispatcher</type>
     <name>global-netconf-dispatcher</name>
   </client-dispatcher>
   <processing-executor xmlns=""urn:opendaylight:params:xml:ns:yang:controller:md:sal:connector:netconf"">
     <type xmlns:prefix=""urn:opendaylight:params:xml:ns:yang:controller:threadpool"">prefix:threadpool</type>
     <name>global-netconf-processing-executor</name>
   </processing-executor>
 </module>

# Get node operational status
GET :host/restconf/operational/network-topology:network-topology/topology/topology-netconf/node/:node/
Authorization: :basic-auth

# Get interface configuration
GET :host/restconf/operational/network-topology:network-topology/topology/topology-netconf/node/:node/yang-ext:mount/Cisco-IOS-XR-ifmgr-cfg:interface-configurations/
Authorization: :basic-auth
Accept: application/xml

# Get operational l2vpn xconnect groups
GET :host/restconf/operational/network-topology:network-topology/topology/topology-netconf/node/:node/yang-ext:mount/Cisco-IOS-XR-l2vpn-cfg:l2vpn/database/xconnect-groups/xconnect-group/local
Authorization: :basic-auth
Accept: application/xml

# Show
GET :host/restconf/config/network-topology:network-topology/topology/topology-netconf/node/controller-config/yang-ext:mount/config:modules/module/odl-sal-netconf-connector-cfg:sal-netconf-connector/:node
Authorization: :basic-auth

# Delete
DELETE :host/restconf/config/network-topology:network-topology/topology/topology-netconf/node/controller-config/yang-ext:mount/config:modules/module/odl-sal-netconf-connector-cfg:sal-netconf-connector/:node
Authorization: :basic-auth

interface GigabitEthernet0/1
 description DMZ Interface
 ip address 167.214.112.115 255.255.255.0
 no shutdown
!",cisco,1,real_derived_cisco-xr-lab-device.txt,mutated_from_cisco-xr-lab-device.txt_to_1,medium
CIS-1.1,Administrative accounts must not use vendor-default credentials,Verify CIS-1.1 compliance,"! ===========================================================================
! SW1 base configuration  (Layer 2 switch, IOSvL2)
! ComputingForGeeks CCNA 200-301 lab: base-device
! https://computingforgeeks.com/cisco-device-base-configuration/
!
! Paste at the privileged-EXEC prompt. RSA key generation takes a few seconds.
! The management IP lives on the Vlan1 SVI (a switch has no routed Gi0/0 by default).
! ===========================================================================
enable
configure terminal
hostname SW1
enable secret Cisc0-Lab!
service password-encryption
ip domain-name lab.example.com
crypto key generate rsa modulus 2048
ip ssh version 2
interface GigabitEthernet0/0
 no shutdown
 exit
interface Vlan1
 ip address 192.168.10.2 255.255.255.0
 no shutdown
 exit
line vty 0 4
 login local
 transport input ssh
 exit
banner motd #Authorized access only. Activity is logged.#
end
write memory

username ops_team privilege 15 secret 5 $1$3924$hash
interface GigabitEthernet1/1
 description DMZ Interface
 ip address 251.114.1.194 255.255.255.0
 no shutdown
!",cisco,1,real_derived_SW1-base-config.txt,mutated_from_SW1-base-config.txt_to_1,medium
CIS-1.1,Default usernames such as admin or root should be changed,Verify CIS-1.1 compliance,"! ===========================================================================
! R1 base configuration  (router, c7200/IOSv)
! ComputingForGeeks CCNA 200-301 lab: base-device
! https://computingforgeeks.com/cisco-device-base-configuration/
!
! Paste at the privileged-EXEC prompt. RSA key generation takes a few seconds;
! on real gear, let it finish before the rest is applied.
! ===========================================================================
enable
configure terminal
hostname R1
enable secret Cisc0-Lab!
service password-encryption
ip domain-name lab.example.com
username admin privilege 15 secret Adm1n-Lab!
crypto key generate rsa modulus 2048
ip ssh version 2
interface GigabitEthernet0/0
 ip address 192.168.10.1 255.255.255.0
 no shutdown
 exit
line console 0
 password Con-Lab!
 login
 exit
line vty 0 4
 login local
 transport input ssh
 exit
banner motd #Authorized access only. Activity is logged.#
end
write memory

username root privilege 15 secret 5 $1$8555$hash
interface GigabitEthernet1/2
 description DMZ Interface
 ip address 3.238.147.174 255.255.255.0
 no shutdown
!",cisco,0,real_derived_R1-base-config.txt,mutated_from_R1-base-config.txt_to_0,medium
CIS-1.1,Default usernames such as admin or root should be changed,Verify CIS-1.1 compliance,"! Generated: 2024-01-03
!
hostname RTR-21-94
version 15.7
username cisco privilege 15 secret 5 $1$8909$hash
interface GigabitEthernet0/3
 ip address 41.27.51.85 255.255.255.0
 no shutdown
!
interface GigabitEthernet0/1
 ip address 105.135.144.77 255.255.255.0
 no shutdown
!",cisco,0,synthetic_v4,non_compliant,easy
CIS-1.1,Default usernames such as admin or root should be changed,Verify CIS-1.1 compliance,"! Generated: 2024-01-24
!
hostname RTR-19-77
version 15.7
username admin privilege 15 secret 5 $1$2425$hash
interface GigabitEthernet1/2
 ip address 134.234.6.202 255.255.255.0
 no shutdown
!
interface GigabitEthernet1/0
 ip address 107.76.75.146 255.255.255.0
 no shutdown
!",cisco,0,synthetic_v4,non_compliant,hard
CIS-1.1,No default credential accounts should remain on network devices,Verify CIS-1.1 compliance,"! ===========================================================================
! SW1 base configuration  (Layer 2 switch, IOSvL2)
! ComputingForGeeks CCNA 200-301 lab: base-device
! https://computingforgeeks.com/cisco-device-base-configuration/
!
! Paste at the privileged-EXEC prompt. RSA key generation takes a few seconds.
! The management IP lives on the Vlan1 SVI (a switch has no routed Gi0/0 by default).
! ===========================================================================
enable
configure terminal
hostname SW1
enable secret Cisc0-Lab!
service password-encryption
ip domain-name lab.example.com
crypto key generate rsa modulus 2048
ip ssh version 2
interface GigabitEthernet0/0
 no shutdown
 exit
interface Vlan1
 ip address 192.168.10.2 255.255.255.0
 no shutdown
 exit
line vty 0 4
 login local
 transport input ssh
 exit
banner motd #Authorized access only. Activity is logged.#
end
write memory

username infrastructure_admin privilege 15 secret 5 $1$8585$hash
interface GigabitEthernet1/3
 description WAN Interface
 ip address 64.235.177.40 255.255.255.0
 no shutdown
!",cisco,1,real_derived_SW1-base-config.txt,mutated_from_SW1-base-config.txt_to_1,medium
CIS-1.1,Default usernames such as admin or root should be changed,Verify CIS-1.1 compliance,"! RTR-16-55 Configuration
!
hostname RTR-16-55
version 15.7
username devops privilege 15 secret 5 $1$2160$hash",cisco,1,synthetic_v4,compliant,easy
CIS-1.1,No default credential accounts should remain on network devices,Verify CIS-1.1 compliance,"! ===========================================================================
! SW1 base configuration  (Layer 2 switch, IOSvL2)
! ComputingForGeeks CCNA 200-301 lab: base-device
! https://computingforgeeks.com/cisco-device-base-configuration/
!
! Paste at the privileged-EXEC prompt. RSA key generation takes a few seconds.
! The management IP lives on the Vlan1 SVI (a switch has no routed Gi0/0 by default).
! ===========================================================================
enable
configure terminal
hostname SW1
enable secret Cisc0-Lab!
service password-encryption
ip domain-name lab.example.com
crypto key generate rsa modulus 2048
ip ssh version 2
interface GigabitEthernet0/0
 no shutdown
 exit
interface Vlan1
 ip address 192.168.10.2 255.255.255.0
 no shutdown
 exit
line vty 0 4
 login local
 transport input ssh
 exit
banner motd #Authorized access only. Activity is logged.#
end
write memory

username sysadmin privilege 15 secret 5 $1$7135$hash
interface GigabitEthernet1/3
 description LAN Interface
 ip address 97.41.68.168 255.255.255.0
 no shutdown
!",cisco,1,real_derived_SW1-base-config.txt,mutated_from_SW1-base-config.txt_to_1,medium
CIS-1.1,Default usernames such as admin or root should be changed,Verify CIS-1.1 compliance,"! Generated: 2024-01-02
!
hostname RTR-32-46
version 15.7
username infrastructure_admin privilege 15 secret 5 $1$5262$hash
interface GigabitEthernet0/3
 ip address 219.231.127.25 255.255.255.0
 no shutdown
!",cisco,1,synthetic_v4,compliant,medium
CIS-1.1,Administrative accounts must not use vendor-default credentials,Verify CIS-1.1 compliance,"! ===========================================================================
! SW1 base configuration  (Layer 2 switch, IOSvL2)
! ComputingForGeeks CCNA 200-301 lab: base-device
! https://computingforgeeks.com/cisco-device-base-configuration/
!
! Paste at the privileged-EXEC prompt. RSA key generation takes a few seconds.
! The management IP lives on the Vlan1 SVI (a switch has no routed Gi0/0 by default).
! ===========================================================================
enable
configure terminal
hostname SW1
enable secret Cisc0-Lab!
service password-encryption
ip domain-name lab.example.com
username admin privilege 15 secret Adm1n-Lab!
crypto key generate rsa modulus 2048
ip ssh version 2
interface GigabitEthernet0/0
 no shutdown
 exit
interface Vlan1
 ip address 192.168.10.2 255.255.255.0
 no shutdown
 exit
line vty 0 4
 login local
 transport input ssh
 exit
banner motd #Authorized access only. Activity is logged.#
end
write memory

username admin privilege 15 secret 5 $1$7941$hash",cisco,0,real_derived_SW1-base-config.txt,mutated_from_SW1-base-config.txt_to_0,medium
CIS-1.1,Avoid Default Credentials,"No default usernames (admin, root, cisco, guest, test) should be configured.",username test privilege 1 secret 5 $1$test123$hash,cisco,0,v1_curated,curated_training,easy
CIS-1.1,Default usernames such as admin or root should be changed,Verify CIS-1.1 compliance,"! RTR-74-87 Configuration
!
hostname RTR-74-87
version 15.7
username network_engineer privilege 15 secret 5 $1$9336$hash",cisco,1,synthetic_v4,compliant,easy
CIS-1.1,Avoid Default Credentials,"No default usernames (admin, root, cisco, guest, test) should be configured.",username admin privilege 15 password 0 admin123,cisco,0,v1_curated,curated_training,medium
CIS-1.1,Default usernames such as admin or root should be changed,Verify CIS-1.1 compliance,"! RTR-32-36 Configuration
!
hostname RTR-32-36
version 15.7
username network_engineer privilege 15 secret 5 $1$5668$hash
interface GigabitEthernet1/1
 ip address 133.96.200.76 255.255.255.0
 no shutdown
!",cisco,1,synthetic_v4,compliant,hard
CIS-1.1,Default usernames such as admin or root should be changed,Verify CIS-1.1 compliance,"! RTR-51-90 Configuration
!
hostname RTR-51-90
version 15.7
username noc_analyst privilege 15 secret 5 $1$6211$hash
interface GigabitEthernet0/1
 ip address 35.55.79.28 255.255.255.0
 no shutdown
!",cisco,1,synthetic_v4,compliant,easy
CIS-1.1,Avoid Default Credentials,"No default usernames (admin, root, cisco, guest, test) should be configured.",username root privilege 1 secret 5 $1$root123$hash,cisco,0,v1_curated,curated_training,easy
CIS-1.1,Default usernames such as admin or root should be changed,Verify CIS-1.1 compliance,"! RTR-41-35 Configuration
!
hostname RTR-41-35
version 15.7
username noc_analyst privilege 15 secret 5 $1$2956$hash
interface GigabitEthernet0/1
 ip address 206.23.205.18 255.255.255.0
 no shutdown
!",cisco,1,synthetic_v4,compliant,medium
CIS-1.1,Default usernames such as admin or root should be changed,Verify CIS-1.1 compliance,"! Generated: 2024-01-04
!
hostname RTR-38-3
version 15.7
username admin privilege 15 secret 5 $1$6600$hash",cisco,0,synthetic_v4,non_compliant,medium
CIS-1.1,Unique administrative accounts must replace default credentials,Verify CIS-1.1 compliance,"! ===========================================================================
! R1 base configuration  (router, c7200/IOSv)
! ComputingForGeeks CCNA 200-301 lab: base-device
! https://computingforgeeks.com/cisco-device-base-configuration/
!
! Paste at the privileged-EXEC prompt. RSA key generation takes a few seconds;
! on real gear, let it finish before the rest is applied.
! ===========================================================================
enable
configure terminal
hostname R1
enable secret Cisc0-Lab!
service password-encryption
ip domain-name lab.example.com
crypto key generate rsa modulus 2048
ip ssh version 2
interface GigabitEthernet0/0
 ip address 192.168.10.1 255.255.255.0
 no shutdown
 exit
line console 0
 password Con-Lab!
 login
 exit
line vty 0 4
 login local
 transport input ssh
 exit
banner motd #Authorized access only. Activity is logged.#
end
write memory

username ops_team privilege 15 secret 5 $1$8237$hash
interface GigabitEthernet1/3
 description DMZ Interface
 ip address 65.233.154.51 255.255.255.0
 no shutdown
!",cisco,1,real_derived_R1-base-config.txt,mutated_from_R1-base-config.txt_to_1,medium
CIS-1.1,Avoid Default Credentials,"No default usernames (admin, root, cisco, guest, test) should be configured.",username custom_admin privilege 15 secret 5 $1$custadm123$hash,cisco,1,v1_curated,curated_training,medium
CIS-1.1,Default usernames such as admin or root should be changed,Verify CIS-1.1 compliance,"! Generated: 2024-01-18
!
hostname RTR-37-40
version 15.7
username devops privilege 15 secret 5 $1$1130$hash
interface GigabitEthernet1/1
 ip address 119.188.252.198 255.255.255.0
 no shutdown
!
interface GigabitEthernet0/1
 ip address 39.3.209.7 255.255.255.0
 no shutdown
!",cisco,1,synthetic_v4,compliant,easy
CIS-1.1,Default usernames such as admin or root should be changed,Verify CIS-1.1 compliance,"! RTR-89-79 Configuration
!
hostname RTR-89-79
version 15.7
username root privilege 15 secret 5 $1$3872$hash
interface GigabitEthernet0/1
 ip address 187.0.200.218 255.255.255.0
 no shutdown
!
interface GigabitEthernet0/1
 ip address 155.162.113.164 255.255.255.0
 no shutdown
!",cisco,0,synthetic_v4,non_compliant,hard
CIS-1.1,Default usernames such as admin or root should be changed,Verify CIS-1.1 compliance,"! Generated: 2024-01-14
!
hostname RTR-28-25
version 15.7
username admin privilege 15 secret 5 $1$8133$hash",cisco,0,synthetic_v4,non_compliant,hard
CIS-1.1,Default usernames such as admin or root should be changed,Verify CIS-1.1 compliance,"! RTR-8-56 Configuration
!
hostname RTR-8-56
version 15.7
username security_ops privilege 15 secret 5 $1$4879$hash",cisco,1,synthetic_v4,compliant,medium
CIS-1.1,Default usernames such as admin or root should be changed,Verify CIS-1.1 compliance,"! ===========================================================================
! R1 base configuration  (router, c7200/IOSv)
! ComputingForGeeks CCNA 200-301 lab: base-device
! https://computingforgeeks.com/cisco-device-base-configuration/
!
! Paste at the privileged-EXEC prompt. RSA key generation takes a few seconds;
! on real gear, let it finish before the rest is applied.
! ===========================================================================
enable
configure terminal
hostname R1
enable secret Cisc0-Lab!
service password-encryption
ip domain-name lab.example.com
username admin privilege 15 secret Adm1n-Lab!
crypto key generate rsa modulus 2048
ip ssh version 2
interface GigabitEthernet0/0
 ip address 192.168.10.1 255.255.255.0
 no shutdown
 exit
line console 0
 password Con-Lab!
 login
 exit
line vty 0 4
 login local
 transport input ssh
 exit
banner motd #Authorized access only. Activity is logged.#
end
write memory

username cisco privilege 15 secret 5 $1$7141$hash",cisco,0,real_derived_R1-base-config.txt,mutated_from_R1-base-config.txt_to_0,medium
CIS-1.1,Default usernames such as admin or root should be changed,Verify CIS-1.1 compliance,"! RTR-48-8 Configuration
!
hostname RTR-48-8
version 15.7
username root privilege 15 secret 5 $1$2075$hash
interface GigabitEthernet0/0
 ip address 45.98.102.215 255.255.255.0
 no shutdown
!
interface GigabitEthernet0/1
 ip address 9.233.25.236 255.255.255.0
 no shutdown
!",cisco,0,synthetic_v4,non_compliant,medium
CIS-1.1,Administrative accounts must not use vendor-default credentials,Verify CIS-1.1 compliance,"# -*- restclient -*-

# Settings
:node = asr-101
:addr = 50.196.141.39
:deviceusername = <username>
:devicepassword = <password>
:host = http://localhost:8181
:basic-auth := (format ""Basic %s"" (base64-encode-string (format ""%s:%s"" ""admin"" ""admin"")))

# Create ASR 101
POST :host/restconf/config/network-topology:network-topology/topology/topology-netconf/node/controller-config/yang-ext:mount/config:modules
Authorization: :basic-auth
Content-Type: application/xml
<module xmlns=""urn:opendaylight:params:xml:ns:yang:controller:config"">
   <type xmlns:prefix=""urn:opendaylight:params:xml:ns:yang:controller:md:sal:connector:netconf"">prefix:sal-netconf-connector</type>
   <name>:node
   </name>
   <address xmlns=""urn:opendaylight:params:xml:ns:yang:controller:md:sal:connector:netconf"">:addr
   </address>
   <port xmlns=""urn:opendaylight:params:xml:ns:yang:controller:md:sal:connector:netconf"">830</port>
   <username xmlns=""urn:opendaylight:params:xml:ns:yang:controller:md:sal:connector:netconf"">:deviceusername</username>
   <password xmlns=""urn:opendaylight:params:xml:ns:yang:controller:md:sal:connector:netconf"">:devicepassword</password>
   <tcp-only xmlns=""urn:opendaylight:params:xml:ns:yang:controller:md:sal:connector:netconf"">false</tcp-only>
   <event-executor xmlns=""urn:opendaylight:params:xml:ns:yang:controller:md:sal:connector:netconf"">
     <type xmlns:prefix=""urn:opendaylight:params:xml:ns:yang:controller:netty"">prefix:netty-event-executor</type>
     <name>global-event-executor</name>
   </event-executor>
   <binding-registry xmlns=""urn:opendaylight:params:xml:ns:yang:controller:md:sal:connector:netconf"">
     <type xmlns:prefix=""urn:opendaylight:params:xml:ns:yang:controller:md:sal:binding"">prefix:binding-broker-osgi-registry</type>
     <name>binding-osgi-broker</name>
   </binding-registry>
   <dom-registry xmlns=""urn:opendaylight:params:xml:ns:yang:controller:md:sal:connector:netconf"">
     <type xmlns:prefix=""urn:opendaylight:params:xml:ns:yang:controller:md:sal:dom"">prefix:dom-broker-osgi-registry</type>
     <name>dom-broker</name>
   </dom-registry>
   <client-dispatcher xmlns=""urn:opendaylight:params:xml:ns:yang:controller:md:sal:connector:netconf"">
     <type xmlns:prefix=""urn:opendaylight:params:xml:ns:yang:controller:config:netconf"">prefix:netconf-client-dispatcher</type>
     <name>global-netconf-dispatcher</name>
   </client-dispatcher>
   <processing-executor xmlns=""urn:opendaylight:params:xml:ns:yang:controller:md:sal:connector:netconf"">
     <type xmlns:prefix=""urn:opendaylight:params:xml:ns:yang:controller:threadpool"">prefix:threadpool</type>
     <name>global-netconf-processing-executor</name>
   </processing-executor>
 </module>

# Get node operational status
GET :host/restconf/operational/network-topology:network-topology/topology/topology-netconf/node/:node/
Authorization: :basic-auth

# Get interface configuration
GET :host/restconf/operational/network-topology:network-topology/topology/topology-netconf/node/:node/yang-ext:mount/Cisco-IOS-XR-ifmgr-cfg:interface-configurations/
Authorization: :basic-auth
Accept: application/xml

# Get operational l2vpn xconnect groups
GET :host/restconf/operational/network-topology:network-topology/topology/topology-netconf/node/:node/yang-ext:mount/Cisco-IOS-XR-l2vpn-cfg:l2vpn/database/xconnect-groups/xconnect-group/local
Authorization: :basic-auth
Accept: application/xml

# Show
GET :host/restconf/config/network-topology:network-topology/topology/topology-netconf/node/controller-config/yang-ext:mount/config:modules/module/odl-sal-netconf-connector-cfg:sal-netconf-connector/:node
Authorization: :basic-auth

# Delete
DELETE :host/restconf/config/network-topology:network-topology/topology/topology-netconf/node/controller-config/yang-ext:mount/config:modules/module/odl-sal-netconf-connector-cfg:sal-netconf-connector/:node
Authorization: :basic-auth",cisco,1,real_derived_cisco-xr-lab-device.txt,mutated_from_cisco-xr-lab-device.txt_to_1,medium
CIS-1.1,Default usernames such as admin or root should be changed,Verify CIS-1.1 compliance,"! Generated: 2024-01-09
!
hostname RTR-6-34
version 15.7
username root privilege 15 secret 5 $1$5400$hash
interface GigabitEthernet0/0
 ip address 172.176.211.249 255.255.255.0
 no shutdown
!",cisco,0,synthetic_v4,non_compliant,hard
CIS-1.1,Default usernames such as admin or root should be changed,Verify CIS-1.1 compliance,"! Generated: 2024-01-11
!
hostname RTR-3-68
version 15.7
username test privilege 15 secret 5 $1$4300$hash
interface GigabitEthernet0/2
 ip address 16.11.75.151 255.255.255.0
 no shutdown
!
interface GigabitEthernet0/0
 ip address 217.186.37.96 255.255.255.0
 no shutdown
!",cisco,0,synthetic_v4,non_compliant,hard
CIS-1.1,Default usernames such as admin or root should be changed,Verify CIS-1.1 compliance,"! ===========================================================================
! R1 base configuration  (router, c7200/IOSv)
! ComputingForGeeks CCNA 200-301 lab: base-device
! https://computingforgeeks.com/cisco-device-base-configuration/
!
! Paste at the privileged-EXEC prompt. RSA key generation takes a few seconds;
! on real gear, let it finish before the rest is applied.
! ===========================================================================
enable
configure terminal
hostname R1
enable secret Cisc0-Lab!
service password-encryption
ip domain-name lab.example.com
username admin privilege 15 secret Adm1n-Lab!
crypto key generate rsa modulus 2048
ip ssh version 2
interface GigabitEthernet0/0
 ip address 192.168.10.1 255.255.255.0
 no shutdown
 exit
line console 0
 password Con-Lab!
 login
 exit
line vty 0 4
 login local
 transport input ssh
 exit
banner motd #Authorized access only. Activity is logged.#
end
write memory

username test privilege 15 secret 5 $1$7751$hash
interface GigabitEthernet0/1
 description WAN Interface
 ip address 21.195.123.128 255.255.255.0
 no shutdown
!",cisco,0,real_derived_R1-base-config.txt,mutated_from_R1-base-config.txt_to_0,medium
CIS-1.1,Default usernames such as admin or root should be changed,Verify CIS-1.1 compliance,"! RTR-27-22 Configuration
!
hostname RTR-27-22
version 15.7
username admin privilege 15 secret 5 $1$8758$hash
interface GigabitEthernet1/3
 ip address 126.135.46.165 255.255.255.0
 no shutdown
!
interface GigabitEthernet1/1
 ip address 95.195.189.48 255.255.255.0
 no shutdown
!",cisco,0,synthetic_v4,non_compliant,medium
CIS-1.1,Default usernames such as admin or root should be changed,Verify CIS-1.1 compliance,"! Generated: 2024-01-19
!
hostname RTR-42-37
version 15.7
username security_ops privilege 15 secret 5 $1$8951$hash
interface GigabitEthernet0/0
 ip address 161.235.8.32 255.255.255.0
 no shutdown
!",cisco,1,synthetic_v4,compliant,easy
CIS-1.1,Default usernames such as admin or root should be changed,Verify CIS-1.1 compliance,"! RTR-31-35 Configuration
!
hostname RTR-31-35
version 15.7
username operator privilege 15 secret 5 $1$1916$hash
interface GigabitEthernet1/2
 ip address 240.88.90.61 255.255.255.0
 no shutdown
!",cisco,0,synthetic_v4,non_compliant,hard
CIS-1.1,Avoid Default Credentials,"No default usernames (admin, root, cisco, guest, test) should be configured.",username guest privilege 1 secret 5 $1$guest123$hash,cisco,0,v1_curated,curated_training,easy
CIS-1.1,Default usernames such as admin or root should be changed,Verify CIS-1.1 compliance,"! RTR-93-28 Configuration
!
hostname RTR-93-28
version 15.7
username security_ops privilege 15 secret 5 $1$7745$hash
interface GigabitEthernet0/0
 ip address 230.51.71.193 255.255.255.0
 no shutdown
!
interface GigabitEthernet0/3
 ip address 90.219.161.203 255.255.255.0
 no shutdown
!",cisco,1,synthetic_v4,compliant,easy
CIS-1.1,Default usernames such as admin or root should be changed,Verify CIS-1.1 compliance,"! Generated: 2024-01-12
!
hostname RTR-90-2
version 15.7
username infrastructure_admin privilege 15 secret 5 $1$3735$hash
interface GigabitEthernet0/0
 ip address 86.219.139.135 255.255.255.0
 no shutdown
!
interface GigabitEthernet0/2
 ip address 183.39.254.117 255.255.255.0
 no shutdown
!",cisco,1,synthetic_v4,compliant,hard
CIS-1.1,Default usernames such as admin or root should be changed,Verify CIS-1.1 compliance,"! Generated: 2024-01-13
!
hostname RTR-32-6
version 15.7
username security_ops privilege 15 secret 5 $1$3932$hash
interface GigabitEthernet1/1
 ip address 83.127.213.235 255.255.255.0
 no shutdown
!",cisco,1,synthetic_v4,compliant,hard
CIS-1.1,Unique administrative accounts must replace default credentials,Verify CIS-1.1 compliance,"! ===========================================================================
! R1 base configuration  (router, c7200/IOSv)
! ComputingForGeeks CCNA 200-301 lab: base-device
! https://computingforgeeks.com/cisco-device-base-configuration/
!
! Paste at the privileged-EXEC prompt. RSA key generation takes a few seconds;
! on real gear, let it finish before the rest is applied.
! ===========================================================================
enable
configure terminal
hostname R1
enable secret Cisc0-Lab!
service password-encryption
ip domain-name lab.example.com
crypto key generate rsa modulus 2048
ip ssh version 2
interface GigabitEthernet0/0
 ip address 192.168.10.1 255.255.255.0
 no shutdown
 exit
line console 0
 password Con-Lab!
 login
 exit
line vty 0 4
 login local
 transport input ssh
 exit
banner motd #Authorized access only. Activity is logged.#
end
write memory

username infrastructure_admin privilege 15 secret 5 $1$5837$hash",cisco,1,real_derived_R1-base-config.txt,mutated_from_R1-base-config.txt_to_1,medium
CIS-1.1,Default usernames such as admin or root should be changed,Verify CIS-1.1 compliance,"! Generated: 2024-01-14
!
hostname RTR-57-59
version 15.7
username network_engineer privilege 15 secret 5 $1$3161$hash
interface GigabitEthernet0/2
 ip address 24.184.128.22 255.255.255.0
 no shutdown
!
interface GigabitEthernet1/1
 ip address 14.202.156.186 255.255.255.0
 no shutdown
!",cisco,1,synthetic_v4,compliant,hard
CIS-1.1,Avoid Default Credentials,"No default usernames (admin, root, cisco, guest, test) should be configured.","user netadmin { uid 2100; class read-only; encrypted-password ""$1$netadmin123$hash""; }",juniper,1,v1_curated,curated_training,easy
CIS-1.1,Default usernames such as admin or root should be changed,Verify CIS-1.1 compliance,"! Generated: 2024-01-06
!
hostname RTR-83-66
version 15.7
username root privilege 15 secret 5 $1$5140$hash",juniper,0,synthetic_v4,non_compliant,easy
CIS-1.1,Default usernames such as admin or root should be changed,Verify CIS-1.1 compliance,"! RTR-33-61 Configuration
!
hostname RTR-33-61
version 15.7
username network_engineer privilege 15 secret 5 $1$1152$hash
interface GigabitEthernet1/1
 ip address 108.53.60.73 255.255.255.0
 no shutdown
!",juniper,1,synthetic_v4,compliant,easy
CIS-1.1,Default usernames such as admin or root should be changed,Verify CIS-1.1 compliance,"! RTR-98-46 Configuration
!
hostname RTR-98-46
version 15.7
username test privilege 15 secret 5 $1$7839$hash
interface GigabitEthernet1/0
 ip address 134.54.12.98 255.255.255.0
 no shutdown
!
interface GigabitEthernet0/0
 ip address 172.28.102.69 255.255.255.0
 no shutdown
!",juniper,0,synthetic_v4,non_compliant,easy
CIS-1.1,Default usernames such as admin or root should be changed,Verify CIS-1.1 compliance,"! RTR-67-9 Configuration
!
hostname RTR-67-9
version 15.7
username root privilege 15 secret 5 $1$7814$hash
interface GigabitEthernet0/2
 ip address 57.109.169.85 255.255.255.0
 no shutdown
!
interface GigabitEthernet1/2
 ip address 56.243.4.30 255.255.255.0
 no shutdown
!",juniper,0,synthetic_v4,non_compliant,hard
CIS-1.1,Avoid Default Credentials,"No default usernames (admin, root, cisco, guest, test) should be configured.","user security_ops { uid 2300; class read-only; encrypted-password ""$1$secops123$hash""; }",juniper,1,v1_curated,curated_training,medium
CIS-1.1,Default usernames such as admin or root should be changed,Verify CIS-1.1 compliance,"! Generated: 2024-01-27
!
hostname RTR-34-60
version 15.7
username security_ops privilege 15 secret 5 $1$1646$hash
interface GigabitEthernet1/3
 ip address 190.59.48.218 255.255.255.0
 no shutdown
!
interface GigabitEthernet0/0
 ip address 219.70.87.85 255.255.255.0
 no shutdown
!",juniper,1,synthetic_v4,compliant,medium
CIS-1.1,Default usernames such as admin or root should be changed,Verify CIS-1.1 compliance,"! Generated: 2024-01-15
!
hostname RTR-9-25
version 15.7
username cisco privilege 15 secret 5 $1$6008$hash
interface GigabitEthernet1/2
 ip address 246.219.86.2 255.255.255.0
 no shutdown
!",juniper,0,synthetic_v4,non_compliant,medium
CIS-1.1,Default usernames such as admin or root should be changed,Verify CIS-1.1 compliance,"! RTR-29-99 Configuration
!
hostname RTR-29-99
version 15.7
username cisco privilege 15 secret 5 $1$3193$hash
interface GigabitEthernet1/2
 ip address 129.5.122.218 255.255.255.0
 no shutdown
!",juniper,0,synthetic_v4,non_compliant,hard
CIS-1.1,Default usernames such as admin or root should be changed,Verify CIS-1.1 compliance,"! Generated: 2024-01-07
!
hostname RTR-14-64
version 15.7
username infrastructure_admin privilege 15 secret 5 $1$9571$hash
interface GigabitEthernet1/2
 ip address 42.20.254.234 255.255.255.0
 no shutdown
!
interface GigabitEthernet0/3
 ip address 85.120.1.4 255.255.255.0
 no shutdown
!",juniper,1,synthetic_v4,compliant,hard
CIS-1.1,Default usernames such as admin or root should be changed,Verify CIS-1.1 compliance,"! RTR-55-36 Configuration
!
hostname RTR-55-36
version 15.7
username root privilege 15 secret 5 $1$3636$hash
interface GigabitEthernet0/2
 ip address 120.79.20.40 255.255.255.0
 no shutdown
!
interface GigabitEthernet1/0
 ip address 199.154.251.203 255.255.255.0
 no shutdown
!",juniper,0,synthetic_v4,non_compliant,hard
CIS-1.1,Default usernames such as admin or root should be changed,Verify CIS-1.1 compliance,"! RTR-33-99 Configuration
!
hostname RTR-33-99
version 15.7
username netadmin privilege 15 secret 5 $1$1785$hash
interface GigabitEthernet0/0
 ip address 107.227.194.32 255.255.255.0
 no shutdown
!",juniper,1,synthetic_v4,compliant,hard
CIS-1.1,Default usernames such as admin or root should be changed,Verify CIS-1.1 compliance,"! RTR-38-58 Configuration
!
hostname RTR-38-58
version 15.7
username root privilege 15 secret 5 $1$7762$hash
interface GigabitEthernet1/1
 ip address 52.107.148.176 255.255.255.0
 no shutdown
!
interface GigabitEthernet1/1
 ip address 252.91.165.182 255.255.255.0
 no shutdown
!",juniper,0,synthetic_v4,non_compliant,easy
CIS-1.1,Avoid Default Credentials,"No default usernames (admin, root, cisco, guest, test) should be configured.","user admin { uid 2000; class super-user; encrypted-password ""$1$admin123$hash""; }",juniper,0,v1_curated,curated_training,easy
CIS-1.1,Default usernames such as admin or root should be changed,Verify CIS-1.1 compliance,"! RTR-5-46 Configuration
!
hostname RTR-5-46
version 15.7
username admin privilege 15 secret 5 $1$4675$hash
interface GigabitEthernet0/2
 ip address 178.24.195.100 255.255.255.0
 no shutdown
!
interface GigabitEthernet1/2
 ip address 248.27.6.191 255.255.255.0
 no shutdown
!",juniper,0,synthetic_v4,non_compliant,medium
CIS-1.1,Default usernames such as admin or root should be changed,Verify CIS-1.1 compliance,"! RTR-2-91 Configuration
!
hostname RTR-2-91
version 15.7
username network_engineer privilege 15 secret 5 $1$6542$hash
interface GigabitEthernet1/1
 ip address 124.177.197.39 255.255.255.0
 no shutdown
!",juniper,1,synthetic_v4,compliant,hard
CIS-1.1,Default usernames such as admin or root should be changed,Verify CIS-1.1 compliance,"! Generated: 2024-01-09
!
hostname RTR-14-62
version 15.7
username noc_analyst privilege 15 secret 5 $1$5536$hash",juniper,1,synthetic_v4,compliant,hard
CIS-1.1,Avoid Default Credentials,"No default usernames (admin, root, cisco, guest, test) should be configured.","user cisco { uid 3000; class operator; encrypted-password ""$1$cisco123$hash""; }",juniper,0,v1_curated,curated_training,easy
CIS-1.1,Default usernames such as admin or root should be changed,Verify CIS-1.1 compliance,"! RTR-88-22 Configuration
!
hostname RTR-88-22
version 15.7
username root privilege 15 secret 5 $1$8310$hash",juniper,0,synthetic_v4,non_compliant,hard
CIS-1.1,Default usernames such as admin or root should be changed,Verify CIS-1.1 compliance,"! RTR-1-68 Configuration
!
hostname RTR-1-68
version 15.7
username test privilege 15 secret 5 $1$8091$hash
interface GigabitEthernet0/1
 ip address 188.65.53.100 255.255.255.0
 no shutdown
!
interface GigabitEthernet1/3
 ip address 108.127.140.102 255.255.255.0
 no shutdown
!",juniper,0,synthetic_v4,non_compliant,medium
CIS-1.1,Default usernames such as admin or root should be changed,Verify CIS-1.1 compliance,"! RTR-25-16 Configuration
!
hostname RTR-25-16
version 15.7
username sysadmin privilege 15 secret 5 $1$4532$hash
interface GigabitEthernet1/0
 ip address 194.212.23.238 255.255.255.0
 no shutdown
!",juniper,1,synthetic_v4,compliant,hard
CIS-1.1,Default usernames such as admin or root should be changed,Verify CIS-1.1 compliance,"! Generated: 2024-01-13
!
hostname RTR-96-84
version 15.7
username sysadmin privilege 15 secret 5 $1$1587$hash
interface GigabitEthernet0/2
 ip address 228.105.233.244 255.255.255.0
 no shutdown
!",juniper,1,synthetic_v4,compliant,medium
CIS-1.1,Default usernames such as admin or root should be changed,Verify CIS-1.1 compliance,"! RTR-27-98 Configuration
!
hostname RTR-27-98
version 15.7
username security_ops privilege 15 secret 5 $1$9021$hash
interface GigabitEthernet0/3
 ip address 163.219.206.110 255.255.255.0
 no shutdown
!",juniper,1,synthetic_v4,compliant,medium
CIS-1.1,Default usernames such as admin or root should be changed,Verify CIS-1.1 compliance,"! Generated: 2024-01-27
!
hostname RTR-6-22
version 15.7
username sysadmin privilege 15 secret 5 $1$2752$hash",juniper,1,synthetic_v4,compliant,easy
CIS-1.1,Avoid Default Credentials,"No default usernames (admin, root, cisco, guest, test) should be configured.","user custom_admin { uid 2200; class super-user; encrypted-password ""$1$custadm123$hash""; }",juniper,1,v1_curated,curated_training,medium
CIS-1.1,Default usernames such as admin or root should be changed,Verify CIS-1.1 compliance,"! RTR-7-23 Configuration
!
hostname RTR-7-23
version 15.7
username test privilege 15 secret 5 $1$2154$hash
interface GigabitEthernet1/3
 ip address 100.230.207.111 255.255.255.0
 no shutdown
!",juniper,0,synthetic_v4,non_compliant,medium
CIS-1.1,Default usernames such as admin or root should be changed,Verify CIS-1.1 compliance,"! RTR-29-71 Configuration
!
hostname RTR-29-71
version 15.7
username sysadmin privilege 15 secret 5 $1$4850$hash",juniper,1,synthetic_v4,compliant,medium
CIS-1.1,Default usernames such as admin or root should be changed,Verify CIS-1.1 compliance,"! RTR-89-62 Configuration
!
hostname RTR-89-62
version 15.7
username security_ops privilege 15 secret 5 $1$2852$hash",juniper,1,synthetic_v4,compliant,hard
CIS-1.1,Default usernames such as admin or root should be changed,Verify CIS-1.1 compliance,"! Generated: 2024-01-19
!
hostname RTR-65-81
version 15.7
username test privilege 15 secret 5 $1$7637$hash
interface GigabitEthernet0/2
 ip address 140.241.76.94 255.255.255.0
 no shutdown
!",juniper,0,synthetic_v4,non_compliant,medium
CIS-1.1,Default usernames such as admin or root should be changed,Verify CIS-1.1 compliance,"! RTR-27-69 Configuration
!
hostname RTR-27-69
version 15.7
username operator privilege 15 secret 5 $1$8130$hash
interface GigabitEthernet0/0
 ip address 118.169.19.23 255.255.255.0
 no shutdown
!",juniper,0,synthetic_v4,non_compliant,easy
CIS-1.1,Default usernames such as admin or root should be changed,Verify CIS-1.1 compliance,"! RTR-73-85 Configuration
!
hostname RTR-73-85
version 15.7
username root privilege 15 secret 5 $1$8921$hash
interface GigabitEthernet0/3
 ip address 60.32.135.95 255.255.255.0
 no shutdown
!",juniper,0,synthetic_v4,non_compliant,easy
CIS-1.1,Default usernames such as admin or root should be changed,Verify CIS-1.1 compliance,"! RTR-25-42 Configuration
!
hostname RTR-25-42
version 15.7
username admin privilege 15 secret 5 $1$3742$hash
interface GigabitEthernet0/1
 ip address 172.109.217.214 255.255.255.0
 no shutdown
!",juniper,0,synthetic_v4,non_compliant,easy
CIS-1.1,Default usernames such as admin or root should be changed,Verify CIS-1.1 compliance,"! Generated: 2024-01-12
!
hostname RTR-43-84
version 15.7
username network_engineer privilege 15 secret 5 $1$6031$hash
interface GigabitEthernet1/2
 ip address 150.150.237.218 255.255.255.0
 no shutdown
!
interface GigabitEthernet0/3
 ip address 14.36.241.228 255.255.255.0
 no shutdown
!",juniper,1,synthetic_v4,compliant,easy
CIS-1.1,Default usernames such as admin or root should be changed,Verify CIS-1.1 compliance,"! RTR-70-38 Configuration
!
hostname RTR-70-38
version 15.7
username root privilege 15 secret 5 $1$5883$hash
interface GigabitEthernet0/1
 ip address 32.21.2.147 255.255.255.0
 no shutdown
!
interface GigabitEthernet1/0
 ip address 79.107.176.55 255.255.255.0
 no shutdown
!",juniper,0,synthetic_v4,non_compliant,medium
CIS-1.1,Default usernames such as admin or root should be changed,Verify CIS-1.1 compliance,"! Generated: 2024-01-15
!
hostname RTR-87-76
version 15.7
username guest privilege 15 secret 5 $1$9260$hash",juniper,0,synthetic_v4,non_compliant,medium
CIS-1.1,Default usernames such as admin or root should be changed,Verify CIS-1.1 compliance,"! Generated: 2024-01-17
!
hostname RTR-84-39
version 15.7
username network_engineer privilege 15 secret 5 $1$1930$hash
interface GigabitEthernet1/1
 ip address 185.13.254.76 255.255.255.0
 no shutdown
!
interface GigabitEthernet1/3
 ip address 104.198.18.150 255.255.255.0
 no shutdown
!",juniper,1,synthetic_v4,compliant,hard
CIS-1.1,Default usernames such as admin or root should be changed,Verify CIS-1.1 compliance,"! Generated: 2024-01-27
!
hostname RTR-37-88
version 15.7
username admin privilege 15 secret 5 $1$5835$hash",juniper,0,synthetic_v4,non_compliant,hard
CIS-1.1,Default usernames such as admin or root should be changed,Verify CIS-1.1 compliance,"! Generated: 2024-01-20
!
hostname RTR-77-2
version 15.7
username infrastructure_admin privilege 15 secret 5 $1$5511$hash
interface GigabitEthernet1/3
 ip address 65.111.238.78 255.255.255.0
 no shutdown
!
interface GigabitEthernet1/0
 ip address 2.191.144.77 255.255.255.0
 no shutdown
!",juniper,1,synthetic_v4,compliant,hard
CIS-1.1,Default usernames such as admin or root should be changed,Verify CIS-1.1 compliance,"! Generated: 2024-01-26
!
hostname RTR-6-86
version 15.7
username cisco privilege 15 secret 5 $1$7358$hash
interface GigabitEthernet0/0
 ip address 252.165.52.181 255.255.255.0
 no shutdown
!
interface GigabitEthernet1/2
 ip address 149.89.192.168 255.255.255.0
 no shutdown
!",juniper,0,synthetic_v4,non_compliant,medium
CIS-1.1,Default usernames such as admin or root should be changed,Verify CIS-1.1 compliance,"! RTR-20-18 Configuration
!
hostname RTR-20-18
version 15.7
username noc_analyst privilege 15 secret 5 $1$7704$hash
interface GigabitEthernet0/2
 ip address 221.92.41.125 255.255.255.0
 no shutdown
!
interface GigabitEthernet1/1
 ip address 81.29.2.116 255.255.255.0
 no shutdown
!",juniper,1,synthetic_v4,compliant,medium
CIS-1.1,Default usernames such as admin or root should be changed,Verify CIS-1.1 compliance,"! RTR-47-76 Configuration
!
hostname RTR-47-76
version 15.7
username admin privilege 15 secret 5 $1$9465$hash",juniper,0,synthetic_v4,non_compliant,easy
CIS-1.1,Default usernames such as admin or root should be changed,Verify CIS-1.1 compliance,"! RTR-47-7 Configuration
!
hostname RTR-47-7
version 15.7
username devops privilege 15 secret 5 $1$6439$hash
interface GigabitEthernet1/3
 ip address 30.49.113.1 255.255.255.0
 no shutdown
!
interface GigabitEthernet1/2
 ip address 213.149.191.180 255.255.255.0
 no shutdown
!",juniper,1,synthetic_v4,compliant,easy
CIS-1.1,Default usernames such as admin or root should be changed,Verify CIS-1.1 compliance,"! Generated: 2024-01-21
!
hostname RTR-45-58
version 15.7
username test privilege 15 secret 5 $1$4994$hash
interface GigabitEthernet1/0
 ip address 99.131.144.7 255.255.255.0
 no shutdown
!
interface GigabitEthernet1/3
 ip address 125.22.151.230 255.255.255.0
 no shutdown
!",juniper,0,synthetic_v4,non_compliant,hard
CIS-1.1,Default usernames such as admin or root should be changed,Verify CIS-1.1 compliance,"! Generated: 2024-01-23
!
hostname RTR-71-46
version 15.7
username cisco privilege 15 secret 5 $1$9608$hash",juniper,0,synthetic_v4,non_compliant,easy
CIS-1.1,Default usernames such as admin or root should be changed,Verify CIS-1.1 compliance,"! RTR-3-50 Configuration
!
hostname RTR-3-50
version 15.7
username test privilege 15 secret 5 $1$1096$hash
interface GigabitEthernet0/0
 ip address 92.54.148.202 255.255.255.0
 no shutdown
!",juniper,0,synthetic_v4,non_compliant,hard
CIS-1.1,Avoid Default Credentials,"No default usernames (admin, root, cisco, guest, test) should be configured.",admin user ops password-hash $1$ops123$hash,paloalto,1,v1_curated,curated_training,easy
CIS-1.1,Unique administrative accounts must replace default credentials,Verify CIS-1.1 compliance,"! RTR-29-78 Configuration
!
hostname RTR-29-78
version 15.7
username devops privilege 15 secret 5 $1$7618$hash
interface GigabitEthernet0/3
 ip address 130.54.37.129 255.255.255.0
 no shutdown
!
interface GigabitEthernet1/2
 ip address 243.59.131.225 255.255.255.0
 no shutdown
!",paloalto,1,synthetic_v4,compliant,hard
CIS-1.1,Unique administrative accounts must replace default credentials,Verify CIS-1.1 compliance,"! RTR-17-7 Configuration
!
hostname RTR-17-7
version 15.7
username sysadmin privilege 15 secret 5 $1$8836$hash
interface GigabitEthernet1/3
 ip address 221.89.234.250 255.255.255.0
 no shutdown
!",paloalto,1,synthetic_v4,compliant,easy
CIS-1.1,Unique administrative accounts must replace default credentials,Verify CIS-1.1 compliance,"! Generated: 2024-01-08
!
hostname RTR-67-13
version 15.7
username test privilege 15 secret 5 $1$7313$hash",paloalto,0,synthetic_v4,non_compliant,hard
CIS-1.1,Unique administrative accounts must replace default credentials,Verify CIS-1.1 compliance,"! Generated: 2024-01-28
!
hostname RTR-42-61
version 15.7
username test privilege 15 secret 5 $1$5463$hash
interface GigabitEthernet0/3
 ip address 162.222.158.233 255.255.255.0
 no shutdown
!",paloalto,0,synthetic_v4,non_compliant,medium
CIS-1.1,Unique administrative accounts must replace default credentials,Verify CIS-1.1 compliance,"! RTR-27-89 Configuration
!
hostname RTR-27-89
version 15.7
username sysadmin privilege 15 secret 5 $1$6935$hash",paloalto,1,synthetic_v4,compliant,medium
CIS-1.1,Unique administrative accounts must replace default credentials,Verify CIS-1.1 compliance,"! RTR-42-53 Configuration
!
hostname RTR-42-53
version 15.7
username admin privilege 15 secret 5 $1$2577$hash
interface GigabitEthernet0/1
 ip address 46.16.103.28 255.255.255.0
 no shutdown
!",paloalto,0,synthetic_v4,non_compliant,medium
CIS-1.1,Unique administrative accounts must replace default credentials,Verify CIS-1.1 compliance,"! RTR-68-98 Configuration
!
hostname RTR-68-98
version 15.7
username admin privilege 15 secret 5 $1$5300$hash
interface GigabitEthernet1/2
 ip address 59.126.145.114 255.255.255.0
 no shutdown
!",paloalto,0,synthetic_v4,non_compliant,hard
CIS-1.1,Unique administrative accounts must replace default credentials,Verify CIS-1.1 compliance,"! RTR-26-59 Configuration
!
hostname RTR-26-59
version 15.7
username admin privilege 15 secret 5 $1$9538$hash
interface GigabitEthernet1/3
 ip address 175.159.165.41 255.255.255.0
 no shutdown
!",paloalto,0,synthetic_v4,non_compliant,hard
CIS-1.1,Unique administrative accounts must replace default credentials,Verify CIS-1.1 compliance,"! RTR-52-46 Configuration
!
hostname RTR-52-46
version 15.7
username sysadmin privilege 15 secret 5 $1$4281$hash
interface GigabitEthernet0/2
 ip address 186.178.177.247 255.255.255.0
 no shutdown
!",paloalto,1,synthetic_v4,compliant,medium
CIS-1.1,Unique administrative accounts must replace default credentials,Verify CIS-1.1 compliance,"! Generated: 2024-01-25
!
hostname RTR-36-63
version 15.7
username infrastructure_admin privilege 15 secret 5 $1$7518$hash",paloalto,1,synthetic_v4,compliant,hard
CIS-1.1,Unique administrative accounts must replace default credentials,Verify CIS-1.1 compliance,"! RTR-16-11 Configuration
!
hostname RTR-16-11
version 15.7
username devops privilege 15 secret 5 $1$1108$hash
interface GigabitEthernet1/2
 ip address 159.161.252.230 255.255.255.0
 no shutdown
!",paloalto,1,synthetic_v4,compliant,hard
CIS-1.1,Unique administrative accounts must replace default credentials,Verify CIS-1.1 compliance,"! Generated: 2024-01-21
!
hostname RTR-25-13
version 15.7
username guest privilege 15 secret 5 $1$9026$hash
interface GigabitEthernet0/2
 ip address 57.36.6.239 255.255.255.0
 no shutdown
!
interface GigabitEthernet0/3
 ip address 238.40.239.206 255.255.255.0
 no shutdown
!",paloalto,0,synthetic_v4,non_compliant,hard
CIS-1.1,Unique administrative accounts must replace default credentials,Verify CIS-1.1 compliance,"! RTR-11-37 Configuration
!
hostname RTR-11-37
version 15.7
username sysadmin privilege 15 secret 5 $1$5223$hash",paloalto,1,synthetic_v4,compliant,hard
CIS-1.1,Unique administrative accounts must replace default credentials,Verify CIS-1.1 compliance,"! Generated: 2024-01-16
!
hostname RTR-14-13
version 15.7
username test privilege 15 secret 5 $1$1881$hash",paloalto,0,synthetic_v4,non_compliant,medium
CIS-1.1,Unique administrative accounts must replace default credentials,Verify CIS-1.1 compliance,"! RTR-77-19 Configuration
!
hostname RTR-77-19
version 15.7
username security_ops privilege 15 secret 5 $1$9369$hash",paloalto,1,synthetic_v4,compliant,hard
CIS-1.1,Unique administrative accounts must replace default credentials,Verify CIS-1.1 compliance,"! RTR-40-64 Configuration
!
hostname RTR-40-64
version 15.7
username guest privilege 15 secret 5 $1$1519$hash
interface GigabitEthernet0/2
 ip address 199.200.36.140 255.255.255.0
 no shutdown
!",paloalto,0,synthetic_v4,non_compliant,medium
CIS-1.1,Unique administrative accounts must replace default credentials,Verify CIS-1.1 compliance,"! Generated: 2024-01-04
!
hostname RTR-72-73
version 15.7
username security_ops privilege 15 secret 5 $1$1983$hash",paloalto,1,synthetic_v4,compliant,medium
CIS-1.1,Avoid Default Credentials,"No default usernames (admin, root, cisco, guest, test) should be configured.",admin user custom_admin password-hash $1$custadm123$hash,paloalto,1,v1_curated,curated_training,medium
CIS-1.1,Unique administrative accounts must replace default credentials,Verify CIS-1.1 compliance,"! Generated: 2024-01-16
!
hostname RTR-46-45
version 15.7
username netadmin privilege 15 secret 5 $1$9222$hash
interface GigabitEthernet0/1
 ip address 20.143.108.39 255.255.255.0
 no shutdown
!
interface GigabitEthernet0/1
 ip address 93.60.117.107 255.255.255.0
 no shutdown
!",paloalto,1,synthetic_v4,compliant,medium
CIS-1.1,Unique administrative accounts must replace default credentials,Verify CIS-1.1 compliance,"! Generated: 2024-01-10
!
hostname RTR-63-91
version 15.7
username test privilege 15 secret 5 $1$9029$hash",paloalto,0,synthetic_v4,non_compliant,easy
CIS-1.1,Unique administrative accounts must replace default credentials,Verify CIS-1.1 compliance,"! RTR-17-17 Configuration
!
hostname RTR-17-17
version 15.7
username root privilege 15 secret 5 $1$1468$hash",paloalto,0,synthetic_v4,non_compliant,medium
CIS-1.1,Unique administrative accounts must replace default credentials,Verify CIS-1.1 compliance,"! RTR-66-63 Configuration
!
hostname RTR-66-63
version 15.7
username guest privilege 15 secret 5 $1$2284$hash
interface GigabitEthernet1/1
 ip address 223.85.172.108 255.255.255.0
 no shutdown
!
interface GigabitEthernet1/0
 ip address 21.82.175.59 255.255.255.0
 no shutdown
!",paloalto,0,synthetic_v4,non_compliant,medium
CIS-1.1,Unique administrative accounts must replace default credentials,Verify CIS-1.1 compliance,"! Generated: 2024-01-23
!
hostname RTR-64-55
version 15.7
username noc_analyst privilege 15 secret 5 $1$6981$hash
interface GigabitEthernet1/1
 ip address 147.67.117.209 255.255.255.0
 no shutdown
!
interface GigabitEthernet0/2
 ip address 206.120.221.220 255.255.255.0
 no shutdown
!",paloalto,1,synthetic_v4,compliant,medium
CIS-1.1,Unique administrative accounts must replace default credentials,Verify CIS-1.1 compliance,"! Generated: 2024-01-02
!
hostname RTR-51-32
version 15.7
username test privilege 15 secret 5 $1$8786$hash
interface GigabitEthernet1/0
 ip address 64.80.255.24 255.255.255.0
 no shutdown
!",paloalto,0,synthetic_v4,non_compliant,hard
CIS-1.1,Unique administrative accounts must replace default credentials,Verify CIS-1.1 compliance,"! RTR-96-1 Configuration
!
hostname RTR-96-1
version 15.7
username ops_team privilege 15 secret 5 $1$9515$hash",paloalto,1,synthetic_v4,compliant,hard
CIS-1.1,Unique administrative accounts must replace default credentials,Verify CIS-1.1 compliance,"! RTR-80-44 Configuration
!
hostname RTR-80-44
version 15.7
username operator privilege 15 secret 5 $1$1983$hash",paloalto,0,synthetic_v4,non_compliant,hard
CIS-1.1,Unique administrative accounts must replace default credentials,Verify CIS-1.1 compliance,"! Generated: 2024-01-23
!
hostname RTR-90-67
version 15.7
username netadmin privilege 15 secret 5 $1$1193$hash
interface GigabitEthernet0/2
 ip address 93.132.95.141 255.255.255.0
 no shutdown
!
interface GigabitEthernet1/1
 ip address 69.241.175.94 255.255.255.0
 no shutdown
!",paloalto,1,synthetic_v4,compliant,easy
CIS-1.1,Unique administrative accounts must replace default credentials,Verify CIS-1.1 compliance,"! RTR-74-33 Configuration
!
hostname RTR-74-33
version 15.7
username sysadmin privilege 15 secret 5 $1$8923$hash
interface GigabitEthernet1/3
 ip address 230.14.246.30 255.255.255.0
 no shutdown
!
interface GigabitEthernet1/0
 ip address 98.112.117.205 255.255.255.0
 no shutdown
!",paloalto,1,synthetic_v4,compliant,medium
CIS-1.1,Unique administrative accounts must replace default credentials,Verify CIS-1.1 compliance,"! RTR-52-87 Configuration
!
hostname RTR-52-87
version 15.7
username noc_analyst privilege 15 secret 5 $1$2245$hash
interface GigabitEthernet1/2
 ip address 91.111.137.47 255.255.255.0
 no shutdown
!",paloalto,1,synthetic_v4,compliant,hard
CIS-1.1,Unique administrative accounts must replace default credentials,Verify CIS-1.1 compliance,"! RTR-23-61 Configuration
!
hostname RTR-23-61
version 15.7
username netadmin privilege 15 secret 5 $1$9706$hash
interface GigabitEthernet0/3
 ip address 169.66.0.230 255.255.255.0
 no shutdown
!",paloalto,1,synthetic_v4,compliant,hard
CIS-1.1,Unique administrative accounts must replace default credentials,Verify CIS-1.1 compliance,"! RTR-24-25 Configuration
!
hostname RTR-24-25
version 15.7
username cisco privilege 15 secret 5 $1$7251$hash
interface GigabitEthernet0/3
 ip address 198.226.126.189 255.255.255.0
 no shutdown
!",paloalto,0,synthetic_v4,non_compliant,easy
CIS-1.1,Unique administrative accounts must replace default credentials,Verify CIS-1.1 compliance,"! RTR-88-44 Configuration
!
hostname RTR-88-44
version 15.7
username ops_team privilege 15 secret 5 $1$4765$hash
interface GigabitEthernet0/0
 ip address 52.214.76.156 255.255.255.0
 no shutdown
!",paloalto,1,synthetic_v4,compliant,easy
CIS-1.1,Avoid Default Credentials,"No default usernames (admin, root, cisco, guest, test) should be configured.",admin user test password-hash $1$test123$hash,paloalto,0,v1_curated,curated_training,easy
CIS-1.1,Unique administrative accounts must replace default credentials,Verify CIS-1.1 compliance,"! Generated: 2024-01-09
!
hostname RTR-17-94
version 15.7
username operator privilege 15 secret 5 $1$2311$hash",paloalto,0,synthetic_v4,non_compliant,medium
CIS-1.1,Unique administrative accounts must replace default credentials,Verify CIS-1.1 compliance,"! RTR-26-19 Configuration
!
hostname RTR-26-19
version 15.7
username security_ops privilege 15 secret 5 $1$8749$hash
interface GigabitEthernet1/3
 ip address 35.161.249.77 255.255.255.0
 no shutdown
!",paloalto,1,synthetic_v4,compliant,medium
CIS-1.1,Unique administrative accounts must replace default credentials,Verify CIS-1.1 compliance,"! RTR-84-56 Configuration
!
hostname RTR-84-56
version 15.7
username noc_analyst privilege 15 secret 5 $1$1711$hash
interface GigabitEthernet0/3
 ip address 203.195.179.151 255.255.255.0
 no shutdown
!
interface GigabitEthernet0/3
 ip address 35.130.244.197 255.255.255.0
 no shutdown
!",paloalto,1,synthetic_v4,compliant,easy
CIS-1.1,Unique administrative accounts must replace default credentials,Verify CIS-1.1 compliance,"! Generated: 2024-01-02
!
hostname RTR-82-39
version 15.7
username operator privilege 15 secret 5 $1$4568$hash
interface GigabitEthernet1/2
 ip address 4.85.141.150 255.255.255.0
 no shutdown
!",paloalto,0,synthetic_v4,non_compliant,easy
CIS-1.1,Unique administrative accounts must replace default credentials,Verify CIS-1.1 compliance,"! Generated: 2024-01-28
!
hostname RTR-69-35
version 15.7
username admin privilege 15 secret 5 $1$3988$hash",paloalto,0,synthetic_v4,non_compliant,easy
CIS-1.1,Unique administrative accounts must replace default credentials,Verify CIS-1.1 compliance,"! Generated: 2024-01-09
!
hostname RTR-41-84
version 15.7
username test privilege 15 secret 5 $1$7479$hash",paloalto,0,synthetic_v4,non_compliant,medium
CIS-1.1,Unique administrative accounts must replace default credentials,Verify CIS-1.1 compliance,"! RTR-39-2 Configuration
!
hostname RTR-39-2
version 15.7
username cisco privilege 15 secret 5 $1$4788$hash
interface GigabitEthernet0/3
 ip address 226.223.202.64 255.255.255.0
 no shutdown
!
interface GigabitEthernet0/3
 ip address 213.193.112.68 255.255.255.0
 no shutdown
!",paloalto,0,synthetic_v4,non_compliant,easy
CIS-1.1,Unique administrative accounts must replace default credentials,Verify CIS-1.1 compliance,"! Generated: 2024-01-15
!
hostname RTR-70-45
version 15.7
username cisco privilege 15 secret 5 $1$3627$hash",paloalto,0,synthetic_v4,non_compliant,easy
CIS-1.1,Unique administrative accounts must replace default credentials,Verify CIS-1.1 compliance,"! Generated: 2024-01-02
!
hostname RTR-29-48
version 15.7
username sysadmin privilege 15 secret 5 $1$7564$hash
interface GigabitEthernet0/1
 ip address 164.253.224.3 255.255.255.0
 no shutdown
!
interface GigabitEthernet0/2
 ip address 50.17.118.158 255.255.255.0
 no shutdown
!",paloalto,1,synthetic_v4,compliant,easy
CIS-1.1,Unique administrative accounts must replace default credentials,Verify CIS-1.1 compliance,"! Generated: 2024-01-28
!
hostname RTR-84-75
version 15.7
username sysadmin privilege 15 secret 5 $1$6990$hash
interface GigabitEthernet0/3
 ip address 142.247.91.95 255.255.255.0
 no shutdown
!
interface GigabitEthernet1/2
 ip address 254.157.176.199 255.255.255.0
 no shutdown
!",paloalto,1,synthetic_v4,compliant,hard
CIS-1.2,"Password storage must use encrypted representations, not plaintext",Verify CIS-1.2 compliance,"! RTR-91-58 Configuration
!
hostname RTR-91-58
version 15.7
username operator privilege 1 password 0 cleartext123",cisco,0,synthetic_v4,non_compliant,hard
CIS-1.2,"Password storage must use encrypted representations, not plaintext",Verify CIS-1.2 compliance,"! RTR-96-82 Configuration
!
hostname RTR-96-82
version 15.7
service password-encryption
username netadmin privilege 15 secret 5 $1$secure$hash",cisco,1,synthetic_v4,compliant,easy
CIS-1.2,"Password storage must use encrypted representations, not plaintext",Verify CIS-1.2 compliance,"! RTR-4-61 Configuration
!
hostname RTR-4-61
version 15.7
username operator privilege 1 password 0 cleartext123",cisco,0,synthetic_v4,non_compliant,medium
CIS-1.2,Authentication credentials must not be stored in readable form,Verify CIS-1.2 compliance,"! ===========================================================================
! SW1 base configuration  (Layer 2 switch, IOSvL2)
! ComputingForGeeks CCNA 200-301 lab: base-device
! https://computingforgeeks.com/cisco-device-base-configuration/
!
! Paste at the privileged-EXEC prompt. RSA key generation takes a few seconds.
! The management IP lives on the Vlan1 SVI (a switch has no routed Gi0/0 by default).
! ===========================================================================
enable
configure terminal
hostname SW1
enable secret Cisc0-Lab!
service password-encryption
ip domain-name lab.example.com
username admin privilege 15 secret Adm1n-Lab!
crypto key generate rsa modulus 2048
ip ssh version 2
interface GigabitEthernet0/0
 no shutdown
 exit
interface Vlan1
 ip address 192.168.10.2 255.255.255.0
 no shutdown
 exit
line vty 0 4
 login local
 transport input ssh
 exit
banner motd #Authorized access only. Activity is logged.#
end
write memory

username operator privilege 1 password 0 cleartext123",cisco,0,real_derived_SW1-base-config.txt,mutated_from_SW1-base-config.txt_to_0,medium
CIS-1.2,"Password storage must use encrypted representations, not plaintext",Verify CIS-1.2 compliance,"! Generated: 2024-01-18
!
hostname RTR-95-69
version 15.7
service password-encryption
username netadmin privilege 15 secret 5 $1$secure$hash
interface GigabitEthernet1/1
 ip address 178.9.192.150 255.255.255.0
 no shutdown
!
interface GigabitEthernet0/2
 ip address 44.30.145.52 255.255.255.0
 no shutdown
!",cisco,1,synthetic_v4,compliant,hard
CIS-1.2,"Password storage must use encrypted representations, not plaintext",Verify CIS-1.2 compliance,"! ===========================================================================
! SW1 base configuration  (Layer 2 switch, IOSvL2)
! ComputingForGeeks CCNA 200-301 lab: base-device
! https://computingforgeeks.com/cisco-device-base-configuration/
!
! Paste at the privileged-EXEC prompt. RSA key generation takes a few seconds.
! The management IP lives on the Vlan1 SVI (a switch has no routed Gi0/0 by default).
! ===========================================================================
enable
configure terminal
hostname SW1
enable secret Cisc0-Lab!
service password-encryption
ip domain-name lab.example.com
username admin privilege 15 secret Adm1n-Lab!
crypto key generate rsa modulus 2048
ip ssh version 2
interface GigabitEthernet0/0
 no shutdown
 exit
interface Vlan1
 ip address 192.168.10.2 255.255.255.0
 no shutdown
 exit
line vty 0 4
 login local
 transport input ssh
 exit
banner motd #Authorized access only. Activity is logged.#
end
write memory",cisco,1,real_derived_SW1-base-config.txt,mutated_from_SW1-base-config.txt_to_1,medium
CIS-1.2,"Password storage must use encrypted representations, not plaintext",Verify CIS-1.2 compliance,"! RTR-36-8 Configuration
!
hostname RTR-36-8
version 15.7
service password-encryption
username netadmin privilege 15 secret 5 $1$secure$hash
interface GigabitEthernet1/1
 ip address 39.174.201.169 255.255.255.0
 no shutdown
!",cisco,1,synthetic_v4,compliant,easy
CIS-1.2,"Password storage must use encrypted representations, not plaintext",Verify CIS-1.2 compliance,"! Generated: 2024-01-24
!
hostname RTR-29-20
version 15.7
service password-encryption
username netadmin privilege 15 secret 5 $1$secure$hash
interface GigabitEthernet0/1
 ip address 111.148.201.38 255.255.255.0
 no shutdown
!
interface GigabitEthernet0/2
 ip address 22.243.25.141 255.255.255.0
 no shutdown
!",cisco,1,synthetic_v4,compliant,medium
CIS-1.2,"Password storage must use encrypted representations, not plaintext",Verify CIS-1.2 compliance,"! Generated: 2024-01-28
!
hostname RTR-40-42
version 15.7
username operator privilege 1 password 0 cleartext123",cisco,0,synthetic_v4,non_compliant,hard
CIS-1.2,"Password storage must use encrypted representations, not plaintext",Verify CIS-1.2 compliance,"! Generated: 2024-01-22
!
hostname RTR-12-94
version 15.7
service password-encryption
username netadmin privilege 15 secret 5 $1$secure$hash
interface GigabitEthernet1/1
 ip address 147.78.218.249 255.255.255.0
 no shutdown
!",cisco,1,synthetic_v4,compliant,medium
CIS-1.2,"Password storage must use encrypted representations, not plaintext",Verify CIS-1.2 compliance,"! RTR-12-15 Configuration
!
hostname RTR-12-15
version 15.7
service password-encryption
username netadmin privilege 15 secret 5 $1$secure$hash
interface GigabitEthernet0/2
 ip address 89.12.156.44 255.255.255.0
 no shutdown
!
interface GigabitEthernet1/3
 ip address 160.74.225.12 255.255.255.0
 no shutdown
!",cisco,1,synthetic_v4,compliant,easy
CIS-1.2,"Password storage must use encrypted representations, not plaintext",Verify CIS-1.2 compliance,"! RTR-20-21 Configuration
!
hostname RTR-20-21
version 15.7
username operator privilege 1 password 0 cleartext123",cisco,0,synthetic_v4,non_compliant,hard
CIS-1.2,"Password storage must use encrypted representations, not plaintext",Verify CIS-1.2 compliance,"! Generated: 2024-01-14
!
hostname RTR-34-11
version 15.7
service password-encryption
username netadmin privilege 15 secret 5 $1$secure$hash
interface GigabitEthernet0/3
 ip address 144.101.249.102 255.255.255.0
 no shutdown
!",cisco,1,synthetic_v4,compliant,hard
CIS-1.2,"Password storage must use encrypted representations, not plaintext",Verify CIS-1.2 compliance,"! RTR-15-24 Configuration
!
hostname RTR-15-24
version 15.7
username operator privilege 1 password 0 cleartext123
interface GigabitEthernet1/3
 ip address 83.230.12.46 255.255.255.0
 no shutdown
!",cisco,0,synthetic_v4,non_compliant,medium
CIS-1.2,All user passwords must be encrypted using secure hashing algorithms,Verify CIS-1.2 compliance,"! ===========================================================================
! SW1 base configuration  (Layer 2 switch, IOSvL2)
! ComputingForGeeks CCNA 200-301 lab: base-device
! https://computingforgeeks.com/cisco-device-base-configuration/
!
! Paste at the privileged-EXEC prompt. RSA key generation takes a few seconds.
! The management IP lives on the Vlan1 SVI (a switch has no routed Gi0/0 by default).
! ===========================================================================
enable
configure terminal
hostname SW1
enable secret Cisc0-Lab!
service password-encryption
ip domain-name lab.example.com
username admin privilege 15 secret Adm1n-Lab!
crypto key generate rsa modulus 2048
ip ssh version 2
interface GigabitEthernet0/0
 no shutdown
 exit
interface Vlan1
 ip address 192.168.10.2 255.255.255.0
 no shutdown
 exit
line vty 0 4
 login local
 transport input ssh
 exit
banner motd #Authorized access only. Activity is logged.#
end
write memory",cisco,1,real_derived_SW1-base-config.txt,mutated_from_SW1-base-config.txt_to_1,medium
CIS-1.2,"Password storage must use encrypted representations, not plaintext",Verify CIS-1.2 compliance,"! RTR-85-21 Configuration
!
hostname RTR-85-21
version 15.7
service password-encryption
username netadmin privilege 15 secret 5 $1$secure$hash
interface GigabitEthernet1/2
 ip address 217.190.211.196 255.255.255.0
 no shutdown
!
interface GigabitEthernet1/2
 ip address 156.123.109.97 255.255.255.0
 no shutdown
!",cisco,1,synthetic_v4,compliant,hard
CIS-1.2,"Password storage must use encrypted representations, not plaintext",Verify CIS-1.2 compliance,"! RTR-6-14 Configuration
!
hostname RTR-6-14
version 15.7
username operator privilege 1 password 0 cleartext123
interface GigabitEthernet0/2
 ip address 164.107.164.52 255.255.255.0
 no shutdown
!
interface GigabitEthernet0/2
 ip address 71.163.225.172 255.255.255.0
 no shutdown
!",cisco,0,synthetic_v4,non_compliant,easy
CIS-1.2,"Password storage must use encrypted representations, not plaintext",Verify CIS-1.2 compliance,"! Generated: 2024-01-11
!
hostname RTR-69-93
version 15.7
service password-encryption
username netadmin privilege 15 secret 5 $1$secure$hash
interface GigabitEthernet0/2
 ip address 226.211.210.78 255.255.255.0
 no shutdown
!",cisco,1,synthetic_v4,compliant,medium
CIS-1.2,"Password storage must use encrypted representations, not plaintext",Verify CIS-1.2 compliance,"! RTR-3-99 Configuration
!
hostname RTR-3-99
version 15.7
service password-encryption
username netadmin privilege 15 secret 5 $1$secure$hash
interface GigabitEthernet0/0
 ip address 10.235.182.40 255.255.255.0
 no shutdown
!
interface GigabitEthernet0/2
 ip address 94.127.119.66 255.255.255.0
 no shutdown
!",cisco,1,synthetic_v4,compliant,medium
CIS-1.2,"Password storage must use encrypted representations, not plaintext",Verify CIS-1.2 compliance,"! Generated: 2024-01-02
!
hostname RTR-87-17
version 15.7
username operator privilege 1 password 0 cleartext123
interface GigabitEthernet0/2
 ip address 239.22.44.86 255.255.255.0
 no shutdown
!",cisco,0,synthetic_v4,non_compliant,medium
CIS-1.2,"Password storage must use encrypted representations, not plaintext",Verify CIS-1.2 compliance,"! Generated: 2024-01-25
!
hostname RTR-26-88
version 15.7
service password-encryption
username netadmin privilege 15 secret 5 $1$secure$hash
interface GigabitEthernet0/0
 ip address 63.75.147.4 255.255.255.0
 no shutdown
!",cisco,1,synthetic_v4,compliant,medium
CIS-1.2,"Password storage must use encrypted representations, not plaintext",Verify CIS-1.2 compliance,"! ===========================================================================
! R1 base configuration  (router, c7200/IOSv)
! ComputingForGeeks CCNA 200-301 lab: base-device
! https://computingforgeeks.com/cisco-device-base-configuration/
!
! Paste at the privileged-EXEC prompt. RSA key generation takes a few seconds;
! on real gear, let it finish before the rest is applied.
! ===========================================================================
enable
configure terminal
hostname R1
enable secret Cisc0-Lab!
service password-encryption
ip domain-name lab.example.com
username admin privilege 15 secret Adm1n-Lab!
crypto key generate rsa modulus 2048
ip ssh version 2
interface GigabitEthernet0/0
 ip address 192.168.10.1 255.255.255.0
 no shutdown
 exit
line console 0
 password Con-Lab!
 login
 exit
line vty 0 4
 login local
 transport input ssh
 exit
banner motd #Authorized access only. Activity is logged.#
end
write memory

username operator privilege 1 password 0 cleartext123
interface GigabitEthernet1/2
 description WAN Interface
 ip address 156.180.112.163 255.255.255.0
 no shutdown
!",cisco,0,real_derived_R1-base-config.txt,mutated_from_R1-base-config.txt_to_0,medium
CIS-1.2,"Password storage must use encrypted representations, not plaintext",Verify CIS-1.2 compliance,"! RTR-54-16 Configuration
!
hostname RTR-54-16
version 15.7
service password-encryption
username netadmin privilege 15 secret 5 $1$secure$hash",cisco,1,synthetic_v4,compliant,hard
CIS-1.2,"Password storage must use encrypted representations, not plaintext",Verify CIS-1.2 compliance,"! Generated: 2024-01-13
!
hostname RTR-68-40
version 15.7
service password-encryption
username netadmin privilege 15 secret 5 $1$secure$hash
interface GigabitEthernet1/2
 ip address 91.154.120.251 255.255.255.0
 no shutdown
!",cisco,1,synthetic_v4,compliant,hard
CIS-1.2,All user passwords must be encrypted using secure hashing algorithms,Verify CIS-1.2 compliance,"! ===========================================================================
! SW1 base configuration  (Layer 2 switch, IOSvL2)
! ComputingForGeeks CCNA 200-301 lab: base-device
! https://computingforgeeks.com/cisco-device-base-configuration/
!
! Paste at the privileged-EXEC prompt. RSA key generation takes a few seconds.
! The management IP lives on the Vlan1 SVI (a switch has no routed Gi0/0 by default).
! ===========================================================================
enable
configure terminal
hostname SW1
enable secret Cisc0-Lab!
service password-encryption
ip domain-name lab.example.com
username admin privilege 15 secret Adm1n-Lab!
crypto key generate rsa modulus 2048
ip ssh version 2
interface GigabitEthernet0/0
 no shutdown
 exit
interface Vlan1
 ip address 192.168.10.2 255.255.255.0
 no shutdown
 exit
line vty 0 4
 login local
 transport input ssh
 exit
banner motd #Authorized access only. Activity is logged.#
end
write memory

username operator privilege 1 password 0 cleartext123
interface GigabitEthernet0/1
 description WAN Interface
 ip address 18.51.17.115 255.255.255.0
 no shutdown
!",cisco,0,real_derived_SW1-base-config.txt,mutated_from_SW1-base-config.txt_to_0,medium
CIS-1.2,"Password storage must use encrypted representations, not plaintext",Verify CIS-1.2 compliance,"! Generated: 2024-01-16
!
hostname RTR-44-87
version 15.7
username operator privilege 1 password 0 cleartext123
interface GigabitEthernet1/1
 ip address 161.235.171.119 255.255.255.0
 no shutdown
!",cisco,0,synthetic_v4,non_compliant,medium
CIS-1.2,"Password storage must use encrypted representations, not plaintext",Verify CIS-1.2 compliance,"! RTR-34-68 Configuration
!
hostname RTR-34-68
version 15.7
username operator privilege 1 password 0 cleartext123
interface GigabitEthernet1/3
 ip address 127.92.119.182 255.255.255.0
 no shutdown
!",cisco,0,synthetic_v4,non_compliant,medium
CIS-1.2,"Password storage must use encrypted representations, not plaintext",Verify CIS-1.2 compliance,"! Generated: 2024-01-07
!
hostname RTR-63-61
version 15.7
service password-encryption
username netadmin privilege 15 secret 5 $1$secure$hash",cisco,1,synthetic_v4,compliant,medium
CIS-1.2,"Password storage must use encrypted representations, not plaintext",Verify CIS-1.2 compliance,"! Generated: 2024-01-07
!
hostname RTR-12-74
version 15.7
service password-encryption
username netadmin privilege 15 secret 5 $1$secure$hash
interface GigabitEthernet1/1
 ip address 125.48.153.10 255.255.255.0
 no shutdown
!
interface GigabitEthernet1/0
 ip address 200.28.171.90 255.255.255.0
 no shutdown
!",cisco,1,synthetic_v4,compliant,medium
CIS-1.2,"Password storage must use encrypted representations, not plaintext",Verify CIS-1.2 compliance,"! RTR-78-2 Configuration
!
hostname RTR-78-2
version 15.7
service password-encryption
username netadmin privilege 15 secret 5 $1$secure$hash
interface GigabitEthernet1/0
 ip address 82.76.167.129 255.255.255.0
 no shutdown
!",cisco,1,synthetic_v4,compliant,hard
CIS-1.2,"Password storage must use encrypted representations, not plaintext",Verify CIS-1.2 compliance,"! RTR-98-2 Configuration
!
hostname RTR-98-2
version 15.7
service password-encryption
username netadmin privilege 15 secret 5 $1$secure$hash
interface GigabitEthernet0/1
 ip address 17.90.224.222 255.255.255.0
 no shutdown
!",cisco,1,synthetic_v4,compliant,hard
CIS-1.2,Credential storage must employ secure password encryption,Verify CIS-1.2 compliance,"! ===========================================================================
! R1 base configuration  (router, c7200/IOSv)
! ComputingForGeeks CCNA 200-301 lab: base-device
! https://computingforgeeks.com/cisco-device-base-configuration/
!
! Paste at the privileged-EXEC prompt. RSA key generation takes a few seconds;
! on real gear, let it finish before the rest is applied.
! ===========================================================================
enable
configure terminal
hostname R1
enable secret Cisc0-Lab!
service password-encryption
ip domain-name lab.example.com
username admin privilege 15 secret Adm1n-Lab!
crypto key generate rsa modulus 2048
ip ssh version 2
interface GigabitEthernet0/0
 ip address 192.168.10.1 255.255.255.0
 no shutdown
 exit
line console 0
 password Con-Lab!
 login
 exit
line vty 0 4
 login local
 transport input ssh
 exit
banner motd #Authorized access only. Activity is logged.#
end
write memory

interface GigabitEthernet1/2
 description WAN Interface
 ip address 66.246.151.192 255.255.255.0
 no shutdown
!",cisco,1,real_derived_R1-base-config.txt,mutated_from_R1-base-config.txt_to_1,medium
CIS-1.2,"Password storage must use encrypted representations, not plaintext",Verify CIS-1.2 compliance,"! RTR-50-94 Configuration
!
hostname RTR-50-94
version 15.7
username operator privilege 1 password 0 cleartext123
interface GigabitEthernet1/3
 ip address 12.87.171.145 255.255.255.0
 no shutdown
!",cisco,0,synthetic_v4,non_compliant,hard
CIS-1.2,Password Encryption Required,All user passwords must be encrypted using secure hashing.,username operator privilege 1 secret 5 $1$oper123$hash,cisco,1,v1_curated,curated_training,easy
CIS-1.2,"Password storage must use encrypted representations, not plaintext",Verify CIS-1.2 compliance,"! Generated: 2024-01-15
!
hostname RTR-96-33
version 15.7
service password-encryption
username netadmin privilege 15 secret 5 $1$secure$hash
interface GigabitEthernet0/0
 ip address 252.145.8.133 255.255.255.0
 no shutdown
!
interface GigabitEthernet0/2
 ip address 2.153.113.55 255.255.255.0
 no shutdown
!",cisco,1,synthetic_v4,compliant,medium
CIS-1.2,"Password storage must use encrypted representations, not plaintext",Verify CIS-1.2 compliance,"! Generated: 2024-01-19
!
hostname RTR-78-64
version 15.7
username operator privilege 1 password 0 cleartext123
interface GigabitEthernet1/3
 ip address 21.3.125.226 255.255.255.0
 no shutdown
!
interface GigabitEthernet1/1
 ip address 13.94.75.15 255.255.255.0
 no shutdown
!",cisco,0,synthetic_v4,non_compliant,hard
CIS-1.2,"Password storage must use encrypted representations, not plaintext",Verify CIS-1.2 compliance,"! Generated: 2024-01-04
!
hostname RTR-35-20
version 15.7
username operator privilege 1 password 0 cleartext123",cisco,0,synthetic_v4,non_compliant,hard
CIS-1.2,"Password storage must use encrypted representations, not plaintext",Verify CIS-1.2 compliance,"! RTR-74-26 Configuration
!
hostname RTR-74-26
version 15.7
service password-encryption
username netadmin privilege 15 secret 5 $1$secure$hash
interface GigabitEthernet0/0
 ip address 69.220.165.176 255.255.255.0
 no shutdown
!",cisco,1,synthetic_v4,compliant,hard
CIS-1.2,"Password storage must use encrypted representations, not plaintext",Verify CIS-1.2 compliance,"! Generated: 2024-01-25
!
hostname RTR-14-17
version 15.7
service password-encryption
username netadmin privilege 15 secret 5 $1$secure$hash
interface GigabitEthernet0/1
 ip address 60.13.183.21 255.255.255.0
 no shutdown
!
interface GigabitEthernet1/1
 ip address 129.240.191.48 255.255.255.0
 no shutdown
!",cisco,1,synthetic_v4,compliant,medium
CIS-1.2,"Password storage must use encrypted representations, not plaintext",Verify CIS-1.2 compliance,"! Generated: 2024-01-24
!
hostname RTR-7-54
version 15.7
username operator privilege 1 password 0 cleartext123
interface GigabitEthernet1/1
 ip address 31.67.103.1 255.255.255.0
 no shutdown
!
interface GigabitEthernet1/0
 ip address 118.254.255.140 255.255.255.0
 no shutdown
!",cisco,0,synthetic_v4,non_compliant,easy
CIS-1.2,"Password storage must use encrypted representations, not plaintext",Verify CIS-1.2 compliance,"! Generated: 2024-01-10
!
hostname RTR-47-5
version 15.7
username operator privilege 1 password 0 cleartext123
interface GigabitEthernet0/3
 ip address 216.33.149.121 255.255.255.0
 no shutdown
!
interface GigabitEthernet0/0
 ip address 178.140.168.135 255.255.255.0
 no shutdown
!",cisco,0,synthetic_v4,non_compliant,medium
CIS-1.2,"Password storage must use encrypted representations, not plaintext",Verify CIS-1.2 compliance,"! RTR-5-26 Configuration
!
hostname RTR-5-26
version 15.7
username operator privilege 1 password 0 cleartext123
interface GigabitEthernet1/1
 ip address 49.174.247.188 255.255.255.0
 no shutdown
!",cisco,0,synthetic_v4,non_compliant,hard
CIS-1.2,"Password storage must use encrypted representations, not plaintext",Verify CIS-1.2 compliance,"! Generated: 2024-01-21
!
hostname RTR-80-35
version 15.7
service password-encryption
username netadmin privilege 15 secret 5 $1$secure$hash
interface GigabitEthernet1/2
 ip address 170.184.55.5 255.255.255.0
 no shutdown
!",cisco,1,synthetic_v4,compliant,medium
CIS-1.2,"Password storage must use encrypted representations, not plaintext",Verify CIS-1.2 compliance,"! RTR-88-43 Configuration
!
hostname RTR-88-43
version 15.7
username operator privilege 1 password 0 cleartext123
interface GigabitEthernet0/1
 ip address 72.15.173.252 255.255.255.0
 no shutdown
!
interface GigabitEthernet1/1
 ip address 147.199.95.153 255.255.255.0
 no shutdown
!",cisco,0,synthetic_v4,non_compliant,easy
CIS-1.2,"Password storage must use encrypted representations, not plaintext",Verify CIS-1.2 compliance,"! Generated: 2024-01-18
!
hostname RTR-72-66
version 15.7
username operator privilege 1 password 0 cleartext123
interface GigabitEthernet1/1
 ip address 242.145.125.44 255.255.255.0
 no shutdown
!
interface GigabitEthernet0/2
 ip address 157.173.227.13 255.255.255.0
 no shutdown
!",cisco,0,synthetic_v4,non_compliant,easy
CIS-1.2,"Password storage must use encrypted representations, not plaintext",Verify CIS-1.2 compliance,"! Generated: 2024-01-15
!
hostname RTR-25-1
version 15.7
username operator privilege 1 password 0 cleartext123
interface GigabitEthernet0/3
 ip address 106.23.170.90 255.255.255.0
 no shutdown
!",cisco,0,synthetic_v4,non_compliant,hard
CIS-1.2,"Password storage must use encrypted representations, not plaintext",Verify CIS-1.2 compliance,"! Generated: 2024-01-07
!
hostname RTR-82-28
version 15.7
username operator privilege 1 password 0 cleartext123
interface GigabitEthernet0/2
 ip address 77.165.3.30 255.255.255.0
 no shutdown
!
interface GigabitEthernet1/2
 ip address 102.14.89.50 255.255.255.0
 no shutdown
!",cisco,0,synthetic_v4,non_compliant,medium
CIS-1.2,"Password storage must use encrypted representations, not plaintext",Verify CIS-1.2 compliance,"! RTR-76-92 Configuration
!
hostname RTR-76-92
version 15.7
username operator privilege 1 password 0 cleartext123
interface GigabitEthernet1/2
 ip address 178.83.63.24 255.255.255.0
 no shutdown
!",cisco,0,synthetic_v4,non_compliant,easy
CIS-1.2,"Password storage must use encrypted representations, not plaintext",Verify CIS-1.2 compliance,"! Generated: 2024-01-05
!
hostname RTR-78-43
version 15.7
service password-encryption
username netadmin privilege 15 secret 5 $1$secure$hash",cisco,1,synthetic_v4,compliant,easy
CIS-1.2,"Password storage must use encrypted representations, not plaintext",Verify CIS-1.2 compliance,"! Generated: 2024-01-02
!
hostname RTR-45-5
version 15.7
username operator privilege 1 password 0 cleartext123
interface GigabitEthernet1/0
 ip address 13.55.213.46 255.255.255.0
 no shutdown
!
interface GigabitEthernet0/2
 ip address 157.90.233.192 255.255.255.0
 no shutdown
!",cisco,0,synthetic_v4,non_compliant,hard
CIS-1.2,All user passwords must be encrypted using secure hashing algorithms,Verify CIS-1.2 compliance,"! RTR-8-34 Configuration
!
hostname RTR-8-34
version 15.7
username operator privilege 1 password 0 cleartext123",juniper,0,synthetic_v4,non_compliant,medium
CIS-1.2,All user passwords must be encrypted using secure hashing algorithms,Verify CIS-1.2 compliance,"! RTR-5-89 Configuration
!
hostname RTR-5-89
version 15.7
service password-encryption
username netadmin privilege 15 secret 5 $1$secure$hash
interface GigabitEthernet0/3
 ip address 149.86.26.169 255.255.255.0
 no shutdown
!
interface GigabitEthernet1/0
 ip address 74.248.42.33 255.255.255.0
 no shutdown
!",juniper,1,synthetic_v4,compliant,hard
CIS-1.2,All user passwords must be encrypted using secure hashing algorithms,Verify CIS-1.2 compliance,"! Generated: 2024-01-05
!
hostname RTR-91-50
version 15.7
service password-encryption
username netadmin privilege 15 secret 5 $1$secure$hash
interface GigabitEthernet0/2
 ip address 238.229.195.174 255.255.255.0
 no shutdown
!
interface GigabitEthernet1/0
 ip address 25.181.221.157 255.255.255.0
 no shutdown
!",juniper,1,synthetic_v4,compliant,hard
CIS-1.2,All user passwords must be encrypted using secure hashing algorithms,Verify CIS-1.2 compliance,"! RTR-9-63 Configuration
!
hostname RTR-9-63
version 15.7
username operator privilege 1 password 0 cleartext123",juniper,0,synthetic_v4,non_compliant,medium
CIS-1.2,All user passwords must be encrypted using secure hashing algorithms,Verify CIS-1.2 compliance,"! Generated: 2024-01-28
!
hostname RTR-8-36
version 15.7
username operator privilege 1 password 0 cleartext123
interface GigabitEthernet0/2
 ip address 57.151.80.203 255.255.255.0
 no shutdown
!
interface GigabitEthernet0/1
 ip address 23.210.250.221 255.255.255.0
 no shutdown
!",juniper,0,synthetic_v4,non_compliant,easy
CIS-1.2,All user passwords must be encrypted using secure hashing algorithms,Verify CIS-1.2 compliance,"! RTR-93-57 Configuration
!
hostname RTR-93-57
version 15.7
username operator privilege 1 password 0 cleartext123
interface GigabitEthernet1/1
 ip address 200.56.166.59 255.255.255.0
 no shutdown
!",juniper,0,synthetic_v4,non_compliant,easy
CIS-1.2,All user passwords must be encrypted using secure hashing algorithms,Verify CIS-1.2 compliance,"! Generated: 2024-01-02
!
hostname RTR-74-47
version 15.7
service password-encryption
username netadmin privilege 15 secret 5 $1$secure$hash
interface GigabitEthernet0/3
 ip address 247.40.72.187 255.255.255.0
 no shutdown
!
interface GigabitEthernet1/3
 ip address 133.40.45.63 255.255.255.0
 no shutdown
!",juniper,1,synthetic_v4,compliant,medium
CIS-1.2,All user passwords must be encrypted using secure hashing algorithms,Verify CIS-1.2 compliance,"! RTR-25-4 Configuration
!
hostname RTR-25-4
version 15.7
username operator privilege 1 password 0 cleartext123
interface GigabitEthernet1/0
 ip address 203.157.255.137 255.255.255.0
 no shutdown
!
interface GigabitEthernet1/0
 ip address 10.173.28.87 255.255.255.0
 no shutdown
!",juniper,0,synthetic_v4,non_compliant,hard
CIS-1.2,All user passwords must be encrypted using secure hashing algorithms,Verify CIS-1.2 compliance,"! RTR-53-31 Configuration
!
hostname RTR-53-31
version 15.7
service password-encryption
username netadmin privilege 15 secret 5 $1$secure$hash
interface GigabitEthernet1/0
 ip address 88.106.220.201 255.255.255.0
 no shutdown
!
interface GigabitEthernet1/2
 ip address 140.120.88.170 255.255.255.0
 no shutdown
!",juniper,1,synthetic_v4,compliant,hard
CIS-1.2,All user passwords must be encrypted using secure hashing algorithms,Verify CIS-1.2 compliance,"! Generated: 2024-01-22
!
hostname RTR-75-51
version 15.7
service password-encryption
username netadmin privilege 15 secret 5 $1$secure$hash
interface GigabitEthernet1/1
 ip address 81.5.4.213 255.255.255.0
 no shutdown
!",juniper,1,synthetic_v4,compliant,easy
CIS-1.2,All user passwords must be encrypted using secure hashing algorithms,Verify CIS-1.2 compliance,"! RTR-76-61 Configuration
!
hostname RTR-76-61
version 15.7
username operator privilege 1 password 0 cleartext123",juniper,0,synthetic_v4,non_compliant,hard
CIS-1.2,All user passwords must be encrypted using secure hashing algorithms,Verify CIS-1.2 compliance,"! Generated: 2024-01-06
!
hostname RTR-2-95
version 15.7
service password-encryption
username netadmin privilege 15 secret 5 $1$secure$hash
interface GigabitEthernet1/2
 ip address 207.89.133.201 255.255.255.0
 no shutdown
!",juniper,1,synthetic_v4,compliant,hard
CIS-1.2,All user passwords must be encrypted using secure hashing algorithms,Verify CIS-1.2 compliance,"! Generated: 2024-01-26
!
hostname RTR-35-43
version 15.7
service password-encryption
username netadmin privilege 15 secret 5 $1$secure$hash",juniper,1,synthetic_v4,compliant,hard
CIS-1.2,All user passwords must be encrypted using secure hashing algorithms,Verify CIS-1.2 compliance,"! RTR-94-31 Configuration
!
hostname RTR-94-31
version 15.7
service password-encryption
username netadmin privilege 15 secret 5 $1$secure$hash",juniper,1,synthetic_v4,compliant,hard
CIS-1.2,All user passwords must be encrypted using secure hashing algorithms,Verify CIS-1.2 compliance,"! RTR-81-7 Configuration
!
hostname RTR-81-7
version 15.7
username operator privilege 1 password 0 cleartext123
interface GigabitEthernet1/1
 ip address 214.32.54.30 255.255.255.0
 no shutdown
!",juniper,0,synthetic_v4,non_compliant,medium
CIS-1.2,All user passwords must be encrypted using secure hashing algorithms,Verify CIS-1.2 compliance,"! Generated: 2024-01-04
!
hostname RTR-95-87
version 15.7
username operator privilege 1 password 0 cleartext123
interface GigabitEthernet1/1
 ip address 196.23.88.86 255.255.255.0
 no shutdown
!",juniper,0,synthetic_v4,non_compliant,easy
CIS-1.2,All user passwords must be encrypted using secure hashing algorithms,Verify CIS-1.2 compliance,"! RTR-96-97 Configuration
!
hostname RTR-96-97
version 15.7
service password-encryption
username netadmin privilege 15 secret 5 $1$secure$hash",juniper,1,synthetic_v4,compliant,hard
CIS-1.2,All user passwords must be encrypted using secure hashing algorithms,Verify CIS-1.2 compliance,"! Generated: 2024-01-05
!
hostname RTR-23-83
version 15.7
username operator privilege 1 password 0 cleartext123
interface GigabitEthernet0/0
 ip address 234.226.132.27 255.255.255.0
 no shutdown
!
interface GigabitEthernet0/0
 ip address 19.128.228.5 255.255.255.0
 no shutdown
!",juniper,0,synthetic_v4,non_compliant,medium
CIS-1.2,All user passwords must be encrypted using secure hashing algorithms,Verify CIS-1.2 compliance,"! RTR-89-86 Configuration
!
hostname RTR-89-86
version 15.7
username operator privilege 1 password 0 cleartext123
interface GigabitEthernet0/2
 ip address 199.31.195.100 255.255.255.0
 no shutdown
!",juniper,0,synthetic_v4,non_compliant,medium
CIS-1.2,All user passwords must be encrypted using secure hashing algorithms,Verify CIS-1.2 compliance,"! RTR-68-13 Configuration
!
hostname RTR-68-13
version 15.7
username operator privilege 1 password 0 cleartext123
interface GigabitEthernet1/1
 ip address 71.27.99.29 255.255.255.0
 no shutdown
!",juniper,0,synthetic_v4,non_compliant,easy
CIS-1.2,All user passwords must be encrypted using secure hashing algorithms,Verify CIS-1.2 compliance,"! Generated: 2024-01-19
!
hostname RTR-71-22
version 15.7
username operator privilege 1 password 0 cleartext123",juniper,0,synthetic_v4,non_compliant,easy
CIS-1.2,All user passwords must be encrypted using secure hashing algorithms,Verify CIS-1.2 compliance,"! Generated: 2024-01-28
!
hostname RTR-90-86
version 15.7
service password-encryption
username netadmin privilege 15 secret 5 $1$secure$hash
interface GigabitEthernet1/0
 ip address 17.243.57.90 255.255.255.0
 no shutdown
!
interface GigabitEthernet1/3
 ip address 217.87.144.197 255.255.255.0
 no shutdown
!",juniper,1,synthetic_v4,compliant,medium
CIS-1.2,All user passwords must be encrypted using secure hashing algorithms,Verify CIS-1.2 compliance,"! Generated: 2024-01-06
!
hostname RTR-88-61
version 15.7
username operator privilege 1 password 0 cleartext123
interface GigabitEthernet0/2
 ip address 73.107.222.65 255.255.255.0
 no shutdown
!",juniper,0,synthetic_v4,non_compliant,medium
CIS-1.2,All user passwords must be encrypted using secure hashing algorithms,Verify CIS-1.2 compliance,"! Generated: 2024-01-04
!
hostname RTR-78-74
version 15.7
service password-encryption
username netadmin privilege 15 secret 5 $1$secure$hash
interface GigabitEthernet1/0
 ip address 203.154.236.103 255.255.255.0
 no shutdown
!",juniper,1,synthetic_v4,compliant,hard
CIS-1.2,All user passwords must be encrypted using secure hashing algorithms,Verify CIS-1.2 compliance,"! Generated: 2024-01-20
!
hostname RTR-10-36
version 15.7
service password-encryption
username netadmin privilege 15 secret 5 $1$secure$hash",juniper,1,synthetic_v4,compliant,medium
CIS-1.2,All user passwords must be encrypted using secure hashing algorithms,Verify CIS-1.2 compliance,"! Generated: 2024-01-07
!
hostname RTR-83-85
version 15.7
service password-encryption
username netadmin privilege 15 secret 5 $1$secure$hash
interface GigabitEthernet0/1
 ip address 116.149.199.158 255.255.255.0
 no shutdown
!",juniper,1,synthetic_v4,compliant,hard
CIS-1.2,All user passwords must be encrypted using secure hashing algorithms,Verify CIS-1.2 compliance,"! RTR-82-59 Configuration
!
hostname RTR-82-59
version 15.7
service password-encryption
username netadmin privilege 15 secret 5 $1$secure$hash",juniper,1,synthetic_v4,compliant,medium
CIS-1.2,All user passwords must be encrypted using secure hashing algorithms,Verify CIS-1.2 compliance,"! Generated: 2024-01-17
!
hostname RTR-31-63
version 15.7
service password-encryption
username netadmin privilege 15 secret 5 $1$secure$hash
interface GigabitEthernet0/1
 ip address 153.78.253.193 255.255.255.0
 no shutdown
!
interface GigabitEthernet1/3
 ip address 61.225.85.54 255.255.255.0
 no shutdown
!",juniper,1,synthetic_v4,compliant,hard
CIS-1.2,All user passwords must be encrypted using secure hashing algorithms,Verify CIS-1.2 compliance,"! Generated: 2024-01-26
!
hostname RTR-77-79
version 15.7
username operator privilege 1 password 0 cleartext123",juniper,0,synthetic_v4,non_compliant,medium
CIS-1.2,All user passwords must be encrypted using secure hashing algorithms,Verify CIS-1.2 compliance,"! Generated: 2024-01-23
!
hostname RTR-50-85
version 15.7
username operator privilege 1 password 0 cleartext123
interface GigabitEthernet1/3
 ip address 22.224.97.36 255.255.255.0
 no shutdown
!",juniper,0,synthetic_v4,non_compliant,easy
CIS-1.2,All user passwords must be encrypted using secure hashing algorithms,Verify CIS-1.2 compliance,"! RTR-39-56 Configuration
!
hostname RTR-39-56
version 15.7
service password-encryption
username netadmin privilege 15 secret 5 $1$secure$hash
interface GigabitEthernet0/3
 ip address 217.65.150.16 255.255.255.0
 no shutdown
!",juniper,1,synthetic_v4,compliant,medium
CIS-1.2,All user passwords must be encrypted using secure hashing algorithms,Verify CIS-1.2 compliance,"! Generated: 2024-01-11
!
hostname RTR-58-26
version 15.7
service password-encryption
username netadmin privilege 15 secret 5 $1$secure$hash",juniper,1,synthetic_v4,compliant,hard
CIS-1.2,All user passwords must be encrypted using secure hashing algorithms,Verify CIS-1.2 compliance,"! RTR-20-84 Configuration
!
hostname RTR-20-84
version 15.7
username operator privilege 1 password 0 cleartext123
interface GigabitEthernet1/1
 ip address 180.168.200.148 255.255.255.0
 no shutdown
!
interface GigabitEthernet0/3
 ip address 123.223.206.217 255.255.255.0
 no shutdown
!",juniper,0,synthetic_v4,non_compliant,hard
CIS-1.2,All user passwords must be encrypted using secure hashing algorithms,Verify CIS-1.2 compliance,"! Generated: 2024-01-05
!
hostname RTR-63-85
version 15.7
service password-encryption
username netadmin privilege 15 secret 5 $1$secure$hash",juniper,1,synthetic_v4,compliant,hard
CIS-1.2,All user passwords must be encrypted using secure hashing algorithms,Verify CIS-1.2 compliance,"! Generated: 2024-01-04
!
hostname RTR-79-98
version 15.7
username operator privilege 1 password 0 cleartext123
interface GigabitEthernet0/0
 ip address 125.59.36.230 255.255.255.0
 no shutdown
!",juniper,0,synthetic_v4,non_compliant,easy
CIS-1.2,All user passwords must be encrypted using secure hashing algorithms,Verify CIS-1.2 compliance,"! Generated: 2024-01-26
!
hostname RTR-6-52
version 15.7
username operator privilege 1 password 0 cleartext123
interface GigabitEthernet0/1
 ip address 237.36.18.189 255.255.255.0
 no shutdown
!
interface GigabitEthernet0/3
 ip address 168.9.241.233 255.255.255.0
 no shutdown
!",juniper,0,synthetic_v4,non_compliant,hard
CIS-1.2,All user passwords must be encrypted using secure hashing algorithms,Verify CIS-1.2 compliance,"! RTR-88-83 Configuration
!
hostname RTR-88-83
version 15.7
service password-encryption
username netadmin privilege 15 secret 5 $1$secure$hash
interface GigabitEthernet0/1
 ip address 221.132.186.101 255.255.255.0
 no shutdown
!",juniper,1,synthetic_v4,compliant,easy
CIS-1.2,All user passwords must be encrypted using secure hashing algorithms,Verify CIS-1.2 compliance,"! RTR-54-59 Configuration
!
hostname RTR-54-59
version 15.7
service password-encryption
username netadmin privilege 15 secret 5 $1$secure$hash
interface GigabitEthernet0/3
 ip address 131.217.230.99 255.255.255.0
 no shutdown
!
interface GigabitEthernet1/1
 ip address 48.217.3.148 255.255.255.0
 no shutdown
!",juniper,1,synthetic_v4,compliant,medium
CIS-1.2,All user passwords must be encrypted using secure hashing algorithms,Verify CIS-1.2 compliance,"! Generated: 2024-01-03
!
hostname RTR-11-1
version 15.7
username operator privilege 1 password 0 cleartext123
interface GigabitEthernet1/3
 ip address 178.64.105.37 255.255.255.0
 no shutdown
!
interface GigabitEthernet1/3
 ip address 106.122.89.157 255.255.255.0
 no shutdown
!",juniper,0,synthetic_v4,non_compliant,hard
CIS-1.2,All user passwords must be encrypted using secure hashing algorithms,Verify CIS-1.2 compliance,"! RTR-70-28 Configuration
!
hostname RTR-70-28
version 15.7
service password-encryption
username netadmin privilege 15 secret 5 $1$secure$hash
interface GigabitEthernet1/2
 ip address 216.213.78.74 255.255.255.0
 no shutdown
!",juniper,1,synthetic_v4,compliant,hard
CIS-1.2,All user passwords must be encrypted using secure hashing algorithms,Verify CIS-1.2 compliance,"! Generated: 2024-01-21
!
hostname RTR-17-18
version 15.7
service password-encryption
username netadmin privilege 15 secret 5 $1$secure$hash",juniper,1,synthetic_v4,compliant,hard
CIS-1.2,All user passwords must be encrypted using secure hashing algorithms,Verify CIS-1.2 compliance,"! Generated: 2024-01-15
!
hostname RTR-45-45
version 15.7
service password-encryption
username netadmin privilege 15 secret 5 $1$secure$hash
interface GigabitEthernet0/3
 ip address 190.212.226.74 255.255.255.0
 no shutdown
!",paloalto,1,synthetic_v4,compliant,easy
CIS-1.2,All user passwords must be encrypted using secure hashing algorithms,Verify CIS-1.2 compliance,"! Generated: 2024-01-01
!
hostname RTR-69-39
version 15.7
service password-encryption
username netadmin privilege 15 secret 5 $1$secure$hash
interface GigabitEthernet0/3
 ip address 238.163.79.2 255.255.255.0
 no shutdown
!
interface GigabitEthernet1/2
 ip address 122.148.75.205 255.255.255.0
 no shutdown
!",paloalto,1,synthetic_v4,compliant,hard
CIS-1.2,All user passwords must be encrypted using secure hashing algorithms,Verify CIS-1.2 compliance,"! Generated: 2024-01-01
!
hostname RTR-7-9
version 15.7
username operator privilege 1 password 0 cleartext123
interface GigabitEthernet1/1
 ip address 78.49.39.170 255.255.255.0
 no shutdown
!
interface GigabitEthernet1/3
 ip address 52.150.254.126 255.255.255.0
 no shutdown
!",paloalto,0,synthetic_v4,non_compliant,hard
CIS-1.2,All user passwords must be encrypted using secure hashing algorithms,Verify CIS-1.2 compliance,"! Generated: 2024-01-02
!
hostname RTR-58-46
version 15.7
service password-encryption
username netadmin privilege 15 secret 5 $1$secure$hash
interface GigabitEthernet0/2
 ip address 51.11.42.138 255.255.255.0
 no shutdown
!",paloalto,1,synthetic_v4,compliant,medium
CIS-1.2,All user passwords must be encrypted using secure hashing algorithms,Verify CIS-1.2 compliance,"! Generated: 2024-01-21
!
hostname RTR-47-56
version 15.7
username operator privilege 1 password 0 cleartext123
interface GigabitEthernet0/2
 ip address 68.24.152.147 255.255.255.0
 no shutdown
!",paloalto,0,synthetic_v4,non_compliant,medium
CIS-1.2,All user passwords must be encrypted using secure hashing algorithms,Verify CIS-1.2 compliance,"! RTR-97-35 Configuration
!
hostname RTR-97-35
version 15.7
service password-encryption
username netadmin privilege 15 secret 5 $1$secure$hash
interface GigabitEthernet0/2
 ip address 189.28.186.228 255.255.255.0
 no shutdown
!",paloalto,1,synthetic_v4,compliant,easy
CIS-1.2,All user passwords must be encrypted using secure hashing algorithms,Verify CIS-1.2 compliance,"! Generated: 2024-01-23
!
hostname RTR-88-39
version 15.7
service password-encryption
username netadmin privilege 15 secret 5 $1$secure$hash
interface GigabitEthernet1/1
 ip address 4.70.144.96 255.255.255.0
 no shutdown
!",paloalto,1,synthetic_v4,compliant,medium
CIS-1.2,All user passwords must be encrypted using secure hashing algorithms,Verify CIS-1.2 compliance,"! RTR-23-83 Configuration
!
hostname RTR-23-83
version 15.7
service password-encryption
username netadmin privilege 15 secret 5 $1$secure$hash",paloalto,1,synthetic_v4,compliant,hard
CIS-1.2,All user passwords must be encrypted using secure hashing algorithms,Verify CIS-1.2 compliance,"! Generated: 2024-01-26
!
hostname RTR-55-68
version 15.7
service password-encryption
username netadmin privilege 15 secret 5 $1$secure$hash
interface GigabitEthernet1/3
 ip address 62.42.6.178 255.255.255.0
 no shutdown
!",paloalto,1,synthetic_v4,compliant,hard
CIS-1.2,All user passwords must be encrypted using secure hashing algorithms,Verify CIS-1.2 compliance,"! Generated: 2024-01-07
!
hostname RTR-20-65
version 15.7
username operator privilege 1 password 0 cleartext123
interface GigabitEthernet1/3
 ip address 235.39.59.210 255.255.255.0
 no shutdown
!",paloalto,0,synthetic_v4,non_compliant,easy
CIS-1.2,All user passwords must be encrypted using secure hashing algorithms,Verify CIS-1.2 compliance,"! RTR-86-90 Configuration
!
hostname RTR-86-90
version 15.7
service password-encryption
username netadmin privilege 15 secret 5 $1$secure$hash
interface GigabitEthernet1/1
 ip address 230.156.87.203 255.255.255.0
 no shutdown
!
interface GigabitEthernet1/1
 ip address 124.190.147.198 255.255.255.0
 no shutdown
!",paloalto,1,synthetic_v4,compliant,easy
CIS-1.2,All user passwords must be encrypted using secure hashing algorithms,Verify CIS-1.2 compliance,"! Generated: 2024-01-24
!
hostname RTR-75-39
version 15.7
service password-encryption
username netadmin privilege 15 secret 5 $1$secure$hash
interface GigabitEthernet0/1
 ip address 68.153.241.32 255.255.255.0
 no shutdown
!",paloalto,1,synthetic_v4,compliant,hard
CIS-1.2,All user passwords must be encrypted using secure hashing algorithms,Verify CIS-1.2 compliance,"! Generated: 2024-01-06
!
hostname RTR-19-46
version 15.7
service password-encryption
username netadmin privilege 15 secret 5 $1$secure$hash
interface GigabitEthernet1/1
 ip address 250.89.78.42 255.255.255.0
 no shutdown
!",paloalto,1,synthetic_v4,compliant,easy
CIS-1.2,All user passwords must be encrypted using secure hashing algorithms,Verify CIS-1.2 compliance,"! Generated: 2024-01-23
!
hostname RTR-3-62
version 15.7
username operator privilege 1 password 0 cleartext123
interface GigabitEthernet1/1
 ip address 182.155.14.191 255.255.255.0
 no shutdown
!
interface GigabitEthernet0/1
 ip address 33.72.116.79 255.255.255.0
 no shutdown
!",paloalto,0,synthetic_v4,non_compliant,easy
CIS-1.2,All user passwords must be encrypted using secure hashing algorithms,Verify CIS-1.2 compliance,"! Generated: 2024-01-02
!
hostname RTR-42-8
version 15.7
username operator privilege 1 password 0 cleartext123",paloalto,0,synthetic_v4,non_compliant,medium
CIS-1.2,All user passwords must be encrypted using secure hashing algorithms,Verify CIS-1.2 compliance,"! RTR-3-62 Configuration
!
hostname RTR-3-62
version 15.7
service password-encryption
username netadmin privilege 15 secret 5 $1$secure$hash",paloalto,1,synthetic_v4,compliant,medium
CIS-1.2,All user passwords must be encrypted using secure hashing algorithms,Verify CIS-1.2 compliance,"! Generated: 2024-01-10
!
hostname RTR-53-28
version 15.7
service password-encryption
username netadmin privilege 15 secret 5 $1$secure$hash",paloalto,1,synthetic_v4,compliant,easy
CIS-1.2,All user passwords must be encrypted using secure hashing algorithms,Verify CIS-1.2 compliance,"! RTR-45-95 Configuration
!
hostname RTR-45-95
version 15.7
username operator privilege 1 password 0 cleartext123
interface GigabitEthernet1/0
 ip address 110.176.182.106 255.255.255.0
 no shutdown
!
interface GigabitEthernet1/0
 ip address 170.125.126.61 255.255.255.0
 no shutdown
!",paloalto,0,synthetic_v4,non_compliant,hard
CIS-1.2,All user passwords must be encrypted using secure hashing algorithms,Verify CIS-1.2 compliance,"! Generated: 2024-01-14
!
hostname RTR-39-91
version 15.7
username operator privilege 1 password 0 cleartext123",paloalto,0,synthetic_v4,non_compliant,hard
CIS-1.2,All user passwords must be encrypted using secure hashing algorithms,Verify CIS-1.2 compliance,"! Generated: 2024-01-27
!
hostname RTR-77-95
version 15.7
username operator privilege 1 password 0 cleartext123
interface GigabitEthernet1/3
 ip address 49.35.243.241 255.255.255.0
 no shutdown
!
interface GigabitEthernet1/1
 ip address 4.251.53.102 255.255.255.0
 no shutdown
!",paloalto,0,synthetic_v4,non_compliant,medium
CIS-1.2,All user passwords must be encrypted using secure hashing algorithms,Verify CIS-1.2 compliance,"! RTR-65-98 Configuration
!
hostname RTR-65-98
version 15.7
username operator privilege 1 password 0 cleartext123",paloalto,0,synthetic_v4,non_compliant,medium
CIS-1.2,All user passwords must be encrypted using secure hashing algorithms,Verify CIS-1.2 compliance,"! Generated: 2024-01-23
!
hostname RTR-14-22
version 15.7
service password-encryption
username netadmin privilege 15 secret 5 $1$secure$hash",paloalto,1,synthetic_v4,compliant,easy
CIS-1.2,All user passwords must be encrypted using secure hashing algorithms,Verify CIS-1.2 compliance,"! RTR-63-13 Configuration
!
hostname RTR-63-13
version 15.7
username operator privilege 1 password 0 cleartext123",paloalto,0,synthetic_v4,non_compliant,medium
CIS-1.2,Password Encryption Required,All user passwords must be encrypted using secure hashing.,admin user guest password plaintext,paloalto,0,v1_curated,curated_training,easy
CIS-1.2,All user passwords must be encrypted using secure hashing algorithms,Verify CIS-1.2 compliance,"! Generated: 2024-01-14
!
hostname RTR-97-49
version 15.7
service password-encryption
username netadmin privilege 15 secret 5 $1$secure$hash
interface GigabitEthernet1/1
 ip address 143.236.70.52 255.255.255.0
 no shutdown
!
interface GigabitEthernet0/3
 ip address 75.251.21.211 255.255.255.0
 no shutdown
!",paloalto,1,synthetic_v4,compliant,medium
CIS-1.2,All user passwords must be encrypted using secure hashing algorithms,Verify CIS-1.2 compliance,"! RTR-94-55 Configuration
!
hostname RTR-94-55
version 15.7
service password-encryption
username netadmin privilege 15 secret 5 $1$secure$hash
interface GigabitEthernet0/1
 ip address 78.243.171.17 255.255.255.0
 no shutdown
!",paloalto,1,synthetic_v4,compliant,hard
CIS-1.2,All user passwords must be encrypted using secure hashing algorithms,Verify CIS-1.2 compliance,"! Generated: 2024-01-18
!
hostname RTR-15-44
version 15.7
username operator privilege 1 password 0 cleartext123
interface GigabitEthernet1/3
 ip address 69.10.240.151 255.255.255.0
 no shutdown
!
interface GigabitEthernet0/2
 ip address 97.199.165.147 255.255.255.0
 no shutdown
!",paloalto,0,synthetic_v4,non_compliant,easy
CIS-1.2,All user passwords must be encrypted using secure hashing algorithms,Verify CIS-1.2 compliance,"! Generated: 2024-01-04
!
hostname RTR-94-57
version 15.7
service password-encryption
username netadmin privilege 15 secret 5 $1$secure$hash
interface GigabitEthernet0/0
 ip address 79.12.205.159 255.255.255.0
 no shutdown
!",paloalto,1,synthetic_v4,compliant,easy
CIS-1.2,All user passwords must be encrypted using secure hashing algorithms,Verify CIS-1.2 compliance,"! RTR-53-44 Configuration
!
hostname RTR-53-44
version 15.7
username operator privilege 1 password 0 cleartext123",paloalto,0,synthetic_v4,non_compliant,easy
CIS-1.2,All user passwords must be encrypted using secure hashing algorithms,Verify CIS-1.2 compliance,"! RTR-24-46 Configuration
!
hostname RTR-24-46
version 15.7
username operator privilege 1 password 0 cleartext123
interface GigabitEthernet1/0
 ip address 195.160.63.120 255.255.255.0
 no shutdown
!",paloalto,0,synthetic_v4,non_compliant,easy
CIS-1.2,All user passwords must be encrypted using secure hashing algorithms,Verify CIS-1.2 compliance,"! RTR-27-18 Configuration
!
hostname RTR-27-18
version 15.7
service password-encryption
username netadmin privilege 15 secret 5 $1$secure$hash",paloalto,1,synthetic_v4,compliant,easy
CIS-1.2,All user passwords must be encrypted using secure hashing algorithms,Verify CIS-1.2 compliance,"! RTR-67-85 Configuration
!
hostname RTR-67-85
version 15.7
username operator privilege 1 password 0 cleartext123",paloalto,0,synthetic_v4,non_compliant,medium
CIS-1.2,All user passwords must be encrypted using secure hashing algorithms,Verify CIS-1.2 compliance,"! Generated: 2024-01-06
!
hostname RTR-12-11
version 15.7
service password-encryption
username netadmin privilege 15 secret 5 $1$secure$hash",paloalto,1,synthetic_v4,compliant,easy
CIS-1.2,All user passwords must be encrypted using secure hashing algorithms,Verify CIS-1.2 compliance,"! Generated: 2024-01-23
!
hostname RTR-40-76
version 15.7
username operator privilege 1 password 0 cleartext123",paloalto,0,synthetic_v4,non_compliant,medium
CIS-1.2,All user passwords must be encrypted using secure hashing algorithms,Verify CIS-1.2 compliance,"! Generated: 2024-01-12
!
hostname RTR-67-18
version 15.7
username operator privilege 1 password 0 cleartext123
interface GigabitEthernet0/2
 ip address 127.59.197.73 255.255.255.0
 no shutdown
!",paloalto,0,synthetic_v4,non_compliant,medium
CIS-1.2,All user passwords must be encrypted using secure hashing algorithms,Verify CIS-1.2 compliance,"! RTR-29-80 Configuration
!
hostname RTR-29-80
version 15.7
username operator privilege 1 password 0 cleartext123",paloalto,0,synthetic_v4,non_compliant,hard
CIS-1.2,All user passwords must be encrypted using secure hashing algorithms,Verify CIS-1.2 compliance,"! RTR-96-36 Configuration
!
hostname RTR-96-36
version 15.7
username operator privilege 1 password 0 cleartext123
interface GigabitEthernet0/0
 ip address 26.7.111.184 255.255.255.0
 no shutdown
!",paloalto,0,synthetic_v4,non_compliant,easy
CIS-1.2,All user passwords must be encrypted using secure hashing algorithms,Verify CIS-1.2 compliance,"! RTR-14-5 Configuration
!
hostname RTR-14-5
version 15.7
username operator privilege 1 password 0 cleartext123
interface GigabitEthernet1/0
 ip address 233.129.22.17 255.255.255.0
 no shutdown
!",paloalto,0,synthetic_v4,non_compliant,medium
CIS-1.2,All user passwords must be encrypted using secure hashing algorithms,Verify CIS-1.2 compliance,"! RTR-50-63 Configuration
!
hostname RTR-50-63
version 15.7
username operator privilege 1 password 0 cleartext123
interface GigabitEthernet1/3
 ip address 144.80.28.101 255.255.255.0
 no shutdown
!
interface GigabitEthernet1/3
 ip address 152.193.180.197 255.255.255.0
 no shutdown
!",paloalto,0,synthetic_v4,non_compliant,medium
CIS-1.2,All user passwords must be encrypted using secure hashing algorithms,Verify CIS-1.2 compliance,"! Generated: 2024-01-21
!
hostname RTR-7-35
version 15.7
service password-encryption
username netadmin privilege 15 secret 5 $1$secure$hash
interface GigabitEthernet0/2
 ip address 75.39.99.197 255.255.255.0
 no shutdown
!
interface GigabitEthernet0/0
 ip address 154.85.165.224 255.255.255.0
 no shutdown
!",paloalto,1,synthetic_v4,compliant,medium
CIS-1.2,All user passwords must be encrypted using secure hashing algorithms,Verify CIS-1.2 compliance,"! RTR-87-86 Configuration
!
hostname RTR-87-86
version 15.7
service password-encryption
username netadmin privilege 15 secret 5 $1$secure$hash
interface GigabitEthernet0/3
 ip address 82.28.184.102 255.255.255.0
 no shutdown
!
interface GigabitEthernet0/3
 ip address 95.197.190.4 255.255.255.0
 no shutdown
!",paloalto,1,synthetic_v4,compliant,medium
CIS-2.1,Network devices must forward security events to approved centralized logging,Verify CIS-2.1 compliance,"! RTR-69-79 Configuration
!
hostname RTR-69-79
version 15.7
logging host 233.222.30.134
logging trap informational",cisco,1,synthetic_v4,compliant,medium
CIS-2.1,Centralized logging via syslog must be implemented for compliance,Verify CIS-2.1 compliance,"! SW1 - Layer 3 switch doing inter-VLAN routing with SVIs.
! ip routing is OFF by default on a multilayer switch; this is the key step.
enable
configure terminal
hostname SW1
!
ip routing
!
vlan 10
 name SALES
vlan 20
 name ENGINEERING
!
! SVIs = the per-VLAN gateways (routed inside the switch)
interface Vlan10
 ip address 10.10.10.1 255.255.255.0
 no shutdown
!
interface Vlan20
 ip address 10.20.20.1 255.255.255.0
 no shutdown
!
! Host access ports
interface GigabitEthernet0/1
 switchport mode access
 switchport access vlan 10
!
interface GigabitEthernet0/2
 switchport mode access
 switchport access vlan 20
end
write memory

logging host 254.115.153.176
logging trap informational
interface GigabitEthernet0/0
 description WAN Interface
 ip address 104.194.193.142 255.255.255.0
 no shutdown
!",cisco,1,real_derived_SW1-config.txt,mutated_from_SW1-config.txt_to_1,medium
CIS-2.1,Centralized logging via syslog must be implemented for compliance,Verify CIS-2.1 compliance,"IP-EIGRP Topology Table for AS(100)/ID(10.255.11.6)

Codes: P - Passive, A - Active, U - Update, Q - Query, R - Reply,
       r - reply Status, s - sia Status

P 66.128.208.232/32, 2 successors, FD is 264448
        via 10.254.11.9, TenGigabitEthernet1/1
        via 10.254.11.33, TenGigabitEthernet2/1
P 10.254.6.8/30, 1 successors, FD is 1024
        via 10.254.6.14, Port-channel10
P 67.230.223.128/28, 2 successors, FD is 5632, tag is 53471
        via 10.254.11.9, TenGigabitEthernet1/1
        via 10.254.11.33, TenGigabitEthernet2/1
P 10.255.10.5/32, 1 successors, FD is 130816
        via 10.254.10.34, GigabitEthernet9/29
P 10.255.1.14/32, 1 successors, FD is 128768
        via 10.254.1.34, Port-channel3
P 10.254.2.12/30, 1 successors, FD is 768
        via 10.254.2.22, TenGigabitEthernet3/3
P 10.255.11.4/32, 4 successors, FD is 128768
        via 10.254.56.6, TenGigabitEthernet1/4
        via 10.254.55.6, TenGigabitEthernet1/6
        via 10.254.11.33, TenGigabitEthernet2/1
        via 10.254.11.9, TenGigabitEthernet1/1
        via 10.254.52.6, TenGigabitEthernet1/5
        via 10.254.4.10, TenGigabitEthernet4/4
        via 10.254.4.14, TenGigabitEthernet4/5
        via 10.254.54.6, TenGigabitEthernet1/3

IP-EIGRP Topology Table for AS(65000)/ID(10.2.0.1)

Codes: P - Passive, A - Active, U - Update, Q - Query, R - Reply,
       r - reply Status, s - sia Status

P 10.50.20.4/32, 2 successors, FD is 128039168
        via 10.4.0.1, GigabitEthernet1/1
        via 10.4.0.2, GigabitEthernet1/2
P 10.50.21.0/27, 0 successors, FD is Inaccessible, tag is 6508497
        via 10.4.0.1, GigabitEthernet1/1
        via 10.4.0.2, GigabitEthernet1/2
P 10.50.75.0/24, 1 successors, FD is 2816
        via Rstatic
P 10.50.23.92/30, 1 successors, FD is 3840256, tag is 5507497
        via Redistributed",cisco,0,real_derived_cisco_ios_show_ip_eigrp_topology1.raw,mutated_from_cisco_ios_show_ip_eigrp_topology1.raw_to_0,medium
CIS-2.1,Centralized logging via syslog must be implemented for compliance,Verify CIS-2.1 compliance,"! Host10 - end device in VLAN 10 (a router acting as a host in the lab).
! On a real PC this is just IP 10.10.10.10/24, gateway 10.10.10.1 (the Vlan10 SVI).
enable
configure terminal
hostname Host10
!
interface GigabitEthernet0/0
 ip address 10.10.10.10 255.255.255.0
 no shutdown
!
ip route 0.0.0.0 0.0.0.0 10.10.10.1
end
write memory

logging host 81.61.94.50
logging trap informational",cisco,1,real_derived_Host10-config.txt,mutated_from_Host10-config.txt_to_1,medium
CIS-2.1,Remote syslog servers must be configured for audit trail retention,Verify CIS-2.1 compliance,"! Host10 - end device in VLAN 10 (a router acting as a host in the lab).
! On a real PC this is just IP 10.10.10.10/24, gateway 10.10.10.1 (the Vlan10 SVI).
enable
configure terminal
hostname Host10
!
interface GigabitEthernet0/0
 ip address 10.10.10.10 255.255.255.0
 no shutdown
!
ip route 0.0.0.0 0.0.0.0 10.10.10.1
end
write memory

interface GigabitEthernet1/3
 description WAN Interface
 ip address 24.150.113.104 255.255.255.0
 no shutdown
!",cisco,0,real_derived_Host10-config.txt,mutated_from_Host10-config.txt_to_0,medium
CIS-2.1,Network devices must forward security events to approved centralized logging,Verify CIS-2.1 compliance,"! Generated: 2024-01-21
!
hostname RTR-6-65
version 15.7
! logging host 31.105.185.41
interface GigabitEthernet1/0
 ip address 40.186.171.210 255.255.255.0
 no shutdown
!
interface GigabitEthernet0/0
 ip address 218.103.224.249 255.255.255.0
 no shutdown
!",cisco,0,synthetic_v4,non_compliant,medium
CIS-2.1,Centralized logging via syslog must be implemented for compliance,Verify CIS-2.1 compliance,"! ===========================================================================
! R2 HSRP configuration  (router, c7200/IOSv)  -- STANDBY (lower priority)
! ComputingForGeeks CCNA 200-301 lab: hsrp
! https://computingforgeeks.com/ccna-labs-hsrp-configuration-on-gns3-and-packet-tracer/
!
! Group 1, HSRP version 2, same virtual IP 192.168.10.254.
! R2 has priority 100 (default) + preempt, so it takes over only when R1 fails.
! ===========================================================================
enable
configure terminal
hostname R2
interface GigabitEthernet0/0
 ip address 192.168.10.2 255.255.255.0
 standby version 2
 standby 1 ip 192.168.10.254
 standby 1 priority 100
 standby 1 preempt
 no shutdown
 exit
end
write memory

logging host 158.122.124.13
logging trap informational
interface GigabitEthernet0/1
 description WAN Interface
 ip address 26.211.169.184 255.255.255.0
 no shutdown
!",cisco,1,real_derived_R2-hsrp.txt,mutated_from_R2-hsrp.txt_to_1,medium
CIS-2.1,Remote syslog servers must be configured for audit trail retention,Verify CIS-2.1 compliance,"# -*- restclient -*-

# Settings
:node = asr-101
:addr = 50.196.141.39
:deviceusername = <username>
:devicepassword = <password>
:host = http://localhost:8181
:basic-auth := (format ""Basic %s"" (base64-encode-string (format ""%s:%s"" ""admin"" ""admin"")))

# Create ASR 101
POST :host/restconf/config/network-topology:network-topology/topology/topology-netconf/node/controller-config/yang-ext:mount/config:modules
Authorization: :basic-auth
Content-Type: application/xml
<module xmlns=""urn:opendaylight:params:xml:ns:yang:controller:config"">
   <type xmlns:prefix=""urn:opendaylight:params:xml:ns:yang:controller:md:sal:connector:netconf"">prefix:sal-netconf-connector</type>
   <name>:node
   </name>
   <address xmlns=""urn:opendaylight:params:xml:ns:yang:controller:md:sal:connector:netconf"">:addr
   </address>
   <port xmlns=""urn:opendaylight:params:xml:ns:yang:controller:md:sal:connector:netconf"">830</port>
   <username xmlns=""urn:opendaylight:params:xml:ns:yang:controller:md:sal:connector:netconf"">:deviceusername</username>
   <password xmlns=""urn:opendaylight:params:xml:ns:yang:controller:md:sal:connector:netconf"">:devicepassword</password>
   <tcp-only xmlns=""urn:opendaylight:params:xml:ns:yang:controller:md:sal:connector:netconf"">false</tcp-only>
   <event-executor xmlns=""urn:opendaylight:params:xml:ns:yang:controller:md:sal:connector:netconf"">
     <type xmlns:prefix=""urn:opendaylight:params:xml:ns:yang:controller:netty"">prefix:netty-event-executor</type>
     <name>global-event-executor</name>
   </event-executor>
   <binding-registry xmlns=""urn:opendaylight:params:xml:ns:yang:controller:md:sal:connector:netconf"">
     <type xmlns:prefix=""urn:opendaylight:params:xml:ns:yang:controller:md:sal:binding"">prefix:binding-broker-osgi-registry</type>
     <name>binding-osgi-broker</name>
   </binding-registry>
   <dom-registry xmlns=""urn:opendaylight:params:xml:ns:yang:controller:md:sal:connector:netconf"">
     <type xmlns:prefix=""urn:opendaylight:params:xml:ns:yang:controller:md:sal:dom"">prefix:dom-broker-osgi-registry</type>
     <name>dom-broker</name>
   </dom-registry>
   <client-dispatcher xmlns=""urn:opendaylight:params:xml:ns:yang:controller:md:sal:connector:netconf"">
     <type xmlns:prefix=""urn:opendaylight:params:xml:ns:yang:controller:config:netconf"">prefix:netconf-client-dispatcher</type>
     <name>global-netconf-dispatcher</name>
   </client-dispatcher>
   <processing-executor xmlns=""urn:opendaylight:params:xml:ns:yang:controller:md:sal:connector:netconf"">
     <type xmlns:prefix=""urn:opendaylight:params:xml:ns:yang:controller:threadpool"">prefix:threadpool</type>
     <name>global-netconf-processing-executor</name>
   </processing-executor>
 </module>

# Get node operational status
GET :host/restconf/operational/network-topology:network-topology/topology/topology-netconf/node/:node/
Authorization: :basic-auth

# Get interface configuration
GET :host/restconf/operational/network-topology:network-topology/topology/topology-netconf/node/:node/yang-ext:mount/Cisco-IOS-XR-ifmgr-cfg:interface-configurations/
Authorization: :basic-auth
Accept: application/xml

# Get operational l2vpn xconnect groups
GET :host/restconf/operational/network-topology:network-topology/topology/topology-netconf/node/:node/yang-ext:mount/Cisco-IOS-XR-l2vpn-cfg:l2vpn/database/xconnect-groups/xconnect-group/local
Authorization: :basic-auth
Accept: application/xml

# Show
GET :host/restconf/config/network-topology:network-topology/topology/topology-netconf/node/controller-config/yang-ext:mount/config:modules/module/odl-sal-netconf-connector-cfg:sal-netconf-connector/:node
Authorization: :basic-auth

# Delete
DELETE :host/restconf/config/network-topology:network-topology/topology/topology-netconf/node/controller-config/yang-ext:mount/config:modules/module/odl-sal-netconf-connector-cfg:sal-netconf-connector/:node
Authorization: :basic-auth

logging host 213.185.98.181
logging trap informational",cisco,1,real_derived_cisco-xr-lab-device.txt,mutated_from_cisco-xr-lab-device.txt_to_1,medium
CIS-2.1,Centralized logging via syslog must be implemented for compliance,Verify CIS-2.1 compliance,"! ===========================================================================
! R1 ipv6-static-routing lab  (router, c7200 / IOS 15.2)
! ComputingForGeeks CCNA 200-301 lab: ipv6-static-routing
! https://computingforgeeks.com/cisco-ipv6-static-routes-configuration/
!
! Two links to R2: primary 2001:DB8:12::/64 (Gi0/0), backup 2001:DB8:13::/64
! (Gi1/0). R1 reaches R2's network 2001:DB8:2::/64 via a fully-specified
! link-local primary static (AD 1) and a floating static (AD 200) over the
! backup, plus a ::/0 default route. Run the matching R2 file on the other router.
!
! Failover demo: shut Gi0/0 on BOTH routers, then re-run
! ""show ipv6 route 2001:DB8:2::/64"" and ping 2001:DB8:2::1 to watch the floating
! route ([200]) take over the backup link.
! ===========================================================================
enable
configure terminal
hostname R1
ipv6 unicast-routing
interface Loopback1
 ipv6 address 2001:DB8:1::1/64
 exit
interface GigabitEthernet0/0
 ipv6 address 2001:DB8:12::1/64
 ipv6 address FE80::1 link-local
 no shutdown
 exit
interface GigabitEthernet1/0
 ipv6 address 2001:DB8:13::1/64
 ipv6 address FE80::10 link-local
 no shutdown
 exit
ipv6 route 2001:DB8:2::/64 GigabitEthernet0/0 FE80::2
ipv6 route 2001:DB8:2::/64 GigabitEthernet1/0 FE80::20 200
ipv6 route ::/0 2001:DB8:12::2
end
write memory",cisco,0,real_derived_R1-config.txt,mutated_from_R1-config.txt_to_0,medium
CIS-2.1,Network devices must forward security events to approved centralized logging,Verify CIS-2.1 compliance,"! Generated: 2024-01-26
!
hostname RTR-25-54
version 15.7
logging host 38.14.148.250
logging trap informational",cisco,1,synthetic_v4,compliant,hard
CIS-2.1,Network devices must forward security events to approved centralized logging,Verify CIS-2.1 compliance,"! ===========================================================================
! Host1 nat-pat lab  (inside host on 192.168.10.0/24, translated by PAT)
! ComputingForGeeks CCNA 200-301 lab: nat-pat
! https://computingforgeeks.com/cisco-nat-pat-configuration/
!
! A router used as an end host. It sits on the PAT LAN, so its traffic to the
! outside is overloaded onto the PUBLIC pool address with a translated port.
! ===========================================================================
enable
configure terminal
hostname Host1
interface GigabitEthernet0/0
 ip address 192.168.10.10 255.255.255.0
 no shutdown
 exit
ip route 0.0.0.0 0.0.0.0 192.168.10.1
end
write memory

logging host 252.13.201.152
logging trap informational
interface GigabitEthernet0/0
 description DMZ Interface
 ip address 110.69.236.47 255.255.255.0
 no shutdown
!",cisco,1,real_derived_Host1-config.txt,mutated_from_Host1-config.txt_to_1,medium
CIS-2.1,Remote syslog servers must be configured for audit trail retention,Verify CIS-2.1 compliance,"! ===========================================================================
! R2 HSRP configuration  (router, c7200/IOSv)  -- STANDBY (lower priority)
! ComputingForGeeks CCNA 200-301 lab: hsrp
! https://computingforgeeks.com/ccna-labs-hsrp-configuration-on-gns3-and-packet-tracer/
!
! Group 1, HSRP version 2, same virtual IP 192.168.10.254.
! R2 has priority 100 (default) + preempt, so it takes over only when R1 fails.
! ===========================================================================
enable
configure terminal
hostname R2
interface GigabitEthernet0/0
 ip address 192.168.10.2 255.255.255.0
 standby version 2
 standby 1 ip 192.168.10.254
 standby 1 priority 100
 standby 1 preempt
 no shutdown
 exit
end
write memory

logging host 26.70.2.247
logging trap informational
interface GigabitEthernet0/3
 description DMZ Interface
 ip address 240.243.244.167 255.255.255.0
 no shutdown
!",cisco,1,real_derived_R2-hsrp.txt,mutated_from_R2-hsrp.txt_to_1,medium
CIS-2.1,Network devices must forward security events to approved centralized logging,Verify CIS-2.1 compliance,"! Generated: 2024-01-03
!
hostname RTR-41-78
version 15.7
logging host 231.208.186.172
logging trap informational
interface GigabitEthernet1/1
 ip address 61.57.61.134 255.255.255.0
 no shutdown
!",cisco,1,synthetic_v4,compliant,hard
CIS-2.1,Centralized logging via syslog must be implemented for compliance,Verify CIS-2.1 compliance,"! ===========================================================================
! R1 base configuration  (router, c7200/IOSv)
! ComputingForGeeks CCNA 200-301 lab: base-device
! https://computingforgeeks.com/cisco-device-base-configuration/
!
! Paste at the privileged-EXEC prompt. RSA key generation takes a few seconds;
! on real gear, let it finish before the rest is applied.
! ===========================================================================
enable
configure terminal
hostname R1
enable secret Cisc0-Lab!
service password-encryption
ip domain-name lab.example.com
username admin privilege 15 secret Adm1n-Lab!
crypto key generate rsa modulus 2048
ip ssh version 2
interface GigabitEthernet0/0
 ip address 192.168.10.1 255.255.255.0
 no shutdown
 exit
line console 0
 password Con-Lab!
 login
 exit
line vty 0 4
 login local
 transport input ssh
 exit
banner motd #Authorized access only. Activity is logged.#
end
write memory

logging host 30.71.23.243
logging trap informational",cisco,1,real_derived_R1-base-config.txt,mutated_from_R1-base-config.txt_to_1,medium
CIS-2.1,Network devices must forward security events to approved centralized logging,Verify CIS-2.1 compliance,"! ===========================================================================
! R1 ipv6-static-routing lab  (router, c7200 / IOS 15.2)
! ComputingForGeeks CCNA 200-301 lab: ipv6-static-routing
! https://computingforgeeks.com/cisco-ipv6-static-routes-configuration/
!
! Two links to R2: primary 2001:DB8:12::/64 (Gi0/0), backup 2001:DB8:13::/64
! (Gi1/0). R1 reaches R2's network 2001:DB8:2::/64 via a fully-specified
! link-local primary static (AD 1) and a floating static (AD 200) over the
! backup, plus a ::/0 default route. Run the matching R2 file on the other router.
!
! Failover demo: shut Gi0/0 on BOTH routers, then re-run
! ""show ipv6 route 2001:DB8:2::/64"" and ping 2001:DB8:2::1 to watch the floating
! route ([200]) take over the backup link.
! ===========================================================================
enable
configure terminal
hostname R1
ipv6 unicast-routing
interface Loopback1
 ipv6 address 2001:DB8:1::1/64
 exit
interface GigabitEthernet0/0
 ipv6 address 2001:DB8:12::1/64
 ipv6 address FE80::1 link-local
 no shutdown
 exit
interface GigabitEthernet1/0
 ipv6 address 2001:DB8:13::1/64
 ipv6 address FE80::10 link-local
 no shutdown
 exit
ipv6 route 2001:DB8:2::/64 GigabitEthernet0/0 FE80::2
ipv6 route 2001:DB8:2::/64 GigabitEthernet1/0 FE80::20 200
ipv6 route ::/0 2001:DB8:12::2
end
write memory

logging host 176.242.34.24
logging trap informational
interface GigabitEthernet0/3
 description WAN Interface
 ip address 191.190.66.143 255.255.255.0
 no shutdown
!",cisco,1,real_derived_R1-config.txt,mutated_from_R1-config.txt_to_1,medium
CIS-2.1,Security-relevant events must be logged to external syslog infrastructure,Verify CIS-2.1 compliance,"! ===========================================================================
! R1 DNS host configuration  (router, c7200/IOSv)
! ComputingForGeeks CCNA 200-301 lab: dns-static
! https://computingforgeeks.com/ccna-labs-dns-server-configuration-on-gns3-and-packet-tracer/
!
! R1 holds the static name-to-IP records. server1 resolves to a loopback so the
! mapping is testable end to end.
! ===========================================================================
enable
configure terminal
hostname R1
interface GigabitEthernet0/0
 ip address 192.168.10.1 255.255.255.0
 no shutdown
 exit
interface Loopback0
 ip address 10.0.0.1 255.255.255.255
 exit
ip host server1.lab.example.com 10.0.0.1
ip host gw.lab.example.com 192.168.10.1
!
! Full router-as-resolver (answering DNS queries from clients) needs:
!   ip dns server
! That command exists only on ISR / IOSv / IOS-XE. On a c7200 (dynamips) it
! returns ""% Invalid input detected at '^' marker."" See the article for detail.
!
end
write memory

interface GigabitEthernet1/1
 description LAN Interface
 ip address 18.240.226.162 255.255.255.0
 no shutdown
!",cisco,0,real_derived_R1-dns.txt,mutated_from_R1-dns.txt_to_0,medium
CIS-2.1,Centralized logging via syslog must be implemented for compliance,Verify CIS-2.1 compliance,"! ===========================================================================
! R2 HSRP configuration  (router, c7200/IOSv)  -- STANDBY (lower priority)
! ComputingForGeeks CCNA 200-301 lab: hsrp
! https://computingforgeeks.com/ccna-labs-hsrp-configuration-on-gns3-and-packet-tracer/
!
! Group 1, HSRP version 2, same virtual IP 192.168.10.254.
! R2 has priority 100 (default) + preempt, so it takes over only when R1 fails.
! ===========================================================================
enable
configure terminal
hostname R2
interface GigabitEthernet0/0
 ip address 192.168.10.2 255.255.255.0
 standby version 2
 standby 1 ip 192.168.10.254
 standby 1 priority 100
 standby 1 preempt
 no shutdown
 exit
end
write memory

interface GigabitEthernet0/2
 description WAN Interface
 ip address 74.40.177.237 255.255.255.0
 no shutdown
!",cisco,0,real_derived_R2-hsrp.txt,mutated_from_R2-hsrp.txt_to_0,medium
CIS-2.1,Remote syslog servers must be configured for audit trail retention,Verify CIS-2.1 compliance,"! ===========================================================================
! R1 DNS host configuration  (router, c7200/IOSv)
! ComputingForGeeks CCNA 200-301 lab: dns-static
! https://computingforgeeks.com/ccna-labs-dns-server-configuration-on-gns3-and-packet-tracer/
!
! R1 holds the static name-to-IP records. server1 resolves to a loopback so the
! mapping is testable end to end.
! ===========================================================================
enable
configure terminal
hostname R1
interface GigabitEthernet0/0
 ip address 192.168.10.1 255.255.255.0
 no shutdown
 exit
interface Loopback0
 ip address 10.0.0.1 255.255.255.255
 exit
ip host server1.lab.example.com 10.0.0.1
ip host gw.lab.example.com 192.168.10.1
!
! Full router-as-resolver (answering DNS queries from clients) needs:
!   ip dns server
! That command exists only on ISR / IOSv / IOS-XE. On a c7200 (dynamips) it
! returns ""% Invalid input detected at '^' marker."" See the article for detail.
!
end
write memory

interface GigabitEthernet0/1
 description WAN Interface
 ip address 38.131.101.45 255.255.255.0
 no shutdown
!",cisco,0,real_derived_R1-dns.txt,mutated_from_R1-dns.txt_to_0,medium
CIS-2.1,Centralized logging via syslog must be implemented for compliance,Verify CIS-2.1 compliance,"! ===========================================================================
! R1 DNS host configuration  (router, c7200/IOSv)
! ComputingForGeeks CCNA 200-301 lab: dns-static
! https://computingforgeeks.com/ccna-labs-dns-server-configuration-on-gns3-and-packet-tracer/
!
! R1 holds the static name-to-IP records. server1 resolves to a loopback so the
! mapping is testable end to end.
! ===========================================================================
enable
configure terminal
hostname R1
interface GigabitEthernet0/0
 ip address 192.168.10.1 255.255.255.0
 no shutdown
 exit
interface Loopback0
 ip address 10.0.0.1 255.255.255.255
 exit
ip host server1.lab.example.com 10.0.0.1
ip host gw.lab.example.com 192.168.10.1
!
! Full router-as-resolver (answering DNS queries from clients) needs:
!   ip dns server
! That command exists only on ISR / IOSv / IOS-XE. On a c7200 (dynamips) it
! returns ""% Invalid input detected at '^' marker."" See the article for detail.
!
end
write memory

logging host 20.46.196.119
logging trap informational
interface GigabitEthernet0/3
 description DMZ Interface
 ip address 167.96.164.155 255.255.255.0
 no shutdown
!",cisco,1,real_derived_R1-dns.txt,mutated_from_R1-dns.txt_to_1,medium
CIS-2.1,Security-relevant events must be logged to external syslog infrastructure,Verify CIS-2.1 compliance,"! ===========================================================================
! R2 DNS client configuration  (router, c7200/IOSv)
! ComputingForGeeks CCNA 200-301 lab: dns-static
! https://computingforgeeks.com/ccna-labs-dns-server-configuration-on-gns3-and-packet-tracer/
!
! R2 resolves names through R1 and has a route to the server1 loopback so the
! resolved address is reachable.
! ===========================================================================
enable
configure terminal
hostname R2
interface GigabitEthernet0/0
 ip address 192.168.10.2 255.255.255.0
 no shutdown
 exit
ip name-server 192.168.10.1
ip domain-lookup
ip route 10.0.0.1 255.255.255.255 192.168.10.1
end
write memory",cisco,0,real_derived_R2-dns-client.txt,mutated_from_R2-dns-client.txt_to_0,medium
CIS-2.1,Network devices must forward security events to approved centralized logging,Verify CIS-2.1 compliance,"! Generated: 2024-01-01
!
hostname RTR-97-82
version 15.7
! logging host 228.132.123.214
interface GigabitEthernet0/0
 ip address 216.190.132.161 255.255.255.0
 no shutdown
!
interface GigabitEthernet1/0
 ip address 13.63.229.77 255.255.255.0
 no shutdown
!",cisco,0,synthetic_v4,non_compliant,hard
CIS-2.1,Security-relevant events must be logged to external syslog infrastructure,Verify CIS-2.1 compliance,"! ===========================================================================
! R2 DNS client configuration  (router, c7200/IOSv)
! ComputingForGeeks CCNA 200-301 lab: dns-static
! https://computingforgeeks.com/ccna-labs-dns-server-configuration-on-gns3-and-packet-tracer/
!
! R2 resolves names through R1 and has a route to the server1 loopback so the
! resolved address is reachable.
! ===========================================================================
enable
configure terminal
hostname R2
interface GigabitEthernet0/0
 ip address 192.168.10.2 255.255.255.0
 no shutdown
 exit
ip name-server 192.168.10.1
ip domain-lookup
ip route 10.0.0.1 255.255.255.255 192.168.10.1
end
write memory

logging host 24.201.234.248
logging trap informational",cisco,1,real_derived_R2-dns-client.txt,mutated_from_R2-dns-client.txt_to_1,medium
CIS-2.1,Remote syslog servers must be configured for audit trail retention,Verify CIS-2.1 compliance,"! ===========================================================================
! R1 HSRP configuration  (router, c7200/IOSv)  -- ACTIVE (higher priority)
! ComputingForGeeks CCNA 200-301 lab: hsrp
! https://computingforgeeks.com/ccna-labs-hsrp-configuration-on-gns3-and-packet-tracer/
!
! Group 1, HSRP version 2, virtual IP 192.168.10.254.
! R1 has priority 110 + preempt, so it owns the active role and reclaims it
! after a recovery.
! ===========================================================================
enable
configure terminal
hostname R1
interface GigabitEthernet0/0
 ip address 192.168.10.1 255.255.255.0
 standby version 2
 standby 1 ip 192.168.10.254
 standby 1 priority 110
 standby 1 preempt
 no shutdown
 exit
end
write memory

interface GigabitEthernet1/1
 description WAN Interface
 ip address 10.146.241.179 255.255.255.0
 no shutdown
!",cisco,0,real_derived_R1-hsrp.txt,mutated_from_R1-hsrp.txt_to_0,medium
CIS-2.1,Network devices must forward security events to approved centralized logging,Verify CIS-2.1 compliance,"! Generated: 2024-01-19
!
hostname RTR-18-34
version 15.7
logging host 212.167.144.51
logging trap informational",cisco,1,synthetic_v4,compliant,medium
CIS-2.1,Remote syslog servers must be configured for audit trail retention,Verify CIS-2.1 compliance,"# -*- restclient -*-

# Settings
:node = asr-101
:addr = 50.196.141.39
:deviceusername = <username>
:devicepassword = <password>
:host = http://localhost:8181
:basic-auth := (format ""Basic %s"" (base64-encode-string (format ""%s:%s"" ""admin"" ""admin"")))

# Create ASR 101
POST :host/restconf/config/network-topology:network-topology/topology/topology-netconf/node/controller-config/yang-ext:mount/config:modules
Authorization: :basic-auth
Content-Type: application/xml
<module xmlns=""urn:opendaylight:params:xml:ns:yang:controller:config"">
   <type xmlns:prefix=""urn:opendaylight:params:xml:ns:yang:controller:md:sal:connector:netconf"">prefix:sal-netconf-connector</type>
   <name>:node
   </name>
   <address xmlns=""urn:opendaylight:params:xml:ns:yang:controller:md:sal:connector:netconf"">:addr
   </address>
   <port xmlns=""urn:opendaylight:params:xml:ns:yang:controller:md:sal:connector:netconf"">830</port>
   <username xmlns=""urn:opendaylight:params:xml:ns:yang:controller:md:sal:connector:netconf"">:deviceusername</username>
   <password xmlns=""urn:opendaylight:params:xml:ns:yang:controller:md:sal:connector:netconf"">:devicepassword</password>
   <tcp-only xmlns=""urn:opendaylight:params:xml:ns:yang:controller:md:sal:connector:netconf"">false</tcp-only>
   <event-executor xmlns=""urn:opendaylight:params:xml:ns:yang:controller:md:sal:connector:netconf"">
     <type xmlns:prefix=""urn:opendaylight:params:xml:ns:yang:controller:netty"">prefix:netty-event-executor</type>
     <name>global-event-executor</name>
   </event-executor>
   <binding-registry xmlns=""urn:opendaylight:params:xml:ns:yang:controller:md:sal:connector:netconf"">
     <type xmlns:prefix=""urn:opendaylight:params:xml:ns:yang:controller:md:sal:binding"">prefix:binding-broker-osgi-registry</type>
     <name>binding-osgi-broker</name>
   </binding-registry>
   <dom-registry xmlns=""urn:opendaylight:params:xml:ns:yang:controller:md:sal:connector:netconf"">
     <type xmlns:prefix=""urn:opendaylight:params:xml:ns:yang:controller:md:sal:dom"">prefix:dom-broker-osgi-registry</type>
     <name>dom-broker</name>
   </dom-registry>
   <client-dispatcher xmlns=""urn:opendaylight:params:xml:ns:yang:controller:md:sal:connector:netconf"">
     <type xmlns:prefix=""urn:opendaylight:params:xml:ns:yang:controller:config:netconf"">prefix:netconf-client-dispatcher</type>
     <name>global-netconf-dispatcher</name>
   </client-dispatcher>
   <processing-executor xmlns=""urn:opendaylight:params:xml:ns:yang:controller:md:sal:connector:netconf"">
     <type xmlns:prefix=""urn:opendaylight:params:xml:ns:yang:controller:threadpool"">prefix:threadpool</type>
     <name>global-netconf-processing-executor</name>
   </processing-executor>
 </module>

# Get node operational status
GET :host/restconf/operational/network-topology:network-topology/topology/topology-netconf/node/:node/
Authorization: :basic-auth

# Get interface configuration
GET :host/restconf/operational/network-topology:network-topology/topology/topology-netconf/node/:node/yang-ext:mount/Cisco-IOS-XR-ifmgr-cfg:interface-configurations/
Authorization: :basic-auth
Accept: application/xml

# Get operational l2vpn xconnect groups
GET :host/restconf/operational/network-topology:network-topology/topology/topology-netconf/node/:node/yang-ext:mount/Cisco-IOS-XR-l2vpn-cfg:l2vpn/database/xconnect-groups/xconnect-group/local
Authorization: :basic-auth
Accept: application/xml

# Show
GET :host/restconf/config/network-topology:network-topology/topology/topology-netconf/node/controller-config/yang-ext:mount/config:modules/module/odl-sal-netconf-connector-cfg:sal-netconf-connector/:node
Authorization: :basic-auth

# Delete
DELETE :host/restconf/config/network-topology:network-topology/topology/topology-netconf/node/controller-config/yang-ext:mount/config:modules/module/odl-sal-netconf-connector-cfg:sal-netconf-connector/:node
Authorization: :basic-auth

logging host 98.142.232.163
logging trap informational
interface GigabitEthernet0/2
 description LAN Interface
 ip address 54.136.36.156 255.255.255.0
 no shutdown
!",cisco,1,real_derived_cisco-xr-lab-device.txt,mutated_from_cisco-xr-lab-device.txt_to_1,medium
CIS-2.1,Network devices must forward security events to approved centralized logging,Verify CIS-2.1 compliance,"! Generated: 2024-01-02
!
hostname RTR-99-83
version 15.7
logging host 71.41.251.121
logging trap informational
interface GigabitEthernet1/0
 ip address 212.82.133.130 255.255.255.0
 no shutdown
!
interface GigabitEthernet0/2
 ip address 108.167.232.178 255.255.255.0
 no shutdown
!",cisco,1,synthetic_v4,compliant,easy
CIS-2.1,Remote syslog servers must be configured for audit trail retention,Verify CIS-2.1 compliance,"! ===========================================================================
! ClientA dhcp-server-relay lab  (DHCP client, local LAN, c7200 / IOS 15.2)
! ComputingForGeeks CCNA 200-301 lab: dhcp-server-relay
! https://computingforgeeks.com/cisco-dhcp-server-relay-configuration/
!
! A router used as an end host on R1's own LAN. It leases directly from the
! local server (192.168.10.1). Verify with: show ip interface brief / show dhcp lease.
! ===========================================================================
enable
configure terminal
hostname ClientA
interface GigabitEthernet0/0
 ip address dhcp
 no shutdown
 exit
end
write memory

logging host 173.50.31.104
logging trap informational
interface GigabitEthernet0/1
 description WAN Interface
 ip address 49.229.71.109 255.255.255.0
 no shutdown
!",cisco,1,real_derived_ClientA-config.txt,mutated_from_ClientA-config.txt_to_1,medium
CIS-2.1,Network devices must forward security events to approved centralized logging,Verify CIS-2.1 compliance,"! RTR-7-52 Configuration
!
hostname RTR-7-52
version 15.7
logging host 154.133.76.23
logging trap informational
interface GigabitEthernet0/0
 ip address 184.222.232.212 255.255.255.0
 no shutdown
!",cisco,1,synthetic_v4,compliant,hard
CIS-2.1,Remote syslog servers must be configured for audit trail retention,Verify CIS-2.1 compliance,"! SW1 - Layer 3 switch doing inter-VLAN routing with SVIs.
! ip routing is OFF by default on a multilayer switch; this is the key step.
enable
configure terminal
hostname SW1
!
ip routing
!
vlan 10
 name SALES
vlan 20
 name ENGINEERING
!
! SVIs = the per-VLAN gateways (routed inside the switch)
interface Vlan10
 ip address 10.10.10.1 255.255.255.0
 no shutdown
!
interface Vlan20
 ip address 10.20.20.1 255.255.255.0
 no shutdown
!
! Host access ports
interface GigabitEthernet0/1
 switchport mode access
 switchport access vlan 10
!
interface GigabitEthernet0/2
 switchport mode access
 switchport access vlan 20
end
write memory",cisco,0,real_derived_SW1-config.txt,mutated_from_SW1-config.txt_to_0,medium
CIS-2.1,Centralized logging via syslog must be implemented for compliance,Verify CIS-2.1 compliance,"! ===========================================================================
! R1 HSRP configuration  (router, c7200/IOSv)  -- ACTIVE (higher priority)
! ComputingForGeeks CCNA 200-301 lab: hsrp
! https://computingforgeeks.com/ccna-labs-hsrp-configuration-on-gns3-and-packet-tracer/
!
! Group 1, HSRP version 2, virtual IP 192.168.10.254.
! R1 has priority 110 + preempt, so it owns the active role and reclaims it
! after a recovery.
! ===========================================================================
enable
configure terminal
hostname R1
interface GigabitEthernet0/0
 ip address 192.168.10.1 255.255.255.0
 standby version 2
 standby 1 ip 192.168.10.254
 standby 1 priority 110
 standby 1 preempt
 no shutdown
 exit
end
write memory

logging host 108.234.32.29
logging trap informational
interface GigabitEthernet1/0
 description DMZ Interface
 ip address 132.123.73.75 255.255.255.0
 no shutdown
!",cisco,1,real_derived_R1-hsrp.txt,mutated_from_R1-hsrp.txt_to_1,medium
CIS-2.1,Network devices must forward security events to approved centralized logging,Verify CIS-2.1 compliance,"! RTR-33-80 Configuration
!
hostname RTR-33-80
version 15.7
logging host 172.92.9.161
logging trap informational
interface GigabitEthernet1/1
 ip address 170.239.137.240 255.255.255.0
 no shutdown
!",cisco,1,synthetic_v4,compliant,hard
CIS-2.1,Remote syslog servers must be configured for audit trail retention,Verify CIS-2.1 compliance,"! ===========================================================================
! Host1 nat-pat lab  (inside host on 192.168.10.0/24, translated by PAT)
! ComputingForGeeks CCNA 200-301 lab: nat-pat
! https://computingforgeeks.com/cisco-nat-pat-configuration/
!
! A router used as an end host. It sits on the PAT LAN, so its traffic to the
! outside is overloaded onto the PUBLIC pool address with a translated port.
! ===========================================================================
enable
configure terminal
hostname Host1
interface GigabitEthernet0/0
 ip address 192.168.10.10 255.255.255.0
 no shutdown
 exit
ip route 0.0.0.0 0.0.0.0 192.168.10.1
end
write memory

logging host 87.207.84.216
logging trap informational",cisco,1,real_derived_Host1-config.txt,mutated_from_Host1-config.txt_to_1,medium
CIS-2.1,Centralized logging via syslog must be implemented for compliance,Verify CIS-2.1 compliance,"! ===========================================================================
! R2 ipv6-static-routing lab  (router, c7200 / IOS 15.2)
! ComputingForGeeks CCNA 200-301 lab: ipv6-static-routing
! https://computingforgeeks.com/cisco-ipv6-static-routes-configuration/
!
! Two links to R1: primary 2001:DB8:12::/64 (Gi0/0), backup 2001:DB8:13::/64
! (Gi1/0). R2 reaches R1's network 2001:DB8:1::/64 via a fully-specified
! link-local primary static (AD 1) and a floating static (AD 200), so the return
! path also fails over when the primary link is shut. Run the matching R1 file.
! ===========================================================================
enable
configure terminal
hostname R2
ipv6 unicast-routing
interface Loopback1
 ipv6 address 2001:DB8:2::1/64
 exit
interface GigabitEthernet0/0
 ipv6 address 2001:DB8:12::2/64
 ipv6 address FE80::2 link-local
 no shutdown
 exit
interface GigabitEthernet1/0
 ipv6 address 2001:DB8:13::2/64
 ipv6 address FE80::20 link-local
 no shutdown
 exit
ipv6 route 2001:DB8:1::/64 GigabitEthernet0/0 FE80::1
ipv6 route 2001:DB8:1::/64 GigabitEthernet1/0 FE80::10 200
end
write memory

interface GigabitEthernet0/0
 description WAN Interface
 ip address 189.95.255.133 255.255.255.0
 no shutdown
!",cisco,0,real_derived_R2-config.txt,mutated_from_R2-config.txt_to_0,medium
CIS-2.1,Network devices must forward security events to approved centralized logging,Verify CIS-2.1 compliance,"! RTR-83-79 Configuration
!
hostname RTR-83-79
version 15.7
logging host 233.45.236.51
logging trap informational",cisco,1,synthetic_v4,compliant,easy
CIS-2.1,Network devices must forward security events to approved centralized logging,Verify CIS-2.1 compliance,"! ===========================================================================
! ClientB dhcp-server-relay lab  (DHCP client, remote LAN, c7200 / IOS 15.2)
! ComputingForGeeks CCNA 200-301 lab: dhcp-server-relay
! https://computingforgeeks.com/cisco-dhcp-server-relay-configuration/
!
! A router used as an end host on R2's LAN (192.168.20.0/24). It has no local
! DHCP server; its request is relayed by R2 to the server at 10.0.0.1. The lease
! record names server 10.0.0.1, the proof the request crossed the relay.
! ===========================================================================
enable
configure terminal
hostname ClientB
interface GigabitEthernet0/0
 ip address dhcp
 no shutdown
 exit
end
write memory

interface GigabitEthernet0/0
 description LAN Interface
 ip address 150.75.220.33 255.255.255.0
 no shutdown
!",cisco,0,real_derived_ClientB-config.txt,mutated_from_ClientB-config.txt_to_0,medium
CIS-2.1,Security-relevant events must be logged to external syslog infrastructure,Verify CIS-2.1 compliance,"! ===========================================================================
! R2 HSRP configuration  (router, c7200/IOSv)  -- STANDBY (lower priority)
! ComputingForGeeks CCNA 200-301 lab: hsrp
! https://computingforgeeks.com/ccna-labs-hsrp-configuration-on-gns3-and-packet-tracer/
!
! Group 1, HSRP version 2, same virtual IP 192.168.10.254.
! R2 has priority 100 (default) + preempt, so it takes over only when R1 fails.
! ===========================================================================
enable
configure terminal
hostname R2
interface GigabitEthernet0/0
 ip address 192.168.10.2 255.255.255.0
 standby version 2
 standby 1 ip 192.168.10.254
 standby 1 priority 100
 standby 1 preempt
 no shutdown
 exit
end
write memory

interface GigabitEthernet1/2
 description WAN Interface
 ip address 147.194.202.210 255.255.255.0
 no shutdown
!",cisco,0,real_derived_R2-hsrp.txt,mutated_from_R2-hsrp.txt_to_0,medium
CIS-2.1,Network devices must forward security events to approved centralized logging,Verify CIS-2.1 compliance,"! Generated: 2024-01-23
!
hostname RTR-80-83
version 15.7
! logging host 112.10.82.74
interface GigabitEthernet1/3
 ip address 60.112.173.236 255.255.255.0
 no shutdown
!
interface GigabitEthernet1/1
 ip address 227.150.199.246 255.255.255.0
 no shutdown
!",cisco,0,synthetic_v4,non_compliant,medium
CIS-2.1,Security-relevant events must be logged to external syslog infrastructure,Verify CIS-2.1 compliance,"# -*- restclient -*-

# Settings
:node = asr-101
:addr = 50.196.141.39
:deviceusername = <username>
:devicepassword = <password>
:host = http://localhost:8181
:basic-auth := (format ""Basic %s"" (base64-encode-string (format ""%s:%s"" ""admin"" ""admin"")))

# Create ASR 101
POST :host/restconf/config/network-topology:network-topology/topology/topology-netconf/node/controller-config/yang-ext:mount/config:modules
Authorization: :basic-auth
Content-Type: application/xml
<module xmlns=""urn:opendaylight:params:xml:ns:yang:controller:config"">
   <type xmlns:prefix=""urn:opendaylight:params:xml:ns:yang:controller:md:sal:connector:netconf"">prefix:sal-netconf-connector</type>
   <name>:node
   </name>
   <address xmlns=""urn:opendaylight:params:xml:ns:yang:controller:md:sal:connector:netconf"">:addr
   </address>
   <port xmlns=""urn:opendaylight:params:xml:ns:yang:controller:md:sal:connector:netconf"">830</port>
   <username xmlns=""urn:opendaylight:params:xml:ns:yang:controller:md:sal:connector:netconf"">:deviceusername</username>
   <password xmlns=""urn:opendaylight:params:xml:ns:yang:controller:md:sal:connector:netconf"">:devicepassword</password>
   <tcp-only xmlns=""urn:opendaylight:params:xml:ns:yang:controller:md:sal:connector:netconf"">false</tcp-only>
   <event-executor xmlns=""urn:opendaylight:params:xml:ns:yang:controller:md:sal:connector:netconf"">
     <type xmlns:prefix=""urn:opendaylight:params:xml:ns:yang:controller:netty"">prefix:netty-event-executor</type>
     <name>global-event-executor</name>
   </event-executor>
   <binding-registry xmlns=""urn:opendaylight:params:xml:ns:yang:controller:md:sal:connector:netconf"">
     <type xmlns:prefix=""urn:opendaylight:params:xml:ns:yang:controller:md:sal:binding"">prefix:binding-broker-osgi-registry</type>
     <name>binding-osgi-broker</name>
   </binding-registry>
   <dom-registry xmlns=""urn:opendaylight:params:xml:ns:yang:controller:md:sal:connector:netconf"">
     <type xmlns:prefix=""urn:opendaylight:params:xml:ns:yang:controller:md:sal:dom"">prefix:dom-broker-osgi-registry</type>
     <name>dom-broker</name>
   </dom-registry>
   <client-dispatcher xmlns=""urn:opendaylight:params:xml:ns:yang:controller:md:sal:connector:netconf"">
     <type xmlns:prefix=""urn:opendaylight:params:xml:ns:yang:controller:config:netconf"">prefix:netconf-client-dispatcher</type>
     <name>global-netconf-dispatcher</name>
   </client-dispatcher>
   <processing-executor xmlns=""urn:opendaylight:params:xml:ns:yang:controller:md:sal:connector:netconf"">
     <type xmlns:prefix=""urn:opendaylight:params:xml:ns:yang:controller:threadpool"">prefix:threadpool</type>
     <name>global-netconf-processing-executor</name>
   </processing-executor>
 </module>

# Get node operational status
GET :host/restconf/operational/network-topology:network-topology/topology/topology-netconf/node/:node/
Authorization: :basic-auth

# Get interface configuration
GET :host/restconf/operational/network-topology:network-topology/topology/topology-netconf/node/:node/yang-ext:mount/Cisco-IOS-XR-ifmgr-cfg:interface-configurations/
Authorization: :basic-auth
Accept: application/xml

# Get operational l2vpn xconnect groups
GET :host/restconf/operational/network-topology:network-topology/topology/topology-netconf/node/:node/yang-ext:mount/Cisco-IOS-XR-l2vpn-cfg:l2vpn/database/xconnect-groups/xconnect-group/local
Authorization: :basic-auth
Accept: application/xml

# Show
GET :host/restconf/config/network-topology:network-topology/topology/topology-netconf/node/controller-config/yang-ext:mount/config:modules/module/odl-sal-netconf-connector-cfg:sal-netconf-connector/:node
Authorization: :basic-auth

# Delete
DELETE :host/restconf/config/network-topology:network-topology/topology/topology-netconf/node/controller-config/yang-ext:mount/config:modules/module/odl-sal-netconf-connector-cfg:sal-netconf-connector/:node
Authorization: :basic-auth

interface GigabitEthernet0/3
 description DMZ Interface
 ip address 32.193.40.142 255.255.255.0
 no shutdown
!",cisco,0,real_derived_cisco-xr-lab-device.txt,mutated_from_cisco-xr-lab-device.txt_to_0,medium
CIS-2.1,Network devices must forward security events to approved centralized logging,Verify CIS-2.1 compliance,"IP-EIGRP Topology Table for AS(100)/ID(10.255.11.6)

Codes: P - Passive, A - Active, U - Update, Q - Query, R - Reply,
       r - reply Status, s - sia Status

P 66.128.208.232/32, 2 successors, FD is 264448
        via 10.254.11.9, TenGigabitEthernet1/1
        via 10.254.11.33, TenGigabitEthernet2/1
P 10.254.6.8/30, 1 successors, FD is 1024
        via 10.254.6.14, Port-channel10
P 67.230.223.128/28, 2 successors, FD is 5632, tag is 53471
        via 10.254.11.9, TenGigabitEthernet1/1
        via 10.254.11.33, TenGigabitEthernet2/1
P 10.255.10.5/32, 1 successors, FD is 130816
        via 10.254.10.34, GigabitEthernet9/29
P 10.255.1.14/32, 1 successors, FD is 128768
        via 10.254.1.34, Port-channel3
P 10.254.2.12/30, 1 successors, FD is 768
        via 10.254.2.22, TenGigabitEthernet3/3
P 10.255.11.4/32, 4 successors, FD is 128768
        via 10.254.56.6, TenGigabitEthernet1/4
        via 10.254.55.6, TenGigabitEthernet1/6
        via 10.254.11.33, TenGigabitEthernet2/1
        via 10.254.11.9, TenGigabitEthernet1/1
        via 10.254.52.6, TenGigabitEthernet1/5
        via 10.254.4.10, TenGigabitEthernet4/4
        via 10.254.4.14, TenGigabitEthernet4/5
        via 10.254.54.6, TenGigabitEthernet1/3

IP-EIGRP Topology Table for AS(65000)/ID(10.2.0.1)

Codes: P - Passive, A - Active, U - Update, Q - Query, R - Reply,
       r - reply Status, s - sia Status

P 10.50.20.4/32, 2 successors, FD is 128039168
        via 10.4.0.1, GigabitEthernet1/1
        via 10.4.0.2, GigabitEthernet1/2
P 10.50.21.0/27, 0 successors, FD is Inaccessible, tag is 6508497
        via 10.4.0.1, GigabitEthernet1/1
        via 10.4.0.2, GigabitEthernet1/2
P 10.50.75.0/24, 1 successors, FD is 2816
        via Rstatic
P 10.50.23.92/30, 1 successors, FD is 3840256, tag is 5507497
        via Redistributed

logging host 100.2.109.53
logging trap informational",cisco,1,real_derived_cisco_ios_show_ip_eigrp_topology1.raw,mutated_from_cisco_ios_show_ip_eigrp_topology1.raw_to_1,medium
CIS-2.1,Centralized logging via syslog must be implemented for compliance,Verify CIS-2.1 compliance,"! ===========================================================================
! R2 ipv6-static-routing lab  (router, c7200 / IOS 15.2)
! ComputingForGeeks CCNA 200-301 lab: ipv6-static-routing
! https://computingforgeeks.com/cisco-ipv6-static-routes-configuration/
!
! Two links to R1: primary 2001:DB8:12::/64 (Gi0/0), backup 2001:DB8:13::/64
! (Gi1/0). R2 reaches R1's network 2001:DB8:1::/64 via a fully-specified
! link-local primary static (AD 1) and a floating static (AD 200), so the return
! path also fails over when the primary link is shut. Run the matching R1 file.
! ===========================================================================
enable
configure terminal
hostname R2
ipv6 unicast-routing
interface Loopback1
 ipv6 address 2001:DB8:2::1/64
 exit
interface GigabitEthernet0/0
 ipv6 address 2001:DB8:12::2/64
 ipv6 address FE80::2 link-local
 no shutdown
 exit
interface GigabitEthernet1/0
 ipv6 address 2001:DB8:13::2/64
 ipv6 address FE80::20 link-local
 no shutdown
 exit
ipv6 route 2001:DB8:1::/64 GigabitEthernet0/0 FE80::1
ipv6 route 2001:DB8:1::/64 GigabitEthernet1/0 FE80::10 200
end
write memory

interface GigabitEthernet1/2
 description LAN Interface
 ip address 244.16.78.174 255.255.255.0
 no shutdown
!",cisco,0,real_derived_R2-config.txt,mutated_from_R2-config.txt_to_0,medium
CIS-2.1,Security-relevant events must be logged to external syslog infrastructure,Verify CIS-2.1 compliance,"! ===========================================================================
! R1 DNS host configuration  (router, c7200/IOSv)
! ComputingForGeeks CCNA 200-301 lab: dns-static
! https://computingforgeeks.com/ccna-labs-dns-server-configuration-on-gns3-and-packet-tracer/
!
! R1 holds the static name-to-IP records. server1 resolves to a loopback so the
! mapping is testable end to end.
! ===========================================================================
enable
configure terminal
hostname R1
interface GigabitEthernet0/0
 ip address 192.168.10.1 255.255.255.0
 no shutdown
 exit
interface Loopback0
 ip address 10.0.0.1 255.255.255.255
 exit
ip host server1.lab.example.com 10.0.0.1
ip host gw.lab.example.com 192.168.10.1
!
! Full router-as-resolver (answering DNS queries from clients) needs:
!   ip dns server
! That command exists only on ISR / IOSv / IOS-XE. On a c7200 (dynamips) it
! returns ""% Invalid input detected at '^' marker."" See the article for detail.
!
end
write memory

logging host 204.140.28.91
logging trap informational
interface GigabitEthernet1/3
 description LAN Interface
 ip address 10.29.188.213 255.255.255.0
 no shutdown
!",cisco,1,real_derived_R1-dns.txt,mutated_from_R1-dns.txt_to_1,medium
CIS-2.1,Remote syslog servers must be configured for audit trail retention,Verify CIS-2.1 compliance,"! ===========================================================================
! ClientB dhcp-server-relay lab  (DHCP client, remote LAN, c7200 / IOS 15.2)
! ComputingForGeeks CCNA 200-301 lab: dhcp-server-relay
! https://computingforgeeks.com/cisco-dhcp-server-relay-configuration/
!
! A router used as an end host on R2's LAN (192.168.20.0/24). It has no local
! DHCP server; its request is relayed by R2 to the server at 10.0.0.1. The lease
! record names server 10.0.0.1, the proof the request crossed the relay.
! ===========================================================================
enable
configure terminal
hostname ClientB
interface GigabitEthernet0/0
 ip address dhcp
 no shutdown
 exit
end
write memory",cisco,0,real_derived_ClientB-config.txt,mutated_from_ClientB-config.txt_to_0,medium
CIS-2.1,Network devices must forward security events to approved centralized logging,Verify CIS-2.1 compliance,"! ===========================================================================
! ClientB dhcp-server-relay lab  (DHCP client, remote LAN, c7200 / IOS 15.2)
! ComputingForGeeks CCNA 200-301 lab: dhcp-server-relay
! https://computingforgeeks.com/cisco-dhcp-server-relay-configuration/
!
! A router used as an end host on R2's LAN (192.168.20.0/24). It has no local
! DHCP server; its request is relayed by R2 to the server at 10.0.0.1. The lease
! record names server 10.0.0.1, the proof the request crossed the relay.
! ===========================================================================
enable
configure terminal
hostname ClientB
interface GigabitEthernet0/0
 ip address dhcp
 no shutdown
 exit
end
write memory

interface GigabitEthernet1/1
 description DMZ Interface
 ip address 114.218.4.29 255.255.255.0
 no shutdown
!",cisco,0,real_derived_ClientB-config.txt,mutated_from_ClientB-config.txt_to_0,medium
CIS-2.1,Security-relevant events must be logged to external syslog infrastructure,Verify CIS-2.1 compliance,"! ===========================================================================
! R1 base configuration  (router, c7200/IOSv)
! ComputingForGeeks CCNA 200-301 lab: base-device
! https://computingforgeeks.com/cisco-device-base-configuration/
!
! Paste at the privileged-EXEC prompt. RSA key generation takes a few seconds;
! on real gear, let it finish before the rest is applied.
! ===========================================================================
enable
configure terminal
hostname R1
enable secret Cisc0-Lab!
service password-encryption
ip domain-name lab.example.com
username admin privilege 15 secret Adm1n-Lab!
crypto key generate rsa modulus 2048
ip ssh version 2
interface GigabitEthernet0/0
 ip address 192.168.10.1 255.255.255.0
 no shutdown
 exit
line console 0
 password Con-Lab!
 login
 exit
line vty 0 4
 login local
 transport input ssh
 exit
banner motd #Authorized access only. Activity is logged.#
end
write memory

logging host 117.188.134.150
logging trap informational",cisco,1,real_derived_R1-base-config.txt,mutated_from_R1-base-config.txt_to_1,medium
CIS-2.1,Syslog Configuration Required,Remote syslog logging must be configured for audit trails.,logging trap informational,cisco,0,v1_curated,curated_training,medium
CIS-2.1,Centralized logging via syslog must be implemented for compliance,Verify CIS-2.1 compliance,"! ===========================================================================
! SW1 base configuration  (Layer 2 switch, IOSvL2)
! ComputingForGeeks CCNA 200-301 lab: base-device
! https://computingforgeeks.com/cisco-device-base-configuration/
!
! Paste at the privileged-EXEC prompt. RSA key generation takes a few seconds.
! The management IP lives on the Vlan1 SVI (a switch has no routed Gi0/0 by default).
! ===========================================================================
enable
configure terminal
hostname SW1
enable secret Cisc0-Lab!
service password-encryption
ip domain-name lab.example.com
username admin privilege 15 secret Adm1n-Lab!
crypto key generate rsa modulus 2048
ip ssh version 2
interface GigabitEthernet0/0
 no shutdown
 exit
interface Vlan1
 ip address 192.168.10.2 255.255.255.0
 no shutdown
 exit
line vty 0 4
 login local
 transport input ssh
 exit
banner motd #Authorized access only. Activity is logged.#
end
write memory

logging host 105.76.153.97
logging trap informational",cisco,1,real_derived_SW1-base-config.txt,mutated_from_SW1-base-config.txt_to_1,medium
CIS-2.1,Remote syslog servers must be configured for audit trail retention,Verify CIS-2.1 compliance,"! Host20 - end device in VLAN 20 (a router acting as a host in the lab).
! On a real PC this is just IP 10.20.20.20/24, gateway 10.20.20.1 (the Vlan20 SVI).
enable
configure terminal
hostname Host20
!
interface GigabitEthernet0/0
 ip address 10.20.20.20 255.255.255.0
 no shutdown
!
ip route 0.0.0.0 0.0.0.0 10.20.20.1
end
write memory

logging host 195.26.104.69
logging trap informational
interface GigabitEthernet1/3
 description DMZ Interface
 ip address 125.62.14.250 255.255.255.0
 no shutdown
!",cisco,1,real_derived_Host20-config.txt,mutated_from_Host20-config.txt_to_1,medium
CIS-2.1,Network devices must forward security events to approved centralized logging,Verify CIS-2.1 compliance,"! ===========================================================================
! R2 ipv6-static-routing lab  (router, c7200 / IOS 15.2)
! ComputingForGeeks CCNA 200-301 lab: ipv6-static-routing
! https://computingforgeeks.com/cisco-ipv6-static-routes-configuration/
!
! Two links to R1: primary 2001:DB8:12::/64 (Gi0/0), backup 2001:DB8:13::/64
! (Gi1/0). R2 reaches R1's network 2001:DB8:1::/64 via a fully-specified
! link-local primary static (AD 1) and a floating static (AD 200), so the return
! path also fails over when the primary link is shut. Run the matching R1 file.
! ===========================================================================
enable
configure terminal
hostname R2
ipv6 unicast-routing
interface Loopback1
 ipv6 address 2001:DB8:2::1/64
 exit
interface GigabitEthernet0/0
 ipv6 address 2001:DB8:12::2/64
 ipv6 address FE80::2 link-local
 no shutdown
 exit
interface GigabitEthernet1/0
 ipv6 address 2001:DB8:13::2/64
 ipv6 address FE80::20 link-local
 no shutdown
 exit
ipv6 route 2001:DB8:1::/64 GigabitEthernet0/0 FE80::1
ipv6 route 2001:DB8:1::/64 GigabitEthernet1/0 FE80::10 200
end
write memory

logging host 55.146.251.52
logging trap informational",cisco,1,real_derived_R2-config.txt,mutated_from_R2-config.txt_to_1,medium
CIS-2.1,Network devices must forward security events to approved centralized logging,Verify CIS-2.1 compliance,"! RTR-3-83 Configuration
!
hostname RTR-3-83
version 15.7
logging host 156.17.27.177
logging trap informational
interface GigabitEthernet1/3
 ip address 80.185.62.137 255.255.255.0
 no shutdown
!",cisco,1,synthetic_v4,compliant,easy
CIS-2.1,Security-relevant events must be logged to external syslog infrastructure,Verify CIS-2.1 compliance,"! Host10 - end device in VLAN 10 (a router acting as a host in the lab).
! On a real PC this is just IP 10.10.10.10/24, gateway 10.10.10.1 (the Vlan10 SVI).
enable
configure terminal
hostname Host10
!
interface GigabitEthernet0/0
 ip address 10.10.10.10 255.255.255.0
 no shutdown
!
ip route 0.0.0.0 0.0.0.0 10.10.10.1
end
write memory",cisco,0,real_derived_Host10-config.txt,mutated_from_Host10-config.txt_to_0,medium
CIS-2.1,Centralized logging via syslog must be implemented for compliance,Verify CIS-2.1 compliance,"! Host10 - end device in VLAN 10 (a router acting as a host in the lab).
! On a real PC this is just IP 10.10.10.10/24, gateway 10.10.10.1 (the Vlan10 SVI).
enable
configure terminal
hostname Host10
!
interface GigabitEthernet0/0
 ip address 10.10.10.10 255.255.255.0
 no shutdown
!
ip route 0.0.0.0 0.0.0.0 10.10.10.1
end
write memory

interface GigabitEthernet0/1
 description DMZ Interface
 ip address 105.250.123.177 255.255.255.0
 no shutdown
!",cisco,0,real_derived_Host10-config.txt,mutated_from_Host10-config.txt_to_0,medium
CIS-2.1,Network devices must forward security events to approved centralized logging,Verify CIS-2.1 compliance,"! Generated: 2024-01-05
!
hostname RTR-74-38
version 15.7
! logging host 31.190.156.254
interface GigabitEthernet1/0
 ip address 203.73.72.201 255.255.255.0
 no shutdown
!
interface GigabitEthernet1/0
 ip address 240.156.145.56 255.255.255.0
 no shutdown
!",cisco,0,synthetic_v4,non_compliant,easy
CIS-2.1,Centralized logging via syslog must be implemented for compliance,Verify CIS-2.1 compliance,"! SW1 - Layer 3 switch doing inter-VLAN routing with SVIs.
! ip routing is OFF by default on a multilayer switch; this is the key step.
enable
configure terminal
hostname SW1
!
ip routing
!
vlan 10
 name SALES
vlan 20
 name ENGINEERING
!
! SVIs = the per-VLAN gateways (routed inside the switch)
interface Vlan10
 ip address 10.10.10.1 255.255.255.0
 no shutdown
!
interface Vlan20
 ip address 10.20.20.1 255.255.255.0
 no shutdown
!
! Host access ports
interface GigabitEthernet0/1
 switchport mode access
 switchport access vlan 10
!
interface GigabitEthernet0/2
 switchport mode access
 switchport access vlan 20
end
write memory

logging host 15.4.87.22
logging trap informational",cisco,1,real_derived_SW1-config.txt,mutated_from_SW1-config.txt_to_1,medium
CIS-2.1,Remote syslog servers must be configured for audit trail retention,Verify CIS-2.1 compliance,"! Host10 - end device in VLAN 10 (a router acting as a host in the lab).
! On a real PC this is just IP 10.10.10.10/24, gateway 10.10.10.1 (the Vlan10 SVI).
enable
configure terminal
hostname Host10
!
interface GigabitEthernet0/0
 ip address 10.10.10.10 255.255.255.0
 no shutdown
!
ip route 0.0.0.0 0.0.0.0 10.10.10.1
end
write memory

logging host 122.176.217.191
logging trap informational
interface GigabitEthernet1/3
 description LAN Interface
 ip address 79.128.118.31 255.255.255.0
 no shutdown
!",cisco,1,real_derived_Host10-config.txt,mutated_from_Host10-config.txt_to_1,medium
CIS-2.1,Network devices must forward security events to approved centralized logging,Verify CIS-2.1 compliance,"! Generated: 2024-01-23
!
hostname RTR-60-17
version 15.7
logging host 136.221.72.67
logging trap informational",cisco,1,synthetic_v4,compliant,easy
CIS-2.1,Network devices must forward security events to approved centralized logging,Verify CIS-2.1 compliance,"! ===========================================================================
! SW2 LACP EtherChannel  (Layer 2 switch, IOSvL2)
! ComputingForGeeks CCNA 200-301 lab: etherchannel-lacp
! https://computingforgeeks.com/cisco-etherchannel-configuration/
!
! Paste at the privileged-EXEC prompt. Two links (Gi0/0, Gi0/1) bundle into
! Port-channel 1 with LACP active. Run the matching SW1 file on the other switch;
! both ends must be active (or one active, one passive).
! ===========================================================================
enable
configure terminal
hostname SW2
interface range GigabitEthernet0/0 - 1
 channel-group 1 mode active
 exit
end
write memory

logging host 248.163.149.189
logging trap informational
interface GigabitEthernet1/1
 description LAN Interface
 ip address 97.143.201.94 255.255.255.0
 no shutdown
!",cisco,1,real_derived_SW2-config.txt,mutated_from_SW2-config.txt_to_1,medium
CIS-2.1,Syslog Configuration Required,Remote syslog logging must be configured for audit trails.,logging host 0.0.0.0,cisco,0,v1_curated,curated_training,easy
CIS-2.1,Centralized logging via syslog must be implemented for compliance,Verify CIS-2.1 compliance,"! ===========================================================================
! R1 ipv6-static-routing lab  (router, c7200 / IOS 15.2)
! ComputingForGeeks CCNA 200-301 lab: ipv6-static-routing
! https://computingforgeeks.com/cisco-ipv6-static-routes-configuration/
!
! Two links to R2: primary 2001:DB8:12::/64 (Gi0/0), backup 2001:DB8:13::/64
! (Gi1/0). R1 reaches R2's network 2001:DB8:2::/64 via a fully-specified
! link-local primary static (AD 1) and a floating static (AD 200) over the
! backup, plus a ::/0 default route. Run the matching R2 file on the other router.
!
! Failover demo: shut Gi0/0 on BOTH routers, then re-run
! ""show ipv6 route 2001:DB8:2::/64"" and ping 2001:DB8:2::1 to watch the floating
! route ([200]) take over the backup link.
! ===========================================================================
enable
configure terminal
hostname R1
ipv6 unicast-routing
interface Loopback1
 ipv6 address 2001:DB8:1::1/64
 exit
interface GigabitEthernet0/0
 ipv6 address 2001:DB8:12::1/64
 ipv6 address FE80::1 link-local
 no shutdown
 exit
interface GigabitEthernet1/0
 ipv6 address 2001:DB8:13::1/64
 ipv6 address FE80::10 link-local
 no shutdown
 exit
ipv6 route 2001:DB8:2::/64 GigabitEthernet0/0 FE80::2
ipv6 route 2001:DB8:2::/64 GigabitEthernet1/0 FE80::20 200
ipv6 route ::/0 2001:DB8:12::2
end
write memory

logging host 151.168.62.106
logging trap informational",cisco,1,real_derived_R1-config.txt,mutated_from_R1-config.txt_to_1,medium
CIS-2.1,Security-relevant events must be logged to external syslog infrastructure,Verify CIS-2.1 compliance,"! ===========================================================================
! R1 base configuration  (router, c7200/IOSv)
! ComputingForGeeks CCNA 200-301 lab: base-device
! https://computingforgeeks.com/cisco-device-base-configuration/
!
! Paste at the privileged-EXEC prompt. RSA key generation takes a few seconds;
! on real gear, let it finish before the rest is applied.
! ===========================================================================
enable
configure terminal
hostname R1
enable secret Cisc0-Lab!
service password-encryption
ip domain-name lab.example.com
username admin privilege 15 secret Adm1n-Lab!
crypto key generate rsa modulus 2048
ip ssh version 2
interface GigabitEthernet0/0
 ip address 192.168.10.1 255.255.255.0
 no shutdown
 exit
line console 0
 password Con-Lab!
 login
 exit
line vty 0 4
 login local
 transport input ssh
 exit
banner motd #Authorized access only. Activity is logged.#
end
write memory

interface GigabitEthernet1/0
 description WAN Interface
 ip address 194.115.203.248 255.255.255.0
 no shutdown
!",cisco,0,real_derived_R1-base-config.txt,mutated_from_R1-base-config.txt_to_0,medium
CIS-2.1,Network devices must forward security events to approved centralized logging,Verify CIS-2.1 compliance,"! Generated: 2024-01-23
!
hostname RTR-63-92
version 15.7
! logging host 132.60.108.117
interface GigabitEthernet1/0
 ip address 155.209.56.31 255.255.255.0
 no shutdown
!",cisco,0,synthetic_v4,non_compliant,medium
CIS-2.1,Remote syslog servers must be configured for audit trail retention,Verify CIS-2.1 compliance,"! ===========================================================================
! R2 DNS client configuration  (router, c7200/IOSv)
! ComputingForGeeks CCNA 200-301 lab: dns-static
! https://computingforgeeks.com/ccna-labs-dns-server-configuration-on-gns3-and-packet-tracer/
!
! R2 resolves names through R1 and has a route to the server1 loopback so the
! resolved address is reachable.
! ===========================================================================
enable
configure terminal
hostname R2
interface GigabitEthernet0/0
 ip address 192.168.10.2 255.255.255.0
 no shutdown
 exit
ip name-server 192.168.10.1
ip domain-lookup
ip route 10.0.0.1 255.255.255.255 192.168.10.1
end
write memory

interface GigabitEthernet1/1
 description WAN Interface
 ip address 209.167.160.49 255.255.255.0
 no shutdown
!",cisco,0,real_derived_R2-dns-client.txt,mutated_from_R2-dns-client.txt_to_0,medium
CIS-2.1,Network devices must forward security events to approved centralized logging,Verify CIS-2.1 compliance,"! RTR-3-46 Configuration
!
hostname RTR-3-46
version 15.7
! logging host 92.81.89.212
interface GigabitEthernet0/2
 ip address 111.58.116.31 255.255.255.0
 no shutdown
!",cisco,0,synthetic_v4,non_compliant,hard
CIS-2.1,Network devices must forward security events to approved centralized logging,Verify CIS-2.1 compliance,"! RTR-52-37 Configuration
!
hostname RTR-52-37
version 15.7
! logging host 245.78.61.77
interface GigabitEthernet1/1
 ip address 92.49.188.132 255.255.255.0
 no shutdown
!
interface GigabitEthernet0/3
 ip address 115.198.243.69 255.255.255.0
 no shutdown
!",cisco,0,synthetic_v4,non_compliant,hard
CIS-2.1,Network devices must forward security events to approved centralized logging,Verify CIS-2.1 compliance,"! Generated: 2024-01-09
!
hostname RTR-85-62
version 15.7
logging host 153.2.168.249
logging trap informational",cisco,1,synthetic_v4,compliant,hard
CIS-2.1,Centralized logging via syslog must be implemented for compliance,Verify CIS-2.1 compliance,"! ===========================================================================
! SW1 base configuration  (Layer 2 switch, IOSvL2)
! ComputingForGeeks CCNA 200-301 lab: base-device
! https://computingforgeeks.com/cisco-device-base-configuration/
!
! Paste at the privileged-EXEC prompt. RSA key generation takes a few seconds.
! The management IP lives on the Vlan1 SVI (a switch has no routed Gi0/0 by default).
! ===========================================================================
enable
configure terminal
hostname SW1
enable secret Cisc0-Lab!
service password-encryption
ip domain-name lab.example.com
username admin privilege 15 secret Adm1n-Lab!
crypto key generate rsa modulus 2048
ip ssh version 2
interface GigabitEthernet0/0
 no shutdown
 exit
interface Vlan1
 ip address 192.168.10.2 255.255.255.0
 no shutdown
 exit
line vty 0 4
 login local
 transport input ssh
 exit
banner motd #Authorized access only. Activity is logged.#
end
write memory

interface GigabitEthernet0/2
 description DMZ Interface
 ip address 172.195.163.179 255.255.255.0
 no shutdown
!",cisco,0,real_derived_SW1-base-config.txt,mutated_from_SW1-base-config.txt_to_0,medium
CIS-2.1,Network devices must forward security events to approved centralized logging,Verify CIS-2.1 compliance,"! ===========================================================================
! ClientA dhcp-server-relay lab  (DHCP client, local LAN, c7200 / IOS 15.2)
! ComputingForGeeks CCNA 200-301 lab: dhcp-server-relay
! https://computingforgeeks.com/cisco-dhcp-server-relay-configuration/
!
! A router used as an end host on R1's own LAN. It leases directly from the
! local server (192.168.10.1). Verify with: show ip interface brief / show dhcp lease.
! ===========================================================================
enable
configure terminal
hostname ClientA
interface GigabitEthernet0/0
 ip address dhcp
 no shutdown
 exit
end
write memory

interface GigabitEthernet0/1
 description WAN Interface
 ip address 19.30.117.18 255.255.255.0
 no shutdown
!",cisco,0,real_derived_ClientA-config.txt,mutated_from_ClientA-config.txt_to_0,medium
CIS-2.1,Network devices must forward security events to approved centralized logging,Verify CIS-2.1 compliance,"! Generated: 2024-01-19
!
hostname RTR-75-32
version 15.7
! logging host 213.200.26.86",cisco,0,synthetic_v4,non_compliant,hard
CIS-2.1,Network devices must forward security events to approved centralized logging,Verify CIS-2.1 compliance,"! ===========================================================================
! R1 HSRP configuration  (router, c7200/IOSv)  -- ACTIVE (higher priority)
! ComputingForGeeks CCNA 200-301 lab: hsrp
! https://computingforgeeks.com/ccna-labs-hsrp-configuration-on-gns3-and-packet-tracer/
!
! Group 1, HSRP version 2, virtual IP 192.168.10.254.
! R1 has priority 110 + preempt, so it owns the active role and reclaims it
! after a recovery.
! ===========================================================================
enable
configure terminal
hostname R1
interface GigabitEthernet0/0
 ip address 192.168.10.1 255.255.255.0
 standby version 2
 standby 1 ip 192.168.10.254
 standby 1 priority 110
 standby 1 preempt
 no shutdown
 exit
end
write memory

logging host 135.184.34.245
logging trap informational
interface GigabitEthernet0/3
 description LAN Interface
 ip address 12.198.191.65 255.255.255.0
 no shutdown
!",cisco,1,real_derived_R1-hsrp.txt,mutated_from_R1-hsrp.txt_to_1,medium
CIS-2.1,Security-relevant events must be logged to external syslog infrastructure,Verify CIS-2.1 compliance,"! Host20 - end device in VLAN 20 (a router acting as a host in the lab).
! On a real PC this is just IP 10.20.20.20/24, gateway 10.20.20.1 (the Vlan20 SVI).
enable
configure terminal
hostname Host20
!
interface GigabitEthernet0/0
 ip address 10.20.20.20 255.255.255.0
 no shutdown
!
ip route 0.0.0.0 0.0.0.0 10.20.20.1
end
write memory

logging host 209.18.232.23
logging trap informational",cisco,1,real_derived_Host20-config.txt,mutated_from_Host20-config.txt_to_1,medium
CIS-2.1,Security-relevant events must be logged to external syslog infrastructure,Verify CIS-2.1 compliance,"! ===========================================================================
! SW2 LACP EtherChannel  (Layer 2 switch, IOSvL2)
! ComputingForGeeks CCNA 200-301 lab: etherchannel-lacp
! https://computingforgeeks.com/cisco-etherchannel-configuration/
!
! Paste at the privileged-EXEC prompt. Two links (Gi0/0, Gi0/1) bundle into
! Port-channel 1 with LACP active. Run the matching SW1 file on the other switch;
! both ends must be active (or one active, one passive).
! ===========================================================================
enable
configure terminal
hostname SW2
interface range GigabitEthernet0/0 - 1
 channel-group 1 mode active
 exit
end
write memory",cisco,0,real_derived_SW2-config.txt,mutated_from_SW2-config.txt_to_0,medium
CIS-2.1,Network devices must forward security events to approved centralized logging,Verify CIS-2.1 compliance,"! ===========================================================================
! R2 DNS client configuration  (router, c7200/IOSv)
! ComputingForGeeks CCNA 200-301 lab: dns-static
! https://computingforgeeks.com/ccna-labs-dns-server-configuration-on-gns3-and-packet-tracer/
!
! R2 resolves names through R1 and has a route to the server1 loopback so the
! resolved address is reachable.
! ===========================================================================
enable
configure terminal
hostname R2
interface GigabitEthernet0/0
 ip address 192.168.10.2 255.255.255.0
 no shutdown
 exit
ip name-server 192.168.10.1
ip domain-lookup
ip route 10.0.0.1 255.255.255.255 192.168.10.1
end
write memory

logging host 128.239.255.226
logging trap informational",cisco,1,real_derived_R2-dns-client.txt,mutated_from_R2-dns-client.txt_to_1,medium
CIS-2.1,Network devices must forward security events to approved centralized logging,Verify CIS-2.1 compliance,"! Generated: 2024-01-23
!
hostname RTR-6-57
version 15.7
logging host 144.248.234.127
logging trap informational",cisco,1,synthetic_v4,compliant,hard
CIS-2.1,Remote syslog servers must be configured for audit trail retention,Verify CIS-2.1 compliance,"! ===========================================================================
! R2 DNS client configuration  (router, c7200/IOSv)
! ComputingForGeeks CCNA 200-301 lab: dns-static
! https://computingforgeeks.com/ccna-labs-dns-server-configuration-on-gns3-and-packet-tracer/
!
! R2 resolves names through R1 and has a route to the server1 loopback so the
! resolved address is reachable.
! ===========================================================================
enable
configure terminal
hostname R2
interface GigabitEthernet0/0
 ip address 192.168.10.2 255.255.255.0
 no shutdown
 exit
ip name-server 192.168.10.1
ip domain-lookup
ip route 10.0.0.1 255.255.255.255 192.168.10.1
end
write memory",cisco,0,real_derived_R2-dns-client.txt,mutated_from_R2-dns-client.txt_to_0,medium
CIS-2.1,Centralized logging via syslog must be implemented for compliance,Verify CIS-2.1 compliance,"IP-EIGRP Topology Table for AS(100)/ID(10.255.11.6)

Codes: P - Passive, A - Active, U - Update, Q - Query, R - Reply,
       r - reply Status, s - sia Status

P 66.128.208.232/32, 2 successors, FD is 264448
        via 10.254.11.9, TenGigabitEthernet1/1
        via 10.254.11.33, TenGigabitEthernet2/1
P 10.254.6.8/30, 1 successors, FD is 1024
        via 10.254.6.14, Port-channel10
P 67.230.223.128/28, 2 successors, FD is 5632, tag is 53471
        via 10.254.11.9, TenGigabitEthernet1/1
        via 10.254.11.33, TenGigabitEthernet2/1
P 10.255.10.5/32, 1 successors, FD is 130816
        via 10.254.10.34, GigabitEthernet9/29
P 10.255.1.14/32, 1 successors, FD is 128768
        via 10.254.1.34, Port-channel3
P 10.254.2.12/30, 1 successors, FD is 768
        via 10.254.2.22, TenGigabitEthernet3/3
P 10.255.11.4/32, 4 successors, FD is 128768
        via 10.254.56.6, TenGigabitEthernet1/4
        via 10.254.55.6, TenGigabitEthernet1/6
        via 10.254.11.33, TenGigabitEthernet2/1
        via 10.254.11.9, TenGigabitEthernet1/1
        via 10.254.52.6, TenGigabitEthernet1/5
        via 10.254.4.10, TenGigabitEthernet4/4
        via 10.254.4.14, TenGigabitEthernet4/5
        via 10.254.54.6, TenGigabitEthernet1/3

IP-EIGRP Topology Table for AS(65000)/ID(10.2.0.1)

Codes: P - Passive, A - Active, U - Update, Q - Query, R - Reply,
       r - reply Status, s - sia Status

P 10.50.20.4/32, 2 successors, FD is 128039168
        via 10.4.0.1, GigabitEthernet1/1
        via 10.4.0.2, GigabitEthernet1/2
P 10.50.21.0/27, 0 successors, FD is Inaccessible, tag is 6508497
        via 10.4.0.1, GigabitEthernet1/1
        via 10.4.0.2, GigabitEthernet1/2
P 10.50.75.0/24, 1 successors, FD is 2816
        via Rstatic
P 10.50.23.92/30, 1 successors, FD is 3840256, tag is 5507497
        via Redistributed

interface GigabitEthernet0/3
 description LAN Interface
 ip address 8.101.230.152 255.255.255.0
 no shutdown
!",cisco,0,real_derived_cisco_ios_show_ip_eigrp_topology1.raw,mutated_from_cisco_ios_show_ip_eigrp_topology1.raw_to_0,medium
CIS-2.1,Network devices must forward security events to approved centralized logging,Verify CIS-2.1 compliance,"! RTR-17-64 Configuration
!
hostname RTR-17-64
version 15.7
logging host 214.143.184.238
logging trap informational
interface GigabitEthernet1/2
 ip address 112.84.161.189 255.255.255.0
 no shutdown
!
interface GigabitEthernet1/1
 ip address 143.225.27.49 255.255.255.0
 no shutdown
!",cisco,1,synthetic_v4,compliant,easy
CIS-2.1,Security-relevant events must be logged to external syslog infrastructure,Verify CIS-2.1 compliance,"! Host20 - end device in VLAN 20 (a router acting as a host in the lab).
! On a real PC this is just IP 10.20.20.20/24, gateway 10.20.20.1 (the Vlan20 SVI).
enable
configure terminal
hostname Host20
!
interface GigabitEthernet0/0
 ip address 10.20.20.20 255.255.255.0
 no shutdown
!
ip route 0.0.0.0 0.0.0.0 10.20.20.1
end
write memory

interface GigabitEthernet1/1
 description DMZ Interface
 ip address 112.251.46.121 255.255.255.0
 no shutdown
!",cisco,0,real_derived_Host20-config.txt,mutated_from_Host20-config.txt_to_0,medium
CIS-2.1,Network devices must forward security events to approved centralized logging,Verify CIS-2.1 compliance,"! RTR-36-85 Configuration
!
hostname RTR-36-85
version 15.7
logging host 165.21.248.201
logging trap informational",cisco,1,synthetic_v4,compliant,easy
CIS-2.1,Network devices must forward security events to approved centralized logging,Verify CIS-2.1 compliance,"! RTR-35-73 Configuration
!
hostname RTR-35-73
version 15.7
logging host 150.108.2.135
logging trap informational
interface GigabitEthernet1/0
 ip address 64.255.48.228 255.255.255.0
 no shutdown
!",cisco,1,synthetic_v4,compliant,medium
CIS-2.1,Security-relevant events must be logged to external syslog infrastructure,Verify CIS-2.1 compliance,"! ===========================================================================
! R2 ipv6-static-routing lab  (router, c7200 / IOS 15.2)
! ComputingForGeeks CCNA 200-301 lab: ipv6-static-routing
! https://computingforgeeks.com/cisco-ipv6-static-routes-configuration/
!
! Two links to R1: primary 2001:DB8:12::/64 (Gi0/0), backup 2001:DB8:13::/64
! (Gi1/0). R2 reaches R1's network 2001:DB8:1::/64 via a fully-specified
! link-local primary static (AD 1) and a floating static (AD 200), so the return
! path also fails over when the primary link is shut. Run the matching R1 file.
! ===========================================================================
enable
configure terminal
hostname R2
ipv6 unicast-routing
interface Loopback1
 ipv6 address 2001:DB8:2::1/64
 exit
interface GigabitEthernet0/0
 ipv6 address 2001:DB8:12::2/64
 ipv6 address FE80::2 link-local
 no shutdown
 exit
interface GigabitEthernet1/0
 ipv6 address 2001:DB8:13::2/64
 ipv6 address FE80::20 link-local
 no shutdown
 exit
ipv6 route 2001:DB8:1::/64 GigabitEthernet0/0 FE80::1
ipv6 route 2001:DB8:1::/64 GigabitEthernet1/0 FE80::10 200
end
write memory

interface GigabitEthernet1/3
 description WAN Interface
 ip address 147.70.187.102 255.255.255.0
 no shutdown
!",cisco,0,real_derived_R2-config.txt,mutated_from_R2-config.txt_to_0,medium
CIS-2.1,Remote syslog servers must be configured for audit trail retention,Verify CIS-2.1 compliance,"! ===========================================================================
! ClientA dhcp-server-relay lab  (DHCP client, local LAN, c7200 / IOS 15.2)
! ComputingForGeeks CCNA 200-301 lab: dhcp-server-relay
! https://computingforgeeks.com/cisco-dhcp-server-relay-configuration/
!
! A router used as an end host on R1's own LAN. It leases directly from the
! local server (192.168.10.1). Verify with: show ip interface brief / show dhcp lease.
! ===========================================================================
enable
configure terminal
hostname ClientA
interface GigabitEthernet0/0
 ip address dhcp
 no shutdown
 exit
end
write memory

logging host 72.236.127.224
logging trap informational
interface GigabitEthernet1/0
 description WAN Interface
 ip address 167.7.47.238 255.255.255.0
 no shutdown
!",cisco,1,real_derived_ClientA-config.txt,mutated_from_ClientA-config.txt_to_1,medium
CIS-2.1,Remote syslog servers must be configured for audit trail retention,Verify CIS-2.1 compliance,"! ===========================================================================
! R1 ipv6-static-routing lab  (router, c7200 / IOS 15.2)
! ComputingForGeeks CCNA 200-301 lab: ipv6-static-routing
! https://computingforgeeks.com/cisco-ipv6-static-routes-configuration/
!
! Two links to R2: primary 2001:DB8:12::/64 (Gi0/0), backup 2001:DB8:13::/64
! (Gi1/0). R1 reaches R2's network 2001:DB8:2::/64 via a fully-specified
! link-local primary static (AD 1) and a floating static (AD 200) over the
! backup, plus a ::/0 default route. Run the matching R2 file on the other router.
!
! Failover demo: shut Gi0/0 on BOTH routers, then re-run
! ""show ipv6 route 2001:DB8:2::/64"" and ping 2001:DB8:2::1 to watch the floating
! route ([200]) take over the backup link.
! ===========================================================================
enable
configure terminal
hostname R1
ipv6 unicast-routing
interface Loopback1
 ipv6 address 2001:DB8:1::1/64
 exit
interface GigabitEthernet0/0
 ipv6 address 2001:DB8:12::1/64
 ipv6 address FE80::1 link-local
 no shutdown
 exit
interface GigabitEthernet1/0
 ipv6 address 2001:DB8:13::1/64
 ipv6 address FE80::10 link-local
 no shutdown
 exit
ipv6 route 2001:DB8:2::/64 GigabitEthernet0/0 FE80::2
ipv6 route 2001:DB8:2::/64 GigabitEthernet1/0 FE80::20 200
ipv6 route ::/0 2001:DB8:12::2
end
write memory

logging host 81.218.160.171
logging trap informational",cisco,1,real_derived_R1-config.txt,mutated_from_R1-config.txt_to_1,medium
CIS-2.1,Centralized logging via syslog must be implemented for compliance,Verify CIS-2.1 compliance,"! ===========================================================================
! R1 base configuration  (router, c7200/IOSv)
! ComputingForGeeks CCNA 200-301 lab: base-device
! https://computingforgeeks.com/cisco-device-base-configuration/
!
! Paste at the privileged-EXEC prompt. RSA key generation takes a few seconds;
! on real gear, let it finish before the rest is applied.
! ===========================================================================
enable
configure terminal
hostname R1
enable secret Cisc0-Lab!
service password-encryption
ip domain-name lab.example.com
username admin privilege 15 secret Adm1n-Lab!
crypto key generate rsa modulus 2048
ip ssh version 2
interface GigabitEthernet0/0
 ip address 192.168.10.1 255.255.255.0
 no shutdown
 exit
line console 0
 password Con-Lab!
 login
 exit
line vty 0 4
 login local
 transport input ssh
 exit
banner motd #Authorized access only. Activity is logged.#
end
write memory",cisco,0,real_derived_R1-base-config.txt,mutated_from_R1-base-config.txt_to_0,medium
CIS-2.1,Network devices must forward security events to approved centralized logging,Verify CIS-2.1 compliance,"! RTR-27-62 Configuration
!
hostname RTR-27-62
version 15.7
! logging host 167.123.223.216
interface GigabitEthernet0/2
 ip address 198.237.75.122 255.255.255.0
 no shutdown
!",cisco,0,synthetic_v4,non_compliant,medium
CIS-2.1,Centralized logging via syslog must be implemented for compliance,Verify CIS-2.1 compliance,"! ===========================================================================
! ClientB dhcp-server-relay lab  (DHCP client, remote LAN, c7200 / IOS 15.2)
! ComputingForGeeks CCNA 200-301 lab: dhcp-server-relay
! https://computingforgeeks.com/cisco-dhcp-server-relay-configuration/
!
! A router used as an end host on R2's LAN (192.168.20.0/24). It has no local
! DHCP server; its request is relayed by R2 to the server at 10.0.0.1. The lease
! record names server 10.0.0.1, the proof the request crossed the relay.
! ===========================================================================
enable
configure terminal
hostname ClientB
interface GigabitEthernet0/0
 ip address dhcp
 no shutdown
 exit
end
write memory

logging host 171.52.181.200
logging trap informational
interface GigabitEthernet1/1
 description WAN Interface
 ip address 222.83.90.226 255.255.255.0
 no shutdown
!",cisco,1,real_derived_ClientB-config.txt,mutated_from_ClientB-config.txt_to_1,medium
CIS-2.1,Network devices must forward security events to approved centralized logging,Verify CIS-2.1 compliance,"! Generated: 2024-01-19
!
hostname RTR-76-44
version 15.7
logging host 206.243.218.54
logging trap informational
interface GigabitEthernet1/2
 ip address 111.160.102.107 255.255.255.0
 no shutdown
!",cisco,1,synthetic_v4,compliant,medium
CIS-2.1,Network devices must forward security events to approved centralized logging,Verify CIS-2.1 compliance,"! ===========================================================================
! R2 HSRP configuration  (router, c7200/IOSv)  -- STANDBY (lower priority)
! ComputingForGeeks CCNA 200-301 lab: hsrp
! https://computingforgeeks.com/ccna-labs-hsrp-configuration-on-gns3-and-packet-tracer/
!
! Group 1, HSRP version 2, same virtual IP 192.168.10.254.
! R2 has priority 100 (default) + preempt, so it takes over only when R1 fails.
! ===========================================================================
enable
configure terminal
hostname R2
interface GigabitEthernet0/0
 ip address 192.168.10.2 255.255.255.0
 standby version 2
 standby 1 ip 192.168.10.254
 standby 1 priority 100
 standby 1 preempt
 no shutdown
 exit
end
write memory

interface GigabitEthernet1/1
 description WAN Interface
 ip address 212.138.139.36 255.255.255.0
 no shutdown
!",cisco,0,real_derived_R2-hsrp.txt,mutated_from_R2-hsrp.txt_to_0,medium
CIS-2.1,Remote syslog servers must be configured for audit trail retention,Verify CIS-2.1 compliance,"! ===========================================================================
! R2 HSRP configuration  (router, c7200/IOSv)  -- STANDBY (lower priority)
! ComputingForGeeks CCNA 200-301 lab: hsrp
! https://computingforgeeks.com/ccna-labs-hsrp-configuration-on-gns3-and-packet-tracer/
!
! Group 1, HSRP version 2, same virtual IP 192.168.10.254.
! R2 has priority 100 (default) + preempt, so it takes over only when R1 fails.
! ===========================================================================
enable
configure terminal
hostname R2
interface GigabitEthernet0/0
 ip address 192.168.10.2 255.255.255.0
 standby version 2
 standby 1 ip 192.168.10.254
 standby 1 priority 100
 standby 1 preempt
 no shutdown
 exit
end
write memory

logging host 194.147.164.74
logging trap informational
interface GigabitEthernet0/1
 description DMZ Interface
 ip address 190.19.89.107 255.255.255.0
 no shutdown
!",cisco,1,real_derived_R2-hsrp.txt,mutated_from_R2-hsrp.txt_to_1,medium
CIS-2.1,Network devices must forward security events to approved centralized logging,Verify CIS-2.1 compliance,"# -*- restclient -*-

# Settings
:node = asr-101
:addr = 50.196.141.39
:deviceusername = <username>
:devicepassword = <password>
:host = http://localhost:8181
:basic-auth := (format ""Basic %s"" (base64-encode-string (format ""%s:%s"" ""admin"" ""admin"")))

# Create ASR 101
POST :host/restconf/config/network-topology:network-topology/topology/topology-netconf/node/controller-config/yang-ext:mount/config:modules
Authorization: :basic-auth
Content-Type: application/xml
<module xmlns=""urn:opendaylight:params:xml:ns:yang:controller:config"">
   <type xmlns:prefix=""urn:opendaylight:params:xml:ns:yang:controller:md:sal:connector:netconf"">prefix:sal-netconf-connector</type>
   <name>:node
   </name>
   <address xmlns=""urn:opendaylight:params:xml:ns:yang:controller:md:sal:connector:netconf"">:addr
   </address>
   <port xmlns=""urn:opendaylight:params:xml:ns:yang:controller:md:sal:connector:netconf"">830</port>
   <username xmlns=""urn:opendaylight:params:xml:ns:yang:controller:md:sal:connector:netconf"">:deviceusername</username>
   <password xmlns=""urn:opendaylight:params:xml:ns:yang:controller:md:sal:connector:netconf"">:devicepassword</password>
   <tcp-only xmlns=""urn:opendaylight:params:xml:ns:yang:controller:md:sal:connector:netconf"">false</tcp-only>
   <event-executor xmlns=""urn:opendaylight:params:xml:ns:yang:controller:md:sal:connector:netconf"">
     <type xmlns:prefix=""urn:opendaylight:params:xml:ns:yang:controller:netty"">prefix:netty-event-executor</type>
     <name>global-event-executor</name>
   </event-executor>
   <binding-registry xmlns=""urn:opendaylight:params:xml:ns:yang:controller:md:sal:connector:netconf"">
     <type xmlns:prefix=""urn:opendaylight:params:xml:ns:yang:controller:md:sal:binding"">prefix:binding-broker-osgi-registry</type>
     <name>binding-osgi-broker</name>
   </binding-registry>
   <dom-registry xmlns=""urn:opendaylight:params:xml:ns:yang:controller:md:sal:connector:netconf"">
     <type xmlns:prefix=""urn:opendaylight:params:xml:ns:yang:controller:md:sal:dom"">prefix:dom-broker-osgi-registry</type>
     <name>dom-broker</name>
   </dom-registry>
   <client-dispatcher xmlns=""urn:opendaylight:params:xml:ns:yang:controller:md:sal:connector:netconf"">
     <type xmlns:prefix=""urn:opendaylight:params:xml:ns:yang:controller:config:netconf"">prefix:netconf-client-dispatcher</type>
     <name>global-netconf-dispatcher</name>
   </client-dispatcher>
   <processing-executor xmlns=""urn:opendaylight:params:xml:ns:yang:controller:md:sal:connector:netconf"">
     <type xmlns:prefix=""urn:opendaylight:params:xml:ns:yang:controller:threadpool"">prefix:threadpool</type>
     <name>global-netconf-processing-executor</name>
   </processing-executor>
 </module>

# Get node operational status
GET :host/restconf/operational/network-topology:network-topology/topology/topology-netconf/node/:node/
Authorization: :basic-auth

# Get interface configuration
GET :host/restconf/operational/network-topology:network-topology/topology/topology-netconf/node/:node/yang-ext:mount/Cisco-IOS-XR-ifmgr-cfg:interface-configurations/
Authorization: :basic-auth
Accept: application/xml

# Get operational l2vpn xconnect groups
GET :host/restconf/operational/network-topology:network-topology/topology/topology-netconf/node/:node/yang-ext:mount/Cisco-IOS-XR-l2vpn-cfg:l2vpn/database/xconnect-groups/xconnect-group/local
Authorization: :basic-auth
Accept: application/xml

# Show
GET :host/restconf/config/network-topology:network-topology/topology/topology-netconf/node/controller-config/yang-ext:mount/config:modules/module/odl-sal-netconf-connector-cfg:sal-netconf-connector/:node
Authorization: :basic-auth

# Delete
DELETE :host/restconf/config/network-topology:network-topology/topology/topology-netconf/node/controller-config/yang-ext:mount/config:modules/module/odl-sal-netconf-connector-cfg:sal-netconf-connector/:node
Authorization: :basic-auth

logging host 198.148.40.219
logging trap informational",cisco,1,real_derived_cisco-xr-lab-device.txt,mutated_from_cisco-xr-lab-device.txt_to_1,medium
CIS-2.1,Network devices must forward security events to approved centralized logging,Verify CIS-2.1 compliance,"! ===========================================================================
! R1 ipv6-static-routing lab  (router, c7200 / IOS 15.2)
! ComputingForGeeks CCNA 200-301 lab: ipv6-static-routing
! https://computingforgeeks.com/cisco-ipv6-static-routes-configuration/
!
! Two links to R2: primary 2001:DB8:12::/64 (Gi0/0), backup 2001:DB8:13::/64
! (Gi1/0). R1 reaches R2's network 2001:DB8:2::/64 via a fully-specified
! link-local primary static (AD 1) and a floating static (AD 200) over the
! backup, plus a ::/0 default route. Run the matching R2 file on the other router.
!
! Failover demo: shut Gi0/0 on BOTH routers, then re-run
! ""show ipv6 route 2001:DB8:2::/64"" and ping 2001:DB8:2::1 to watch the floating
! route ([200]) take over the backup link.
! ===========================================================================
enable
configure terminal
hostname R1
ipv6 unicast-routing
interface Loopback1
 ipv6 address 2001:DB8:1::1/64
 exit
interface GigabitEthernet0/0
 ipv6 address 2001:DB8:12::1/64
 ipv6 address FE80::1 link-local
 no shutdown
 exit
interface GigabitEthernet1/0
 ipv6 address 2001:DB8:13::1/64
 ipv6 address FE80::10 link-local
 no shutdown
 exit
ipv6 route 2001:DB8:2::/64 GigabitEthernet0/0 FE80::2
ipv6 route 2001:DB8:2::/64 GigabitEthernet1/0 FE80::20 200
ipv6 route ::/0 2001:DB8:12::2
end
write memory",cisco,0,real_derived_R1-config.txt,mutated_from_R1-config.txt_to_0,medium
CIS-2.1,Centralized logging via syslog must be implemented for compliance,Verify CIS-2.1 compliance,"! ===========================================================================
! SW1 base configuration  (Layer 2 switch, IOSvL2)
! ComputingForGeeks CCNA 200-301 lab: base-device
! https://computingforgeeks.com/cisco-device-base-configuration/
!
! Paste at the privileged-EXEC prompt. RSA key generation takes a few seconds.
! The management IP lives on the Vlan1 SVI (a switch has no routed Gi0/0 by default).
! ===========================================================================
enable
configure terminal
hostname SW1
enable secret Cisc0-Lab!
service password-encryption
ip domain-name lab.example.com
username admin privilege 15 secret Adm1n-Lab!
crypto key generate rsa modulus 2048
ip ssh version 2
interface GigabitEthernet0/0
 no shutdown
 exit
interface Vlan1
 ip address 192.168.10.2 255.255.255.0
 no shutdown
 exit
line vty 0 4
 login local
 transport input ssh
 exit
banner motd #Authorized access only. Activity is logged.#
end
write memory

interface GigabitEthernet0/3
 description LAN Interface
 ip address 71.31.89.161 255.255.255.0
 no shutdown
!",cisco,0,real_derived_SW1-base-config.txt,mutated_from_SW1-base-config.txt_to_0,medium
CIS-2.1,Remote syslog servers must be configured for audit trail retention,Verify CIS-2.1 compliance,"! ===========================================================================
! R2 ipv6-static-routing lab  (router, c7200 / IOS 15.2)
! ComputingForGeeks CCNA 200-301 lab: ipv6-static-routing
! https://computingforgeeks.com/cisco-ipv6-static-routes-configuration/
!
! Two links to R1: primary 2001:DB8:12::/64 (Gi0/0), backup 2001:DB8:13::/64
! (Gi1/0). R2 reaches R1's network 2001:DB8:1::/64 via a fully-specified
! link-local primary static (AD 1) and a floating static (AD 200), so the return
! path also fails over when the primary link is shut. Run the matching R1 file.
! ===========================================================================
enable
configure terminal
hostname R2
ipv6 unicast-routing
interface Loopback1
 ipv6 address 2001:DB8:2::1/64
 exit
interface GigabitEthernet0/0
 ipv6 address 2001:DB8:12::2/64
 ipv6 address FE80::2 link-local
 no shutdown
 exit
interface GigabitEthernet1/0
 ipv6 address 2001:DB8:13::2/64
 ipv6 address FE80::20 link-local
 no shutdown
 exit
ipv6 route 2001:DB8:1::/64 GigabitEthernet0/0 FE80::1
ipv6 route 2001:DB8:1::/64 GigabitEthernet1/0 FE80::10 200
end
write memory

logging host 116.88.227.23
logging trap informational
interface GigabitEthernet1/2
 description DMZ Interface
 ip address 17.148.153.218 255.255.255.0
 no shutdown
!",cisco,1,real_derived_R2-config.txt,mutated_from_R2-config.txt_to_1,medium
CIS-2.1,Network devices must forward security events to approved centralized logging,Verify CIS-2.1 compliance,"! RTR-96-12 Configuration
!
hostname RTR-96-12
version 15.7
! logging host 34.88.102.41
interface GigabitEthernet1/3
 ip address 78.120.107.143 255.255.255.0
 no shutdown
!",cisco,0,synthetic_v4,non_compliant,easy
CIS-2.1,Network devices must forward security events to approved centralized logging,Verify CIS-2.1 compliance,"! Generated: 2024-01-13
!
hostname RTR-74-87
version 15.7
! logging host 134.126.53.84
interface GigabitEthernet1/3
 ip address 26.75.217.213 255.255.255.0
 no shutdown
!",cisco,0,synthetic_v4,non_compliant,medium
CIS-2.1,Network devices must forward security events to approved centralized logging,Verify CIS-2.1 compliance,"! RTR-32-20 Configuration
!
hostname RTR-32-20
version 15.7
! logging host 136.215.116.36
interface GigabitEthernet1/3
 ip address 244.185.15.114 255.255.255.0
 no shutdown
!
interface GigabitEthernet0/0
 ip address 184.35.43.87 255.255.255.0
 no shutdown
!",cisco,0,synthetic_v4,non_compliant,medium
CIS-2.1,Centralized logging via syslog must be implemented for compliance,Verify CIS-2.1 compliance,"! ===========================================================================
! Host1 nat-pat lab  (inside host on 192.168.10.0/24, translated by PAT)
! ComputingForGeeks CCNA 200-301 lab: nat-pat
! https://computingforgeeks.com/cisco-nat-pat-configuration/
!
! A router used as an end host. It sits on the PAT LAN, so its traffic to the
! outside is overloaded onto the PUBLIC pool address with a translated port.
! ===========================================================================
enable
configure terminal
hostname Host1
interface GigabitEthernet0/0
 ip address 192.168.10.10 255.255.255.0
 no shutdown
 exit
ip route 0.0.0.0 0.0.0.0 192.168.10.1
end
write memory

logging host 77.199.214.138
logging trap informational
interface GigabitEthernet0/3
 description WAN Interface
 ip address 70.223.248.8 255.255.255.0
 no shutdown
!",cisco,1,real_derived_Host1-config.txt,mutated_from_Host1-config.txt_to_1,medium
CIS-2.1,Network devices must forward security events to approved centralized logging,Verify CIS-2.1 compliance,"! RTR-92-20 Configuration
!
hostname RTR-92-20
version 15.7
! logging host 135.42.148.120
interface GigabitEthernet1/1
 ip address 252.65.153.216 255.255.255.0
 no shutdown
!
interface GigabitEthernet0/3
 ip address 76.24.39.235 255.255.255.0
 no shutdown
!",cisco,0,synthetic_v4,non_compliant,easy
CIS-2.1,Network devices must forward security events to approved centralized logging,Verify CIS-2.1 compliance,"! Generated: 2024-01-13
!
hostname RTR-57-50
version 15.7
logging host 238.130.154.24
logging trap informational
interface GigabitEthernet1/1
 ip address 221.82.224.162 255.255.255.0
 no shutdown
!",cisco,1,synthetic_v4,compliant,medium
CIS-2.1,Centralized logging via syslog must be implemented for compliance,Verify CIS-2.1 compliance,"IP-EIGRP Topology Table for AS(100)/ID(10.255.11.6)

Codes: P - Passive, A - Active, U - Update, Q - Query, R - Reply,
       r - reply Status, s - sia Status

P 66.128.208.232/32, 2 successors, FD is 264448
        via 10.254.11.9, TenGigabitEthernet1/1
        via 10.254.11.33, TenGigabitEthernet2/1
P 10.254.6.8/30, 1 successors, FD is 1024
        via 10.254.6.14, Port-channel10
P 67.230.223.128/28, 2 successors, FD is 5632, tag is 53471
        via 10.254.11.9, TenGigabitEthernet1/1
        via 10.254.11.33, TenGigabitEthernet2/1
P 10.255.10.5/32, 1 successors, FD is 130816
        via 10.254.10.34, GigabitEthernet9/29
P 10.255.1.14/32, 1 successors, FD is 128768
        via 10.254.1.34, Port-channel3
P 10.254.2.12/30, 1 successors, FD is 768
        via 10.254.2.22, TenGigabitEthernet3/3
P 10.255.11.4/32, 4 successors, FD is 128768
        via 10.254.56.6, TenGigabitEthernet1/4
        via 10.254.55.6, TenGigabitEthernet1/6
        via 10.254.11.33, TenGigabitEthernet2/1
        via 10.254.11.9, TenGigabitEthernet1/1
        via 10.254.52.6, TenGigabitEthernet1/5
        via 10.254.4.10, TenGigabitEthernet4/4
        via 10.254.4.14, TenGigabitEthernet4/5
        via 10.254.54.6, TenGigabitEthernet1/3

IP-EIGRP Topology Table for AS(65000)/ID(10.2.0.1)

Codes: P - Passive, A - Active, U - Update, Q - Query, R - Reply,
       r - reply Status, s - sia Status

P 10.50.20.4/32, 2 successors, FD is 128039168
        via 10.4.0.1, GigabitEthernet1/1
        via 10.4.0.2, GigabitEthernet1/2
P 10.50.21.0/27, 0 successors, FD is Inaccessible, tag is 6508497
        via 10.4.0.1, GigabitEthernet1/1
        via 10.4.0.2, GigabitEthernet1/2
P 10.50.75.0/24, 1 successors, FD is 2816
        via Rstatic
P 10.50.23.92/30, 1 successors, FD is 3840256, tag is 5507497
        via Redistributed

logging host 30.134.250.136
logging trap informational
interface GigabitEthernet1/3
 description DMZ Interface
 ip address 101.58.178.91 255.255.255.0
 no shutdown
!",cisco,1,real_derived_cisco_ios_show_ip_eigrp_topology1.raw,mutated_from_cisco_ios_show_ip_eigrp_topology1.raw_to_1,medium
CIS-2.1,Security-relevant events must be logged to external syslog infrastructure,Verify CIS-2.1 compliance,"! ===========================================================================
! R2 DNS client configuration  (router, c7200/IOSv)
! ComputingForGeeks CCNA 200-301 lab: dns-static
! https://computingforgeeks.com/ccna-labs-dns-server-configuration-on-gns3-and-packet-tracer/
!
! R2 resolves names through R1 and has a route to the server1 loopback so the
! resolved address is reachable.
! ===========================================================================
enable
configure terminal
hostname R2
interface GigabitEthernet0/0
 ip address 192.168.10.2 255.255.255.0
 no shutdown
 exit
ip name-server 192.168.10.1
ip domain-lookup
ip route 10.0.0.1 255.255.255.255 192.168.10.1
end
write memory

logging host 13.25.144.127
logging trap informational
interface GigabitEthernet1/2
 description DMZ Interface
 ip address 3.55.220.35 255.255.255.0
 no shutdown
!",cisco,1,real_derived_R2-dns-client.txt,mutated_from_R2-dns-client.txt_to_1,medium
CIS-2.1,Remote syslog servers must be configured for audit trail retention,Verify CIS-2.1 compliance,"! ===========================================================================
! SW1 base configuration  (Layer 2 switch, IOSvL2)
! ComputingForGeeks CCNA 200-301 lab: base-device
! https://computingforgeeks.com/cisco-device-base-configuration/
!
! Paste at the privileged-EXEC prompt. RSA key generation takes a few seconds.
! The management IP lives on the Vlan1 SVI (a switch has no routed Gi0/0 by default).
! ===========================================================================
enable
configure terminal
hostname SW1
enable secret Cisc0-Lab!
service password-encryption
ip domain-name lab.example.com
username admin privilege 15 secret Adm1n-Lab!
crypto key generate rsa modulus 2048
ip ssh version 2
interface GigabitEthernet0/0
 no shutdown
 exit
interface Vlan1
 ip address 192.168.10.2 255.255.255.0
 no shutdown
 exit
line vty 0 4
 login local
 transport input ssh
 exit
banner motd #Authorized access only. Activity is logged.#
end
write memory",cisco,0,real_derived_SW1-base-config.txt,mutated_from_SW1-base-config.txt_to_0,medium
CIS-2.1,Centralized logging via syslog must be implemented for compliance,Verify CIS-2.1 compliance,"! ===========================================================================
! SW2 LACP EtherChannel  (Layer 2 switch, IOSvL2)
! ComputingForGeeks CCNA 200-301 lab: etherchannel-lacp
! https://computingforgeeks.com/cisco-etherchannel-configuration/
!
! Paste at the privileged-EXEC prompt. Two links (Gi0/0, Gi0/1) bundle into
! Port-channel 1 with LACP active. Run the matching SW1 file on the other switch;
! both ends must be active (or one active, one passive).
! ===========================================================================
enable
configure terminal
hostname SW2
interface range GigabitEthernet0/0 - 1
 channel-group 1 mode active
 exit
end
write memory",cisco,0,real_derived_SW2-config.txt,mutated_from_SW2-config.txt_to_0,medium
CIS-2.1,Remote syslog servers must be configured for audit trail retention,Verify CIS-2.1 compliance,"! ===========================================================================
! SW2 LACP EtherChannel  (Layer 2 switch, IOSvL2)
! ComputingForGeeks CCNA 200-301 lab: etherchannel-lacp
! https://computingforgeeks.com/cisco-etherchannel-configuration/
!
! Paste at the privileged-EXEC prompt. Two links (Gi0/0, Gi0/1) bundle into
! Port-channel 1 with LACP active. Run the matching SW1 file on the other switch;
! both ends must be active (or one active, one passive).
! ===========================================================================
enable
configure terminal
hostname SW2
interface range GigabitEthernet0/0 - 1
 channel-group 1 mode active
 exit
end
write memory

logging host 206.168.225.86
logging trap informational",cisco,1,real_derived_SW2-config.txt,mutated_from_SW2-config.txt_to_1,medium
CIS-2.1,Network devices must forward security events to approved centralized logging,Verify CIS-2.1 compliance,"! Generated: 2024-01-07
!
hostname RTR-64-16
version 15.7
logging host 49.136.147.192
logging trap informational
interface GigabitEthernet1/1
 ip address 154.110.144.187 255.255.255.0
 no shutdown
!",cisco,1,synthetic_v4,compliant,hard
CIS-2.1,Network devices must forward security events to approved centralized logging,Verify CIS-2.1 compliance,"! Generated: 2024-01-22
!
hostname RTR-58-32
version 15.7
logging host 166.234.43.3
logging trap informational
interface GigabitEthernet1/1
 ip address 183.196.216.189 255.255.255.0
 no shutdown
!
interface GigabitEthernet1/0
 ip address 25.30.26.86 255.255.255.0
 no shutdown
!",cisco,1,synthetic_v4,compliant,easy
CIS-2.1,Remote syslog servers must be configured for audit trail retention,Verify CIS-2.1 compliance,"! ===========================================================================
! ClientA dhcp-server-relay lab  (DHCP client, local LAN, c7200 / IOS 15.2)
! ComputingForGeeks CCNA 200-301 lab: dhcp-server-relay
! https://computingforgeeks.com/cisco-dhcp-server-relay-configuration/
!
! A router used as an end host on R1's own LAN. It leases directly from the
! local server (192.168.10.1). Verify with: show ip interface brief / show dhcp lease.
! ===========================================================================
enable
configure terminal
hostname ClientA
interface GigabitEthernet0/0
 ip address dhcp
 no shutdown
 exit
end
write memory

interface GigabitEthernet0/1
 description LAN Interface
 ip address 172.248.109.139 255.255.255.0
 no shutdown
!",cisco,0,real_derived_ClientA-config.txt,mutated_from_ClientA-config.txt_to_0,medium
CIS-2.1,Network devices must forward security events to approved centralized logging,Verify CIS-2.1 compliance,"! RTR-24-51 Configuration
!
hostname RTR-24-51
version 15.7
logging host 242.114.10.243
logging trap informational",cisco,1,synthetic_v4,compliant,hard
CIS-2.1,Network devices must forward security events to approved centralized logging,Verify CIS-2.1 compliance,"! SW1 - Layer 3 switch doing inter-VLAN routing with SVIs.
! ip routing is OFF by default on a multilayer switch; this is the key step.
enable
configure terminal
hostname SW1
!
ip routing
!
vlan 10
 name SALES
vlan 20
 name ENGINEERING
!
! SVIs = the per-VLAN gateways (routed inside the switch)
interface Vlan10
 ip address 10.10.10.1 255.255.255.0
 no shutdown
!
interface Vlan20
 ip address 10.20.20.1 255.255.255.0
 no shutdown
!
! Host access ports
interface GigabitEthernet0/1
 switchport mode access
 switchport access vlan 10
!
interface GigabitEthernet0/2
 switchport mode access
 switchport access vlan 20
end
write memory

logging host 166.169.48.230
logging trap informational
interface GigabitEthernet0/1
 description WAN Interface
 ip address 231.243.138.12 255.255.255.0
 no shutdown
!",cisco,1,real_derived_SW1-config.txt,mutated_from_SW1-config.txt_to_1,medium
CIS-2.1,Centralized logging via syslog must be implemented for compliance,Verify CIS-2.1 compliance,"IP-EIGRP Topology Table for AS(100)/ID(10.255.11.6)

Codes: P - Passive, A - Active, U - Update, Q - Query, R - Reply,
       r - reply Status, s - sia Status

P 66.128.208.232/32, 2 successors, FD is 264448
        via 10.254.11.9, TenGigabitEthernet1/1
        via 10.254.11.33, TenGigabitEthernet2/1
P 10.254.6.8/30, 1 successors, FD is 1024
        via 10.254.6.14, Port-channel10
P 67.230.223.128/28, 2 successors, FD is 5632, tag is 53471
        via 10.254.11.9, TenGigabitEthernet1/1
        via 10.254.11.33, TenGigabitEthernet2/1
P 10.255.10.5/32, 1 successors, FD is 130816
        via 10.254.10.34, GigabitEthernet9/29
P 10.255.1.14/32, 1 successors, FD is 128768
        via 10.254.1.34, Port-channel3
P 10.254.2.12/30, 1 successors, FD is 768
        via 10.254.2.22, TenGigabitEthernet3/3
P 10.255.11.4/32, 4 successors, FD is 128768
        via 10.254.56.6, TenGigabitEthernet1/4
        via 10.254.55.6, TenGigabitEthernet1/6
        via 10.254.11.33, TenGigabitEthernet2/1
        via 10.254.11.9, TenGigabitEthernet1/1
        via 10.254.52.6, TenGigabitEthernet1/5
        via 10.254.4.10, TenGigabitEthernet4/4
        via 10.254.4.14, TenGigabitEthernet4/5
        via 10.254.54.6, TenGigabitEthernet1/3

IP-EIGRP Topology Table for AS(65000)/ID(10.2.0.1)

Codes: P - Passive, A - Active, U - Update, Q - Query, R - Reply,
       r - reply Status, s - sia Status

P 10.50.20.4/32, 2 successors, FD is 128039168
        via 10.4.0.1, GigabitEthernet1/1
        via 10.4.0.2, GigabitEthernet1/2
P 10.50.21.0/27, 0 successors, FD is Inaccessible, tag is 6508497
        via 10.4.0.1, GigabitEthernet1/1
        via 10.4.0.2, GigabitEthernet1/2
P 10.50.75.0/24, 1 successors, FD is 2816
        via Rstatic
P 10.50.23.92/30, 1 successors, FD is 3840256, tag is 5507497
        via Redistributed

logging host 148.52.95.94
logging trap informational",cisco,1,real_derived_cisco_ios_show_ip_eigrp_topology1.raw,mutated_from_cisco_ios_show_ip_eigrp_topology1.raw_to_1,medium
CIS-2.1,Network devices must forward security events to approved centralized logging,Verify CIS-2.1 compliance,"! Generated: 2024-01-03
!
hostname RTR-75-68
version 15.7
logging host 61.62.160.85
logging trap informational
interface GigabitEthernet0/3
 ip address 56.73.54.45 255.255.255.0
 no shutdown
!
interface GigabitEthernet0/2
 ip address 113.209.130.221 255.255.255.0
 no shutdown
!",cisco,1,synthetic_v4,compliant,hard
CIS-2.1,Centralized logging via syslog must be implemented for compliance,Verify CIS-2.1 compliance,"! SW1 - Layer 3 switch doing inter-VLAN routing with SVIs.
! ip routing is OFF by default on a multilayer switch; this is the key step.
enable
configure terminal
hostname SW1
!
ip routing
!
vlan 10
 name SALES
vlan 20
 name ENGINEERING
!
! SVIs = the per-VLAN gateways (routed inside the switch)
interface Vlan10
 ip address 10.10.10.1 255.255.255.0
 no shutdown
!
interface Vlan20
 ip address 10.20.20.1 255.255.255.0
 no shutdown
!
! Host access ports
interface GigabitEthernet0/1
 switchport mode access
 switchport access vlan 10
!
interface GigabitEthernet0/2
 switchport mode access
 switchport access vlan 20
end
write memory",cisco,0,real_derived_SW1-config.txt,mutated_from_SW1-config.txt_to_0,medium
CIS-2.1,Network devices must forward security events to approved centralized logging,Verify CIS-2.1 compliance,"! Generated: 2024-01-05
!
hostname RTR-3-15
version 15.7
! logging host 190.227.248.121",cisco,0,synthetic_v4,non_compliant,medium
CIS-2.1,Network devices must forward security events to approved centralized logging,Verify CIS-2.1 compliance,"! Generated: 2024-01-08
!
hostname RTR-95-1
version 15.7
! logging host 207.119.179.77",cisco,0,synthetic_v4,non_compliant,hard
CIS-2.1,Network devices must forward security events to approved centralized logging,Verify CIS-2.1 compliance,"! RTR-98-7 Configuration
!
hostname RTR-98-7
version 15.7
logging host 48.227.69.1
logging trap informational
interface GigabitEthernet1/0
 ip address 29.80.127.133 255.255.255.0
 no shutdown
!
interface GigabitEthernet0/3
 ip address 203.163.231.123 255.255.255.0
 no shutdown
!",cisco,1,synthetic_v4,compliant,hard
CIS-2.1,Centralized logging via syslog must be implemented for compliance,Verify CIS-2.1 compliance,"IP-EIGRP Topology Table for AS(100)/ID(10.255.11.6)

Codes: P - Passive, A - Active, U - Update, Q - Query, R - Reply,
       r - reply Status, s - sia Status

P 66.128.208.232/32, 2 successors, FD is 264448
        via 10.254.11.9, TenGigabitEthernet1/1
        via 10.254.11.33, TenGigabitEthernet2/1
P 10.254.6.8/30, 1 successors, FD is 1024
        via 10.254.6.14, Port-channel10
P 67.230.223.128/28, 2 successors, FD is 5632, tag is 53471
        via 10.254.11.9, TenGigabitEthernet1/1
        via 10.254.11.33, TenGigabitEthernet2/1
P 10.255.10.5/32, 1 successors, FD is 130816
        via 10.254.10.34, GigabitEthernet9/29
P 10.255.1.14/32, 1 successors, FD is 128768
        via 10.254.1.34, Port-channel3
P 10.254.2.12/30, 1 successors, FD is 768
        via 10.254.2.22, TenGigabitEthernet3/3
P 10.255.11.4/32, 4 successors, FD is 128768
        via 10.254.56.6, TenGigabitEthernet1/4
        via 10.254.55.6, TenGigabitEthernet1/6
        via 10.254.11.33, TenGigabitEthernet2/1
        via 10.254.11.9, TenGigabitEthernet1/1
        via 10.254.52.6, TenGigabitEthernet1/5
        via 10.254.4.10, TenGigabitEthernet4/4
        via 10.254.4.14, TenGigabitEthernet4/5
        via 10.254.54.6, TenGigabitEthernet1/3

IP-EIGRP Topology Table for AS(65000)/ID(10.2.0.1)

Codes: P - Passive, A - Active, U - Update, Q - Query, R - Reply,
       r - reply Status, s - sia Status

P 10.50.20.4/32, 2 successors, FD is 128039168
        via 10.4.0.1, GigabitEthernet1/1
        via 10.4.0.2, GigabitEthernet1/2
P 10.50.21.0/27, 0 successors, FD is Inaccessible, tag is 6508497
        via 10.4.0.1, GigabitEthernet1/1
        via 10.4.0.2, GigabitEthernet1/2
P 10.50.75.0/24, 1 successors, FD is 2816
        via Rstatic
P 10.50.23.92/30, 1 successors, FD is 3840256, tag is 5507497
        via Redistributed

interface GigabitEthernet0/1
 description DMZ Interface
 ip address 41.169.218.246 255.255.255.0
 no shutdown
!",cisco,0,real_derived_cisco_ios_show_ip_eigrp_topology1.raw,mutated_from_cisco_ios_show_ip_eigrp_topology1.raw_to_0,medium
CIS-2.1,Remote syslog servers must be configured for audit trail retention,Verify CIS-2.1 compliance,"! RTR-17-34 Configuration
!
hostname RTR-17-34
version 15.7
logging host 220.116.140.50
logging trap informational
interface GigabitEthernet1/3
 ip address 1.218.26.219 255.255.255.0
 no shutdown
!",juniper,1,synthetic_v4,compliant,medium
CIS-2.1,Remote syslog servers must be configured for audit trail retention,Verify CIS-2.1 compliance,"! RTR-82-29 Configuration
!
hostname RTR-82-29
version 15.7
! logging host 120.109.122.124
interface GigabitEthernet1/1
 ip address 103.94.3.93 255.255.255.0
 no shutdown
!
interface GigabitEthernet0/0
 ip address 92.15.58.37 255.255.255.0
 no shutdown
!",juniper,0,synthetic_v4,non_compliant,medium
CIS-2.1,Remote syslog servers must be configured for audit trail retention,Verify CIS-2.1 compliance,"! RTR-51-15 Configuration
!
hostname RTR-51-15
version 15.7
logging host 146.252.87.142
logging trap informational",juniper,1,synthetic_v4,compliant,hard
CIS-2.1,Remote syslog servers must be configured for audit trail retention,Verify CIS-2.1 compliance,"! Generated: 2024-01-13
!
hostname RTR-27-51
version 15.7
! logging host 49.243.55.85
interface GigabitEthernet1/0
 ip address 44.53.90.9 255.255.255.0
 no shutdown
!
interface GigabitEthernet1/0
 ip address 48.101.35.234 255.255.255.0
 no shutdown
!",juniper,0,synthetic_v4,non_compliant,medium
CIS-2.1,Remote syslog servers must be configured for audit trail retention,Verify CIS-2.1 compliance,"! RTR-27-79 Configuration
!
hostname RTR-27-79
version 15.7
logging host 206.162.175.163
logging trap informational",juniper,1,synthetic_v4,compliant,hard
CIS-2.1,Remote syslog servers must be configured for audit trail retention,Verify CIS-2.1 compliance,"! RTR-5-87 Configuration
!
hostname RTR-5-87
version 15.7
! logging host 114.24.52.100
interface GigabitEthernet0/0
 ip address 13.193.103.238 255.255.255.0
 no shutdown
!
interface GigabitEthernet0/2
 ip address 233.122.102.24 255.255.255.0
 no shutdown
!",juniper,0,synthetic_v4,non_compliant,easy
CIS-2.1,Remote syslog servers must be configured for audit trail retention,Verify CIS-2.1 compliance,"! RTR-42-72 Configuration
!
hostname RTR-42-72
version 15.7
! logging host 160.106.202.241
interface GigabitEthernet0/0
 ip address 92.165.88.4 255.255.255.0
 no shutdown
!",juniper,0,synthetic_v4,non_compliant,medium
CIS-2.1,Remote syslog servers must be configured for audit trail retention,Verify CIS-2.1 compliance,"! Generated: 2024-01-22
!
hostname RTR-35-77
version 15.7
logging host 98.179.108.150
logging trap informational
interface GigabitEthernet0/1
 ip address 190.35.153.23 255.255.255.0
 no shutdown
!
interface GigabitEthernet1/0
 ip address 213.71.143.225 255.255.255.0
 no shutdown
!",juniper,1,synthetic_v4,compliant,medium
CIS-2.1,Remote syslog servers must be configured for audit trail retention,Verify CIS-2.1 compliance,"! Generated: 2024-01-20
!
hostname RTR-97-53
version 15.7
logging host 202.5.232.99
logging trap informational
interface GigabitEthernet0/2
 ip address 167.13.232.133 255.255.255.0
 no shutdown
!
interface GigabitEthernet1/1
 ip address 28.52.6.153 255.255.255.0
 no shutdown
!",juniper,1,synthetic_v4,compliant,hard
CIS-2.1,Remote syslog servers must be configured for audit trail retention,Verify CIS-2.1 compliance,"! RTR-98-36 Configuration
!
hostname RTR-98-36
version 15.7
logging host 182.183.98.24
logging trap informational
interface GigabitEthernet0/1
 ip address 251.252.185.10 255.255.255.0
 no shutdown
!
interface GigabitEthernet1/3
 ip address 232.107.3.51 255.255.255.0
 no shutdown
!",juniper,1,synthetic_v4,compliant,hard
CIS-2.1,Remote syslog servers must be configured for audit trail retention,Verify CIS-2.1 compliance,"! RTR-31-48 Configuration
!
hostname RTR-31-48
version 15.7
! logging host 170.87.222.225
interface GigabitEthernet0/1
 ip address 204.97.98.137 255.255.255.0
 no shutdown
!",juniper,0,synthetic_v4,non_compliant,medium
CIS-2.1,Remote syslog servers must be configured for audit trail retention,Verify CIS-2.1 compliance,"! Generated: 2024-01-22
!
hostname RTR-37-27
version 15.7
! logging host 135.35.232.15
interface GigabitEthernet0/2
 ip address 221.210.200.41 255.255.255.0
 no shutdown
!",juniper,0,synthetic_v4,non_compliant,easy
CIS-2.1,Remote syslog servers must be configured for audit trail retention,Verify CIS-2.1 compliance,"! Generated: 2024-01-01
!
hostname RTR-71-53
version 15.7
logging host 105.119.9.69
logging trap informational
interface GigabitEthernet0/1
 ip address 78.208.228.22 255.255.255.0
 no shutdown
!",juniper,1,synthetic_v4,compliant,hard
CIS-2.1,Remote syslog servers must be configured for audit trail retention,Verify CIS-2.1 compliance,"! Generated: 2024-01-28
!
hostname RTR-5-49
version 15.7
logging host 178.33.65.16
logging trap informational
interface GigabitEthernet0/2
 ip address 157.221.33.27 255.255.255.0
 no shutdown
!
interface GigabitEthernet0/0
 ip address 76.195.205.25 255.255.255.0
 no shutdown
!",juniper,1,synthetic_v4,compliant,hard
CIS-2.1,Remote syslog servers must be configured for audit trail retention,Verify CIS-2.1 compliance,"! Generated: 2024-01-20
!
hostname RTR-19-19
version 15.7
logging host 88.149.188.249
logging trap informational",juniper,1,synthetic_v4,compliant,hard
CIS-2.1,Remote syslog servers must be configured for audit trail retention,Verify CIS-2.1 compliance,"! RTR-32-91 Configuration
!
hostname RTR-32-91
version 15.7
logging host 149.227.43.207
logging trap informational
interface GigabitEthernet1/0
 ip address 126.11.174.112 255.255.255.0
 no shutdown
!
interface GigabitEthernet0/3
 ip address 7.162.195.66 255.255.255.0
 no shutdown
!",juniper,1,synthetic_v4,compliant,easy
CIS-2.1,Remote syslog servers must be configured for audit trail retention,Verify CIS-2.1 compliance,"! Generated: 2024-01-25
!
hostname RTR-76-31
version 15.7
logging host 130.197.58.69
logging trap informational",juniper,1,synthetic_v4,compliant,medium
CIS-2.1,Remote syslog servers must be configured for audit trail retention,Verify CIS-2.1 compliance,"! Generated: 2024-01-19
!
hostname RTR-51-25
version 15.7
logging host 207.12.115.251
logging trap informational
interface GigabitEthernet0/1
 ip address 43.168.159.17 255.255.255.0
 no shutdown
!",juniper,1,synthetic_v4,compliant,hard
CIS-2.1,Remote syslog servers must be configured for audit trail retention,Verify CIS-2.1 compliance,"! Generated: 2024-01-19
!
hostname RTR-27-61
version 15.7
! logging host 202.239.236.88
interface GigabitEthernet0/3
 ip address 198.213.107.113 255.255.255.0
 no shutdown
!
interface GigabitEthernet1/0
 ip address 96.71.65.79 255.255.255.0
 no shutdown
!",juniper,0,synthetic_v4,non_compliant,hard
CIS-2.1,Remote syslog servers must be configured for audit trail retention,Verify CIS-2.1 compliance,"! RTR-9-76 Configuration
!
hostname RTR-9-76
version 15.7
logging host 50.64.131.91
logging trap informational
interface GigabitEthernet0/1
 ip address 36.22.30.33 255.255.255.0
 no shutdown
!
interface GigabitEthernet1/3
 ip address 132.183.159.150 255.255.255.0
 no shutdown
!",juniper,1,synthetic_v4,compliant,hard
CIS-2.1,Remote syslog servers must be configured for audit trail retention,Verify CIS-2.1 compliance,"! Generated: 2024-01-07
!
hostname RTR-84-41
version 15.7
! logging host 118.112.33.169
interface GigabitEthernet0/0
 ip address 227.111.210.78 255.255.255.0
 no shutdown
!
interface GigabitEthernet1/0
 ip address 183.87.128.246 255.255.255.0
 no shutdown
!",juniper,0,synthetic_v4,non_compliant,easy
CIS-2.1,Remote syslog servers must be configured for audit trail retention,Verify CIS-2.1 compliance,"! RTR-38-65 Configuration
!
hostname RTR-38-65
version 15.7
! logging host 165.40.141.238",juniper,0,synthetic_v4,non_compliant,easy
CIS-2.1,Remote syslog servers must be configured for audit trail retention,Verify CIS-2.1 compliance,"! RTR-39-51 Configuration
!
hostname RTR-39-51
version 15.7
! logging host 208.89.212.64",juniper,0,synthetic_v4,non_compliant,hard
CIS-2.1,Remote syslog servers must be configured for audit trail retention,Verify CIS-2.1 compliance,"! Generated: 2024-01-09
!
hostname RTR-37-23
version 15.7
! logging host 185.89.173.217
interface GigabitEthernet0/0
 ip address 46.134.51.6 255.255.255.0
 no shutdown
!",juniper,0,synthetic_v4,non_compliant,hard
CIS-2.1,Syslog Configuration Required,Remote syslog logging must be configured for audit trails.,set system syslog host 10.1.1.5 any critical,juniper,1,v1_curated,curated_training,medium
CIS-2.1,Remote syslog servers must be configured for audit trail retention,Verify CIS-2.1 compliance,"! RTR-73-87 Configuration
!
hostname RTR-73-87
version 15.7
logging host 145.89.33.151
logging trap informational",juniper,1,synthetic_v4,compliant,easy
CIS-2.1,Remote syslog servers must be configured for audit trail retention,Verify CIS-2.1 compliance,"! Generated: 2024-01-14
!
hostname RTR-89-48
version 15.7
! logging host 251.125.23.196
interface GigabitEthernet1/1
 ip address 84.126.27.162 255.255.255.0
 no shutdown
!",juniper,0,synthetic_v4,non_compliant,medium
CIS-2.1,Remote syslog servers must be configured for audit trail retention,Verify CIS-2.1 compliance,"! RTR-15-13 Configuration
!
hostname RTR-15-13
version 15.7
logging host 74.73.93.66
logging trap informational
interface GigabitEthernet1/3
 ip address 174.86.30.158 255.255.255.0
 no shutdown
!",juniper,1,synthetic_v4,compliant,medium
CIS-2.1,Remote syslog servers must be configured for audit trail retention,Verify CIS-2.1 compliance,"! Generated: 2024-01-14
!
hostname RTR-81-13
version 15.7
logging host 207.12.171.216
logging trap informational",juniper,1,synthetic_v4,compliant,easy
CIS-2.1,Remote syslog servers must be configured for audit trail retention,Verify CIS-2.1 compliance,"! Generated: 2024-01-22
!
hostname RTR-56-53
version 15.7
logging host 133.238.253.93
logging trap informational
interface GigabitEthernet0/0
 ip address 72.215.229.81 255.255.255.0
 no shutdown
!",juniper,1,synthetic_v4,compliant,easy
CIS-2.1,Remote syslog servers must be configured for audit trail retention,Verify CIS-2.1 compliance,"! RTR-42-86 Configuration
!
hostname RTR-42-86
version 15.7
! logging host 125.236.34.22
interface GigabitEthernet1/1
 ip address 121.142.82.44 255.255.255.0
 no shutdown
!",juniper,0,synthetic_v4,non_compliant,easy
CIS-2.1,Remote syslog servers must be configured for audit trail retention,Verify CIS-2.1 compliance,"! Generated: 2024-01-27
!
hostname RTR-72-58
version 15.7
logging host 119.148.85.1
logging trap informational",juniper,1,synthetic_v4,compliant,medium
CIS-2.1,Remote syslog servers must be configured for audit trail retention,Verify CIS-2.1 compliance,"! Generated: 2024-01-11
!
hostname RTR-58-35
version 15.7
logging host 88.107.235.246
logging trap informational
interface GigabitEthernet0/0
 ip address 156.243.2.231 255.255.255.0
 no shutdown
!",juniper,1,synthetic_v4,compliant,easy
CIS-2.1,Remote syslog servers must be configured for audit trail retention,Verify CIS-2.1 compliance,"! RTR-82-26 Configuration
!
hostname RTR-82-26
version 15.7
logging host 88.96.243.178
logging trap informational
interface GigabitEthernet1/2
 ip address 158.153.214.85 255.255.255.0
 no shutdown
!
interface GigabitEthernet0/0
 ip address 117.21.253.57 255.255.255.0
 no shutdown
!",juniper,1,synthetic_v4,compliant,easy
CIS-2.1,Remote syslog servers must be configured for audit trail retention,Verify CIS-2.1 compliance,"! Generated: 2024-01-08
!
hostname RTR-85-87
version 15.7
logging host 130.27.216.89
logging trap informational",juniper,1,synthetic_v4,compliant,easy
CIS-2.1,Remote syslog servers must be configured for audit trail retention,Verify CIS-2.1 compliance,"! RTR-60-66 Configuration
!
hostname RTR-60-66
version 15.7
! logging host 110.230.239.111
interface GigabitEthernet1/2
 ip address 98.12.91.114 255.255.255.0
 no shutdown
!
interface GigabitEthernet0/2
 ip address 166.38.183.231 255.255.255.0
 no shutdown
!",juniper,0,synthetic_v4,non_compliant,easy
CIS-2.1,Remote syslog servers must be configured for audit trail retention,Verify CIS-2.1 compliance,"! Generated: 2024-01-22
!
hostname RTR-94-56
version 15.7
! logging host 47.48.201.179
interface GigabitEthernet0/2
 ip address 226.149.34.179 255.255.255.0
 no shutdown
!",juniper,0,synthetic_v4,non_compliant,hard
CIS-2.1,Remote syslog servers must be configured for audit trail retention,Verify CIS-2.1 compliance,"! RTR-17-66 Configuration
!
hostname RTR-17-66
version 15.7
! logging host 227.250.107.187",juniper,0,synthetic_v4,non_compliant,medium
CIS-2.1,Remote syslog servers must be configured for audit trail retention,Verify CIS-2.1 compliance,"! RTR-75-97 Configuration
!
hostname RTR-75-97
version 15.7
! logging host 121.76.203.59",juniper,0,synthetic_v4,non_compliant,hard
CIS-2.1,Syslog Configuration Required,Remote syslog logging must be configured for audit trails.,set system syslog host,juniper,0,v1_curated,curated_training,medium
CIS-2.1,Remote syslog servers must be configured for audit trail retention,Verify CIS-2.1 compliance,"! Generated: 2024-01-07
!
hostname RTR-10-47
version 15.7
! logging host 86.100.168.65
interface GigabitEthernet0/1
 ip address 219.133.4.198 255.255.255.0
 no shutdown
!
interface GigabitEthernet1/2
 ip address 211.177.206.243 255.255.255.0
 no shutdown
!",juniper,0,synthetic_v4,non_compliant,medium
CIS-2.1,Remote syslog servers must be configured for audit trail retention,Verify CIS-2.1 compliance,"! RTR-18-49 Configuration
!
hostname RTR-18-49
version 15.7
! logging host 227.56.173.240",juniper,0,synthetic_v4,non_compliant,medium
CIS-2.1,Security-relevant events must be logged to external syslog infrastructure,Verify CIS-2.1 compliance,"! RTR-67-54 Configuration
!
hostname RTR-67-54
version 15.7
logging host 74.12.117.217
logging trap informational
interface GigabitEthernet0/1
 ip address 139.27.127.206 255.255.255.0
 no shutdown
!
interface GigabitEthernet0/3
 ip address 134.164.93.114 255.255.255.0
 no shutdown
!",paloalto,1,synthetic_v4,compliant,hard
CIS-2.1,Security-relevant events must be logged to external syslog infrastructure,Verify CIS-2.1 compliance,"! RTR-44-55 Configuration
!
hostname RTR-44-55
version 15.7
logging host 254.178.200.101
logging trap informational",paloalto,1,synthetic_v4,compliant,hard
CIS-2.1,Security-relevant events must be logged to external syslog infrastructure,Verify CIS-2.1 compliance,"! Generated: 2024-01-23
!
hostname RTR-33-87
version 15.7
! logging host 37.104.36.162
interface GigabitEthernet1/1
 ip address 108.78.161.202 255.255.255.0
 no shutdown
!",paloalto,0,synthetic_v4,non_compliant,medium
CIS-2.1,Security-relevant events must be logged to external syslog infrastructure,Verify CIS-2.1 compliance,"! Generated: 2024-01-27
!
hostname RTR-68-63
version 15.7
! logging host 150.63.106.248
interface GigabitEthernet0/1
 ip address 2.228.160.32 255.255.255.0
 no shutdown
!",paloalto,0,synthetic_v4,non_compliant,easy
CIS-2.1,Security-relevant events must be logged to external syslog infrastructure,Verify CIS-2.1 compliance,"! RTR-24-45 Configuration
!
hostname RTR-24-45
version 15.7
! logging host 174.206.244.152",paloalto,0,synthetic_v4,non_compliant,easy
CIS-2.1,Security-relevant events must be logged to external syslog infrastructure,Verify CIS-2.1 compliance,"! RTR-39-37 Configuration
!
hostname RTR-39-37
version 15.7
logging host 248.103.139.221
logging trap informational
interface GigabitEthernet1/3
 ip address 97.85.241.113 255.255.255.0
 no shutdown
!",paloalto,1,synthetic_v4,compliant,medium
CIS-2.1,Security-relevant events must be logged to external syslog infrastructure,Verify CIS-2.1 compliance,"! Generated: 2024-01-01
!
hostname RTR-62-38
version 15.7
! logging host 189.201.111.237
interface GigabitEthernet1/3
 ip address 15.182.3.158 255.255.255.0
 no shutdown
!",paloalto,0,synthetic_v4,non_compliant,medium
CIS-2.1,Security-relevant events must be logged to external syslog infrastructure,Verify CIS-2.1 compliance,"! RTR-88-66 Configuration
!
hostname RTR-88-66
version 15.7
! logging host 169.64.73.97
interface GigabitEthernet0/2
 ip address 182.127.214.181 255.255.255.0
 no shutdown
!
interface GigabitEthernet1/1
 ip address 113.181.239.129 255.255.255.0
 no shutdown
!",paloalto,0,synthetic_v4,non_compliant,medium
CIS-2.1,Security-relevant events must be logged to external syslog infrastructure,Verify CIS-2.1 compliance,"! Generated: 2024-01-02
!
hostname RTR-54-96
version 15.7
! logging host 42.101.245.246
interface GigabitEthernet0/3
 ip address 126.253.65.84 255.255.255.0
 no shutdown
!
interface GigabitEthernet1/3
 ip address 34.56.55.203 255.255.255.0
 no shutdown
!",paloalto,0,synthetic_v4,non_compliant,easy
CIS-2.1,Security-relevant events must be logged to external syslog infrastructure,Verify CIS-2.1 compliance,"! Generated: 2024-01-16
!
hostname RTR-11-45
version 15.7
logging host 253.51.197.76
logging trap informational
interface GigabitEthernet0/1
 ip address 128.44.154.214 255.255.255.0
 no shutdown
!",paloalto,1,synthetic_v4,compliant,hard
CIS-2.1,Security-relevant events must be logged to external syslog infrastructure,Verify CIS-2.1 compliance,"! Generated: 2024-01-01
!
hostname RTR-43-39
version 15.7
! logging host 90.95.205.91",paloalto,0,synthetic_v4,non_compliant,medium
CIS-2.1,Syslog Configuration Required,Remote syslog logging must be configured for audit trails.,set deviceconfig setting logging syslog,paloalto,0,v1_curated,curated_training,medium
CIS-2.1,Security-relevant events must be logged to external syslog infrastructure,Verify CIS-2.1 compliance,"! RTR-16-66 Configuration
!
hostname RTR-16-66
version 15.7
! logging host 152.222.76.161
interface GigabitEthernet0/0
 ip address 62.203.250.78 255.255.255.0
 no shutdown
!",paloalto,0,synthetic_v4,non_compliant,hard
CIS-2.1,Security-relevant events must be logged to external syslog infrastructure,Verify CIS-2.1 compliance,"! RTR-95-55 Configuration
!
hostname RTR-95-55
version 15.7
logging host 159.40.30.36
logging trap informational
interface GigabitEthernet0/1
 ip address 97.104.19.61 255.255.255.0
 no shutdown
!
interface GigabitEthernet1/2
 ip address 35.142.162.165 255.255.255.0
 no shutdown
!",paloalto,1,synthetic_v4,compliant,easy
CIS-2.1,Security-relevant events must be logged to external syslog infrastructure,Verify CIS-2.1 compliance,"! RTR-36-55 Configuration
!
hostname RTR-36-55
version 15.7
! logging host 184.117.156.163
interface GigabitEthernet1/2
 ip address 217.46.40.20 255.255.255.0
 no shutdown
!
interface GigabitEthernet0/0
 ip address 43.29.43.191 255.255.255.0
 no shutdown
!",paloalto,0,synthetic_v4,non_compliant,medium
CIS-2.1,Security-relevant events must be logged to external syslog infrastructure,Verify CIS-2.1 compliance,"! Generated: 2024-01-28
!
hostname RTR-89-16
version 15.7
logging host 181.244.110.127
logging trap informational",paloalto,1,synthetic_v4,compliant,medium
CIS-2.1,Security-relevant events must be logged to external syslog infrastructure,Verify CIS-2.1 compliance,"! RTR-86-75 Configuration
!
hostname RTR-86-75
version 15.7
logging host 11.49.108.134
logging trap informational
interface GigabitEthernet1/3
 ip address 122.172.219.87 255.255.255.0
 no shutdown
!
interface GigabitEthernet1/2
 ip address 81.122.184.171 255.255.255.0
 no shutdown
!",paloalto,1,synthetic_v4,compliant,medium
CIS-2.1,Security-relevant events must be logged to external syslog infrastructure,Verify CIS-2.1 compliance,"! RTR-47-55 Configuration
!
hostname RTR-47-55
version 15.7
! logging host 138.137.55.254
interface GigabitEthernet0/1
 ip address 91.222.2.92 255.255.255.0
 no shutdown
!
interface GigabitEthernet0/0
 ip address 49.145.20.35 255.255.255.0
 no shutdown
!",paloalto,0,synthetic_v4,non_compliant,medium
CIS-2.1,Security-relevant events must be logged to external syslog infrastructure,Verify CIS-2.1 compliance,"! Generated: 2024-01-06
!
hostname RTR-17-74
version 15.7
! logging host 23.131.17.22
interface GigabitEthernet1/1
 ip address 109.0.127.77 255.255.255.0
 no shutdown
!
interface GigabitEthernet0/2
 ip address 169.227.71.148 255.255.255.0
 no shutdown
!",paloalto,0,synthetic_v4,non_compliant,medium
CIS-2.1,Security-relevant events must be logged to external syslog infrastructure,Verify CIS-2.1 compliance,"! RTR-65-79 Configuration
!
hostname RTR-65-79
version 15.7
logging host 195.79.246.6
logging trap informational
interface GigabitEthernet0/2
 ip address 153.78.89.66 255.255.255.0
 no shutdown
!
interface GigabitEthernet1/3
 ip address 79.232.145.97 255.255.255.0
 no shutdown
!",paloalto,1,synthetic_v4,compliant,hard
CIS-2.1,Security-relevant events must be logged to external syslog infrastructure,Verify CIS-2.1 compliance,"! RTR-99-15 Configuration
!
hostname RTR-99-15
version 15.7
! logging host 180.126.219.51
interface GigabitEthernet0/1
 ip address 219.76.117.31 255.255.255.0
 no shutdown
!",paloalto,0,synthetic_v4,non_compliant,easy
CIS-2.1,Security-relevant events must be logged to external syslog infrastructure,Verify CIS-2.1 compliance,"! RTR-62-38 Configuration
!
hostname RTR-62-38
version 15.7
logging host 54.111.100.189
logging trap informational
interface GigabitEthernet0/1
 ip address 97.218.86.238 255.255.255.0
 no shutdown
!
interface GigabitEthernet0/0
 ip address 92.242.91.242 255.255.255.0
 no shutdown
!",paloalto,1,synthetic_v4,compliant,easy
CIS-2.1,Security-relevant events must be logged to external syslog infrastructure,Verify CIS-2.1 compliance,"! Generated: 2024-01-15
!
hostname RTR-83-19
version 15.7
logging host 242.75.130.64
logging trap informational
interface GigabitEthernet0/0
 ip address 198.47.196.102 255.255.255.0
 no shutdown
!",paloalto,1,synthetic_v4,compliant,hard
CIS-2.1,Security-relevant events must be logged to external syslog infrastructure,Verify CIS-2.1 compliance,"! Generated: 2024-01-24
!
hostname RTR-28-24
version 15.7
logging host 47.98.132.252
logging trap informational
interface GigabitEthernet1/0
 ip address 223.85.40.76 255.255.255.0
 no shutdown
!
interface GigabitEthernet0/3
 ip address 32.141.32.88 255.255.255.0
 no shutdown
!",paloalto,1,synthetic_v4,compliant,easy
CIS-2.1,Security-relevant events must be logged to external syslog infrastructure,Verify CIS-2.1 compliance,"! Generated: 2024-01-10
!
hostname RTR-31-5
version 15.7
! logging host 220.110.68.155
interface GigabitEthernet1/1
 ip address 187.216.38.141 255.255.255.0
 no shutdown
!
interface GigabitEthernet1/2
 ip address 98.83.204.117 255.255.255.0
 no shutdown
!",paloalto,0,synthetic_v4,non_compliant,easy
CIS-2.1,Security-relevant events must be logged to external syslog infrastructure,Verify CIS-2.1 compliance,"! RTR-77-23 Configuration
!
hostname RTR-77-23
version 15.7
! logging host 97.45.237.222
interface GigabitEthernet1/3
 ip address 95.5.61.30 255.255.255.0
 no shutdown
!
interface GigabitEthernet0/0
 ip address 126.115.11.151 255.255.255.0
 no shutdown
!",paloalto,0,synthetic_v4,non_compliant,hard
CIS-2.1,Syslog Configuration Required,Remote syslog logging must be configured for audit trails.,set deviceconfig setting logging syslog server 10.1.1.5,paloalto,1,v1_curated,curated_training,easy
CIS-2.1,Security-relevant events must be logged to external syslog infrastructure,Verify CIS-2.1 compliance,"! Generated: 2024-01-14
!
hostname RTR-55-62
version 15.7
! logging host 165.26.155.29",paloalto,0,synthetic_v4,non_compliant,medium
CIS-2.1,Security-relevant events must be logged to external syslog infrastructure,Verify CIS-2.1 compliance,"! Generated: 2024-01-11
!
hostname RTR-45-92
version 15.7
! logging host 230.24.93.11",paloalto,0,synthetic_v4,non_compliant,hard
CIS-2.1,Security-relevant events must be logged to external syslog infrastructure,Verify CIS-2.1 compliance,"! Generated: 2024-01-01
!
hostname RTR-17-20
version 15.7
! logging host 197.121.26.174
interface GigabitEthernet0/3
 ip address 123.148.144.125 255.255.255.0
 no shutdown
!
interface GigabitEthernet0/3
 ip address 64.78.95.64 255.255.255.0
 no shutdown
!",paloalto,0,synthetic_v4,non_compliant,medium
CIS-2.1,Security-relevant events must be logged to external syslog infrastructure,Verify CIS-2.1 compliance,"! Generated: 2024-01-05
!
hostname RTR-78-62
version 15.7
logging host 184.240.100.40
logging trap informational
interface GigabitEthernet0/2
 ip address 126.207.212.241 255.255.255.0
 no shutdown
!",paloalto,1,synthetic_v4,compliant,medium
CIS-2.1,Security-relevant events must be logged to external syslog infrastructure,Verify CIS-2.1 compliance,"! RTR-89-41 Configuration
!
hostname RTR-89-41
version 15.7
! logging host 253.180.107.177",paloalto,0,synthetic_v4,non_compliant,easy
CIS-2.1,Security-relevant events must be logged to external syslog infrastructure,Verify CIS-2.1 compliance,"! Generated: 2024-01-15
!
hostname RTR-71-60
version 15.7
logging host 245.59.246.170
logging trap informational
interface GigabitEthernet0/1
 ip address 193.45.54.112 255.255.255.0
 no shutdown
!",paloalto,1,synthetic_v4,compliant,hard
CIS-2.1,Security-relevant events must be logged to external syslog infrastructure,Verify CIS-2.1 compliance,"! RTR-49-4 Configuration
!
hostname RTR-49-4
version 15.7
! logging host 64.39.138.32
interface GigabitEthernet0/2
 ip address 164.45.185.233 255.255.255.0
 no shutdown
!
interface GigabitEthernet1/2
 ip address 38.115.140.3 255.255.255.0
 no shutdown
!",paloalto,0,synthetic_v4,non_compliant,easy
CIS-2.1,Security-relevant events must be logged to external syslog infrastructure,Verify CIS-2.1 compliance,"! RTR-1-22 Configuration
!
hostname RTR-1-22
version 15.7
logging host 1.49.35.199
logging trap informational
interface GigabitEthernet1/3
 ip address 44.90.191.48 255.255.255.0
 no shutdown
!
interface GigabitEthernet0/1
 ip address 125.93.56.116 255.255.255.0
 no shutdown
!",paloalto,1,synthetic_v4,compliant,hard
CIS-2.1,Security-relevant events must be logged to external syslog infrastructure,Verify CIS-2.1 compliance,"! Generated: 2024-01-13
!
hostname RTR-78-76
version 15.7
logging host 3.235.161.38
logging trap informational
interface GigabitEthernet0/3
 ip address 175.233.75.154 255.255.255.0
 no shutdown
!
interface GigabitEthernet1/1
 ip address 192.17.163.80 255.255.255.0
 no shutdown
!",paloalto,1,synthetic_v4,compliant,hard
CIS-2.1,Security-relevant events must be logged to external syslog infrastructure,Verify CIS-2.1 compliance,"! Generated: 2024-01-25
!
hostname RTR-50-73
version 15.7
logging host 112.130.178.131
logging trap informational
interface GigabitEthernet0/3
 ip address 238.217.126.63 255.255.255.0
 no shutdown
!
interface GigabitEthernet1/0
 ip address 236.185.14.179 255.255.255.0
 no shutdown
!",paloalto,1,synthetic_v4,compliant,hard
CIS-2.1,Security-relevant events must be logged to external syslog infrastructure,Verify CIS-2.1 compliance,"! Generated: 2024-01-16
!
hostname RTR-96-42
version 15.7
! logging host 72.51.220.48",paloalto,0,synthetic_v4,non_compliant,medium
CIS-2.1,Security-relevant events must be logged to external syslog infrastructure,Verify CIS-2.1 compliance,"! RTR-71-64 Configuration
!
hostname RTR-71-64
version 15.7
! logging host 3.217.69.123
interface GigabitEthernet1/0
 ip address 158.97.3.183 255.255.255.0
 no shutdown
!",paloalto,0,synthetic_v4,non_compliant,medium
CIS-2.1,Security-relevant events must be logged to external syslog infrastructure,Verify CIS-2.1 compliance,"! Generated: 2024-01-21
!
hostname RTR-78-16
version 15.7
! logging host 210.97.98.181
interface GigabitEthernet0/2
 ip address 78.242.103.137 255.255.255.0
 no shutdown
!",paloalto,0,synthetic_v4,non_compliant,hard
CIS-2.1,Security-relevant events must be logged to external syslog infrastructure,Verify CIS-2.1 compliance,"! RTR-4-21 Configuration
!
hostname RTR-4-21
version 15.7
logging host 84.196.143.57
logging trap informational
interface GigabitEthernet0/1
 ip address 237.251.46.204 255.255.255.0
 no shutdown
!
interface GigabitEthernet1/1
 ip address 239.33.175.97 255.255.255.0
 no shutdown
!",paloalto,1,synthetic_v4,compliant,hard
CIS-2.1,Security-relevant events must be logged to external syslog infrastructure,Verify CIS-2.1 compliance,"! Generated: 2024-01-10
!
hostname RTR-96-48
version 15.7
logging host 165.36.209.227
logging trap informational",paloalto,1,synthetic_v4,compliant,easy
CIS-2.2,NTP servers must be configured for accurate timestamp recording,Verify CIS-2.2 compliance,"! RTR-56-6 Configuration
!
hostname RTR-56-6
version 15.7
ntp server 199.198.122.54
ntp server 156.38.78.146
interface GigabitEthernet0/0
 ip address 37.158.44.128 255.255.255.0
 no shutdown
!
interface GigabitEthernet0/3
 ip address 81.86.151.42 255.255.255.0
 no shutdown
!",cisco,1,synthetic_v4,compliant,easy
CIS-2.2,NTP Configuration Required,NTP servers must be configured for accurate timestamps.,ntp server 203.0.113.1,cisco,1,v1_curated,curated_training,easy
CIS-2.2,NTP servers must be configured for accurate timestamp recording,Verify CIS-2.2 compliance,"! Generated: 2024-01-23
!
hostname RTR-88-84
version 15.7
ntp server 42.174.229.202",cisco,1,synthetic_v4,compliant,hard
CIS-2.2,Time synchronization with trusted NTP infrastructure is required,Verify CIS-2.2 compliance,"! ===========================================================================
! R2 DNS client configuration  (router, c7200/IOSv)
! ComputingForGeeks CCNA 200-301 lab: dns-static
! https://computingforgeeks.com/ccna-labs-dns-server-configuration-on-gns3-and-packet-tracer/
!
! R2 resolves names through R1 and has a route to the server1 loopback so the
! resolved address is reachable.
! ===========================================================================
enable
configure terminal
hostname R2
interface GigabitEthernet0/0
 ip address 192.168.10.2 255.255.255.0
 no shutdown
 exit
ip name-server 192.168.10.1
ip domain-lookup
ip route 10.0.0.1 255.255.255.255 192.168.10.1
end
write memory

ntp server 133.233.76.156
interface GigabitEthernet0/2
 description DMZ Interface
 ip address 82.83.201.254 255.255.255.0
 no shutdown
!",cisco,1,real_derived_R2-dns-client.txt,mutated_from_R2-dns-client.txt_to_1,medium
CIS-2.2,NTP servers must be configured for accurate timestamp recording,Verify CIS-2.2 compliance,"! Generated: 2024-01-14
!
hostname RTR-64-55
version 15.7
ntp server 155.170.70.206
ntp server 236.125.196.108
interface GigabitEthernet0/3
 ip address 22.215.112.180 255.255.255.0
 no shutdown
!
interface GigabitEthernet0/1
 ip address 93.1.104.218 255.255.255.0
 no shutdown
!",cisco,1,synthetic_v4,compliant,easy
CIS-2.2,Network infrastructure must synchronize clock with approved time sources,Verify CIS-2.2 compliance,"! ===========================================================================
! R1 HSRP configuration  (router, c7200/IOSv)  -- ACTIVE (higher priority)
! ComputingForGeeks CCNA 200-301 lab: hsrp
! https://computingforgeeks.com/ccna-labs-hsrp-configuration-on-gns3-and-packet-tracer/
!
! Group 1, HSRP version 2, virtual IP 192.168.10.254.
! R1 has priority 110 + preempt, so it owns the active role and reclaims it
! after a recovery.
! ===========================================================================
enable
configure terminal
hostname R1
interface GigabitEthernet0/0
 ip address 192.168.10.1 255.255.255.0
 standby version 2
 standby 1 ip 192.168.10.254
 standby 1 priority 110
 standby 1 preempt
 no shutdown
 exit
end
write memory",cisco,0,real_derived_R1-hsrp.txt,mutated_from_R1-hsrp.txt_to_0,medium
CIS-2.2,Device clocks must be synchronized via configured NTP servers,Verify CIS-2.2 compliance,"! ===========================================================================
! SW1 base configuration  (Layer 2 switch, IOSvL2)
! ComputingForGeeks CCNA 200-301 lab: base-device
! https://computingforgeeks.com/cisco-device-base-configuration/
!
! Paste at the privileged-EXEC prompt. RSA key generation takes a few seconds.
! The management IP lives on the Vlan1 SVI (a switch has no routed Gi0/0 by default).
! ===========================================================================
enable
configure terminal
hostname SW1
enable secret Cisc0-Lab!
service password-encryption
ip domain-name lab.example.com
username admin privilege 15 secret Adm1n-Lab!
crypto key generate rsa modulus 2048
ip ssh version 2
interface GigabitEthernet0/0
 no shutdown
 exit
interface Vlan1
 ip address 192.168.10.2 255.255.255.0
 no shutdown
 exit
line vty 0 4
 login local
 transport input ssh
 exit
banner motd #Authorized access only. Activity is logged.#
end
write memory

ntp server 192.245.124.179
interface GigabitEthernet0/3
 description WAN Interface
 ip address 142.164.144.98 255.255.255.0
 no shutdown
!",cisco,1,real_derived_SW1-base-config.txt,mutated_from_SW1-base-config.txt_to_1,medium
CIS-2.2,NTP servers must be configured for accurate timestamp recording,Verify CIS-2.2 compliance,"! Generated: 2024-01-28
!
hostname RTR-71-49
version 15.7
! ntp server 121.63.179.248
interface GigabitEthernet1/3
 ip address 2.191.114.130 255.255.255.0
 no shutdown
!
interface GigabitEthernet1/2
 ip address 226.135.157.215 255.255.255.0
 no shutdown
!",cisco,0,synthetic_v4,non_compliant,medium
CIS-2.2,Network infrastructure must synchronize clock with approved time sources,Verify CIS-2.2 compliance,"! ===========================================================================
! ClientB dhcp-server-relay lab  (DHCP client, remote LAN, c7200 / IOS 15.2)
! ComputingForGeeks CCNA 200-301 lab: dhcp-server-relay
! https://computingforgeeks.com/cisco-dhcp-server-relay-configuration/
!
! A router used as an end host on R2's LAN (192.168.20.0/24). It has no local
! DHCP server; its request is relayed by R2 to the server at 10.0.0.1. The lease
! record names server 10.0.0.1, the proof the request crossed the relay.
! ===========================================================================
enable
configure terminal
hostname ClientB
interface GigabitEthernet0/0
 ip address dhcp
 no shutdown
 exit
end
write memory

ntp server 66.22.223.1
interface GigabitEthernet0/2
 description LAN Interface
 ip address 18.169.160.170 255.255.255.0
 no shutdown
!",cisco,1,real_derived_ClientB-config.txt,mutated_from_ClientB-config.txt_to_1,medium
CIS-2.2,NTP servers must be configured for accurate timestamp recording,Verify CIS-2.2 compliance,"! Generated: 2024-01-13
!
hostname RTR-38-49
version 15.7
ntp server 219.37.114.100
ntp server 172.47.178.120
interface GigabitEthernet0/0
 ip address 47.55.203.197 255.255.255.0
 no shutdown
!
interface GigabitEthernet1/1
 ip address 103.168.33.82 255.255.255.0
 no shutdown
!",cisco,1,synthetic_v4,compliant,medium
CIS-2.2,NTP servers must be configured for accurate timestamp recording,Verify CIS-2.2 compliance,"! RTR-11-39 Configuration
!
hostname RTR-11-39
version 15.7
! ntp server 116.214.109.172
interface GigabitEthernet0/0
 ip address 230.219.175.247 255.255.255.0
 no shutdown
!",cisco,0,synthetic_v4,non_compliant,medium
CIS-2.2,Time synchronization with trusted NTP infrastructure is required,Verify CIS-2.2 compliance,"! ===========================================================================
! R2 DNS client configuration  (router, c7200/IOSv)
! ComputingForGeeks CCNA 200-301 lab: dns-static
! https://computingforgeeks.com/ccna-labs-dns-server-configuration-on-gns3-and-packet-tracer/
!
! R2 resolves names through R1 and has a route to the server1 loopback so the
! resolved address is reachable.
! ===========================================================================
enable
configure terminal
hostname R2
interface GigabitEthernet0/0
 ip address 192.168.10.2 255.255.255.0
 no shutdown
 exit
ip name-server 192.168.10.1
ip domain-lookup
ip route 10.0.0.1 255.255.255.255 192.168.10.1
end
write memory

interface GigabitEthernet1/0
 description WAN Interface
 ip address 250.49.201.96 255.255.255.0
 no shutdown
!",cisco,0,real_derived_R2-dns-client.txt,mutated_from_R2-dns-client.txt_to_0,medium
CIS-2.2,Device clocks must be synchronized via configured NTP servers,Verify CIS-2.2 compliance,"! ===========================================================================
! ClientB dhcp-server-relay lab  (DHCP client, remote LAN, c7200 / IOS 15.2)
! ComputingForGeeks CCNA 200-301 lab: dhcp-server-relay
! https://computingforgeeks.com/cisco-dhcp-server-relay-configuration/
!
! A router used as an end host on R2's LAN (192.168.20.0/24). It has no local
! DHCP server; its request is relayed by R2 to the server at 10.0.0.1. The lease
! record names server 10.0.0.1, the proof the request crossed the relay.
! ===========================================================================
enable
configure terminal
hostname ClientB
interface GigabitEthernet0/0
 ip address dhcp
 no shutdown
 exit
end
write memory

ntp server 185.153.158.171",cisco,1,real_derived_ClientB-config.txt,mutated_from_ClientB-config.txt_to_1,medium
CIS-2.2,Device clocks must be synchronized via configured NTP servers,Verify CIS-2.2 compliance,"! ===========================================================================
! R1 HSRP configuration  (router, c7200/IOSv)  -- ACTIVE (higher priority)
! ComputingForGeeks CCNA 200-301 lab: hsrp
! https://computingforgeeks.com/ccna-labs-hsrp-configuration-on-gns3-and-packet-tracer/
!
! Group 1, HSRP version 2, virtual IP 192.168.10.254.
! R1 has priority 110 + preempt, so it owns the active role and reclaims it
! after a recovery.
! ===========================================================================
enable
configure terminal
hostname R1
interface GigabitEthernet0/0
 ip address 192.168.10.1 255.255.255.0
 standby version 2
 standby 1 ip 192.168.10.254
 standby 1 priority 110
 standby 1 preempt
 no shutdown
 exit
end
write memory

ntp server 193.97.146.92
interface GigabitEthernet0/2
 description LAN Interface
 ip address 32.188.223.228 255.255.255.0
 no shutdown
!",cisco,1,real_derived_R1-hsrp.txt,mutated_from_R1-hsrp.txt_to_1,medium
CIS-2.2,Time synchronization with trusted NTP infrastructure is required,Verify CIS-2.2 compliance,"! ===========================================================================
! SW1 base configuration  (Layer 2 switch, IOSvL2)
! ComputingForGeeks CCNA 200-301 lab: base-device
! https://computingforgeeks.com/cisco-device-base-configuration/
!
! Paste at the privileged-EXEC prompt. RSA key generation takes a few seconds.
! The management IP lives on the Vlan1 SVI (a switch has no routed Gi0/0 by default).
! ===========================================================================
enable
configure terminal
hostname SW1
enable secret Cisc0-Lab!
service password-encryption
ip domain-name lab.example.com
username admin privilege 15 secret Adm1n-Lab!
crypto key generate rsa modulus 2048
ip ssh version 2
interface GigabitEthernet0/0
 no shutdown
 exit
interface Vlan1
 ip address 192.168.10.2 255.255.255.0
 no shutdown
 exit
line vty 0 4
 login local
 transport input ssh
 exit
banner motd #Authorized access only. Activity is logged.#
end
write memory",cisco,0,real_derived_SW1-base-config.txt,mutated_from_SW1-base-config.txt_to_0,medium
CIS-2.2,Time synchronization with trusted NTP infrastructure is required,Verify CIS-2.2 compliance,"! ===========================================================================
! R2 ipv6-static-routing lab  (router, c7200 / IOS 15.2)
! ComputingForGeeks CCNA 200-301 lab: ipv6-static-routing
! https://computingforgeeks.com/cisco-ipv6-static-routes-configuration/
!
! Two links to R1: primary 2001:DB8:12::/64 (Gi0/0), backup 2001:DB8:13::/64
! (Gi1/0). R2 reaches R1's network 2001:DB8:1::/64 via a fully-specified
! link-local primary static (AD 1) and a floating static (AD 200), so the return
! path also fails over when the primary link is shut. Run the matching R1 file.
! ===========================================================================
enable
configure terminal
hostname R2
ipv6 unicast-routing
interface Loopback1
 ipv6 address 2001:DB8:2::1/64
 exit
interface GigabitEthernet0/0
 ipv6 address 2001:DB8:12::2/64
 ipv6 address FE80::2 link-local
 no shutdown
 exit
interface GigabitEthernet1/0
 ipv6 address 2001:DB8:13::2/64
 ipv6 address FE80::20 link-local
 no shutdown
 exit
ipv6 route 2001:DB8:1::/64 GigabitEthernet0/0 FE80::1
ipv6 route 2001:DB8:1::/64 GigabitEthernet1/0 FE80::10 200
end
write memory

ntp server 33.93.66.111
interface GigabitEthernet0/0
 description DMZ Interface
 ip address 40.155.84.42 255.255.255.0
 no shutdown
!",cisco,1,real_derived_R2-config.txt,mutated_from_R2-config.txt_to_1,medium
CIS-2.2,NTP servers must be configured for accurate timestamp recording,Verify CIS-2.2 compliance,"! ===========================================================================
! R1 ipv6-static-routing lab  (router, c7200 / IOS 15.2)
! ComputingForGeeks CCNA 200-301 lab: ipv6-static-routing
! https://computingforgeeks.com/cisco-ipv6-static-routes-configuration/
!
! Two links to R2: primary 2001:DB8:12::/64 (Gi0/0), backup 2001:DB8:13::/64
! (Gi1/0). R1 reaches R2's network 2001:DB8:2::/64 via a fully-specified
! link-local primary static (AD 1) and a floating static (AD 200) over the
! backup, plus a ::/0 default route. Run the matching R2 file on the other router.
!
! Failover demo: shut Gi0/0 on BOTH routers, then re-run
! ""show ipv6 route 2001:DB8:2::/64"" and ping 2001:DB8:2::1 to watch the floating
! route ([200]) take over the backup link.
! ===========================================================================
enable
configure terminal
hostname R1
ipv6 unicast-routing
interface Loopback1
 ipv6 address 2001:DB8:1::1/64
 exit
interface GigabitEthernet0/0
 ipv6 address 2001:DB8:12::1/64
 ipv6 address FE80::1 link-local
 no shutdown
 exit
interface GigabitEthernet1/0
 ipv6 address 2001:DB8:13::1/64
 ipv6 address FE80::10 link-local
 no shutdown
 exit
ipv6 route 2001:DB8:2::/64 GigabitEthernet0/0 FE80::2
ipv6 route 2001:DB8:2::/64 GigabitEthernet1/0 FE80::20 200
ipv6 route ::/0 2001:DB8:12::2
end
write memory

interface GigabitEthernet0/2
 description DMZ Interface
 ip address 80.180.53.148 255.255.255.0
 no shutdown
!",cisco,0,real_derived_R1-config.txt,mutated_from_R1-config.txt_to_0,medium
CIS-2.2,NTP servers must be configured for accurate timestamp recording,Verify CIS-2.2 compliance,"! RTR-77-42 Configuration
!
hostname RTR-77-42
version 15.7
! ntp server 61.10.145.5
interface GigabitEthernet1/2
 ip address 34.206.18.230 255.255.255.0
 no shutdown
!",cisco,0,synthetic_v4,non_compliant,hard
CIS-2.2,Device clocks must be synchronized via configured NTP servers,Verify CIS-2.2 compliance,"! ===========================================================================
! ClientA dhcp-server-relay lab  (DHCP client, local LAN, c7200 / IOS 15.2)
! ComputingForGeeks CCNA 200-301 lab: dhcp-server-relay
! https://computingforgeeks.com/cisco-dhcp-server-relay-configuration/
!
! A router used as an end host on R1's own LAN. It leases directly from the
! local server (192.168.10.1). Verify with: show ip interface brief / show dhcp lease.
! ===========================================================================
enable
configure terminal
hostname ClientA
interface GigabitEthernet0/0
 ip address dhcp
 no shutdown
 exit
end
write memory

interface GigabitEthernet0/3
 description WAN Interface
 ip address 253.199.135.238 255.255.255.0
 no shutdown
!",cisco,0,real_derived_ClientA-config.txt,mutated_from_ClientA-config.txt_to_0,medium
CIS-2.2,NTP servers must be configured for accurate timestamp recording,Verify CIS-2.2 compliance,"! ===========================================================================
! R1 DNS host configuration  (router, c7200/IOSv)
! ComputingForGeeks CCNA 200-301 lab: dns-static
! https://computingforgeeks.com/ccna-labs-dns-server-configuration-on-gns3-and-packet-tracer/
!
! R1 holds the static name-to-IP records. server1 resolves to a loopback so the
! mapping is testable end to end.
! ===========================================================================
enable
configure terminal
hostname R1
interface GigabitEthernet0/0
 ip address 192.168.10.1 255.255.255.0
 no shutdown
 exit
interface Loopback0
 ip address 10.0.0.1 255.255.255.255
 exit
ip host server1.lab.example.com 10.0.0.1
ip host gw.lab.example.com 192.168.10.1
!
! Full router-as-resolver (answering DNS queries from clients) needs:
!   ip dns server
! That command exists only on ISR / IOSv / IOS-XE. On a c7200 (dynamips) it
! returns ""% Invalid input detected at '^' marker."" See the article for detail.
!
end
write memory

interface GigabitEthernet0/1
 description WAN Interface
 ip address 64.224.224.135 255.255.255.0
 no shutdown
!",cisco,0,real_derived_R1-dns.txt,mutated_from_R1-dns.txt_to_0,medium
CIS-2.2,NTP servers must be configured for accurate timestamp recording,Verify CIS-2.2 compliance,"! Generated: 2024-01-15
!
hostname RTR-93-63
version 15.7
! ntp server 109.139.163.160",cisco,0,synthetic_v4,non_compliant,medium
CIS-2.2,NTP servers must be configured for accurate timestamp recording,Verify CIS-2.2 compliance,"! Generated: 2024-01-14
!
hostname RTR-81-10
version 15.7
! ntp server 97.160.230.207",cisco,0,synthetic_v4,non_compliant,medium
CIS-2.2,NTP servers must be configured for accurate timestamp recording,Verify CIS-2.2 compliance,"! SW1 - Layer 3 switch doing inter-VLAN routing with SVIs.
! ip routing is OFF by default on a multilayer switch; this is the key step.
enable
configure terminal
hostname SW1
!
ip routing
!
vlan 10
 name SALES
vlan 20
 name ENGINEERING
!
! SVIs = the per-VLAN gateways (routed inside the switch)
interface Vlan10
 ip address 10.10.10.1 255.255.255.0
 no shutdown
!
interface Vlan20
 ip address 10.20.20.1 255.255.255.0
 no shutdown
!
! Host access ports
interface GigabitEthernet0/1
 switchport mode access
 switchport access vlan 10
!
interface GigabitEthernet0/2
 switchport mode access
 switchport access vlan 20
end
write memory",cisco,0,real_derived_SW1-config.txt,mutated_from_SW1-config.txt_to_0,medium
CIS-2.2,NTP servers must be configured for accurate timestamp recording,Verify CIS-2.2 compliance,"! Generated: 2024-01-17
!
hostname RTR-83-52
version 15.7
ntp server 36.6.51.97",cisco,1,synthetic_v4,compliant,easy
CIS-2.2,Device clocks must be synchronized via configured NTP servers,Verify CIS-2.2 compliance,"! ===========================================================================
! R1 base configuration  (router, c7200/IOSv)
! ComputingForGeeks CCNA 200-301 lab: base-device
! https://computingforgeeks.com/cisco-device-base-configuration/
!
! Paste at the privileged-EXEC prompt. RSA key generation takes a few seconds;
! on real gear, let it finish before the rest is applied.
! ===========================================================================
enable
configure terminal
hostname R1
enable secret Cisc0-Lab!
service password-encryption
ip domain-name lab.example.com
username admin privilege 15 secret Adm1n-Lab!
crypto key generate rsa modulus 2048
ip ssh version 2
interface GigabitEthernet0/0
 ip address 192.168.10.1 255.255.255.0
 no shutdown
 exit
line console 0
 password Con-Lab!
 login
 exit
line vty 0 4
 login local
 transport input ssh
 exit
banner motd #Authorized access only. Activity is logged.#
end
write memory

interface GigabitEthernet0/3
 description LAN Interface
 ip address 95.214.79.227 255.255.255.0
 no shutdown
!",cisco,0,real_derived_R1-base-config.txt,mutated_from_R1-base-config.txt_to_0,medium
CIS-2.2,NTP servers must be configured for accurate timestamp recording,Verify CIS-2.2 compliance,"! RTR-56-2 Configuration
!
hostname RTR-56-2
version 15.7
! ntp server 152.78.14.159
interface GigabitEthernet1/0
 ip address 191.66.232.163 255.255.255.0
 no shutdown
!",cisco,0,synthetic_v4,non_compliant,hard
CIS-2.2,NTP servers must be configured for accurate timestamp recording,Verify CIS-2.2 compliance,"! Generated: 2024-01-18
!
hostname RTR-6-17
version 15.7
ntp server 183.129.177.230
interface GigabitEthernet1/0
 ip address 124.214.11.43 255.255.255.0
 no shutdown
!",cisco,1,synthetic_v4,compliant,hard
CIS-2.2,Time synchronization with trusted NTP infrastructure is required,Verify CIS-2.2 compliance,"! ===========================================================================
! Host1 nat-pat lab  (inside host on 192.168.10.0/24, translated by PAT)
! ComputingForGeeks CCNA 200-301 lab: nat-pat
! https://computingforgeeks.com/cisco-nat-pat-configuration/
!
! A router used as an end host. It sits on the PAT LAN, so its traffic to the
! outside is overloaded onto the PUBLIC pool address with a translated port.
! ===========================================================================
enable
configure terminal
hostname Host1
interface GigabitEthernet0/0
 ip address 192.168.10.10 255.255.255.0
 no shutdown
 exit
ip route 0.0.0.0 0.0.0.0 192.168.10.1
end
write memory",cisco,0,real_derived_Host1-config.txt,mutated_from_Host1-config.txt_to_0,medium
CIS-2.2,NTP servers must be configured for accurate timestamp recording,Verify CIS-2.2 compliance,"! RTR-36-90 Configuration
!
hostname RTR-36-90
version 15.7
ntp server 75.23.31.204
ntp server 49.203.253.176
interface GigabitEthernet0/3
 ip address 193.196.199.103 255.255.255.0
 no shutdown
!",cisco,1,synthetic_v4,compliant,hard
CIS-2.2,Network infrastructure must synchronize clock with approved time sources,Verify CIS-2.2 compliance,"! Host10 - end device in VLAN 10 (a router acting as a host in the lab).
! On a real PC this is just IP 10.10.10.10/24, gateway 10.10.10.1 (the Vlan10 SVI).
enable
configure terminal
hostname Host10
!
interface GigabitEthernet0/0
 ip address 10.10.10.10 255.255.255.0
 no shutdown
!
ip route 0.0.0.0 0.0.0.0 10.10.10.1
end
write memory",cisco,0,real_derived_Host10-config.txt,mutated_from_Host10-config.txt_to_0,medium
CIS-2.2,Device clocks must be synchronized via configured NTP servers,Verify CIS-2.2 compliance,"! ===========================================================================
! R2 DNS client configuration  (router, c7200/IOSv)
! ComputingForGeeks CCNA 200-301 lab: dns-static
! https://computingforgeeks.com/ccna-labs-dns-server-configuration-on-gns3-and-packet-tracer/
!
! R2 resolves names through R1 and has a route to the server1 loopback so the
! resolved address is reachable.
! ===========================================================================
enable
configure terminal
hostname R2
interface GigabitEthernet0/0
 ip address 192.168.10.2 255.255.255.0
 no shutdown
 exit
ip name-server 192.168.10.1
ip domain-lookup
ip route 10.0.0.1 255.255.255.255 192.168.10.1
end
write memory

ntp server 143.187.73.51
interface GigabitEthernet1/0
 description WAN Interface
 ip address 10.70.170.206 255.255.255.0
 no shutdown
!",cisco,1,real_derived_R2-dns-client.txt,mutated_from_R2-dns-client.txt_to_1,medium
CIS-2.2,NTP servers must be configured for accurate timestamp recording,Verify CIS-2.2 compliance,"! Generated: 2024-01-24
!
hostname RTR-78-63
version 15.7
ntp server 122.58.142.117",cisco,1,synthetic_v4,compliant,medium
CIS-2.2,Device clocks must be synchronized via configured NTP servers,Verify CIS-2.2 compliance,"! ===========================================================================
! R2 ipv6-static-routing lab  (router, c7200 / IOS 15.2)
! ComputingForGeeks CCNA 200-301 lab: ipv6-static-routing
! https://computingforgeeks.com/cisco-ipv6-static-routes-configuration/
!
! Two links to R1: primary 2001:DB8:12::/64 (Gi0/0), backup 2001:DB8:13::/64
! (Gi1/0). R2 reaches R1's network 2001:DB8:1::/64 via a fully-specified
! link-local primary static (AD 1) and a floating static (AD 200), so the return
! path also fails over when the primary link is shut. Run the matching R1 file.
! ===========================================================================
enable
configure terminal
hostname R2
ipv6 unicast-routing
interface Loopback1
 ipv6 address 2001:DB8:2::1/64
 exit
interface GigabitEthernet0/0
 ipv6 address 2001:DB8:12::2/64
 ipv6 address FE80::2 link-local
 no shutdown
 exit
interface GigabitEthernet1/0
 ipv6 address 2001:DB8:13::2/64
 ipv6 address FE80::20 link-local
 no shutdown
 exit
ipv6 route 2001:DB8:1::/64 GigabitEthernet0/0 FE80::1
ipv6 route 2001:DB8:1::/64 GigabitEthernet1/0 FE80::10 200
end
write memory

ntp server 120.66.44.17",cisco,1,real_derived_R2-config.txt,mutated_from_R2-config.txt_to_1,medium
CIS-2.2,NTP servers must be configured for accurate timestamp recording,Verify CIS-2.2 compliance,"! Generated: 2024-01-15
!
hostname RTR-62-12
version 15.7
ntp server 48.90.96.146
interface GigabitEthernet0/2
 ip address 42.90.201.176 255.255.255.0
 no shutdown
!
interface GigabitEthernet0/0
 ip address 37.36.218.63 255.255.255.0
 no shutdown
!",cisco,1,synthetic_v4,compliant,medium
CIS-2.2,Device clocks must be synchronized via configured NTP servers,Verify CIS-2.2 compliance,"! Host20 - end device in VLAN 20 (a router acting as a host in the lab).
! On a real PC this is just IP 10.20.20.20/24, gateway 10.20.20.1 (the Vlan20 SVI).
enable
configure terminal
hostname Host20
!
interface GigabitEthernet0/0
 ip address 10.20.20.20 255.255.255.0
 no shutdown
!
ip route 0.0.0.0 0.0.0.0 10.20.20.1
end
write memory

interface GigabitEthernet0/3
 description DMZ Interface
 ip address 75.139.212.214 255.255.255.0
 no shutdown
!",cisco,0,real_derived_Host20-config.txt,mutated_from_Host20-config.txt_to_0,medium
CIS-2.2,Device clocks must be synchronized via configured NTP servers,Verify CIS-2.2 compliance,"! ===========================================================================
! R1 DNS host configuration  (router, c7200/IOSv)
! ComputingForGeeks CCNA 200-301 lab: dns-static
! https://computingforgeeks.com/ccna-labs-dns-server-configuration-on-gns3-and-packet-tracer/
!
! R1 holds the static name-to-IP records. server1 resolves to a loopback so the
! mapping is testable end to end.
! ===========================================================================
enable
configure terminal
hostname R1
interface GigabitEthernet0/0
 ip address 192.168.10.1 255.255.255.0
 no shutdown
 exit
interface Loopback0
 ip address 10.0.0.1 255.255.255.255
 exit
ip host server1.lab.example.com 10.0.0.1
ip host gw.lab.example.com 192.168.10.1
!
! Full router-as-resolver (answering DNS queries from clients) needs:
!   ip dns server
! That command exists only on ISR / IOSv / IOS-XE. On a c7200 (dynamips) it
! returns ""% Invalid input detected at '^' marker."" See the article for detail.
!
end
write memory

ntp server 174.26.171.17",cisco,1,real_derived_R1-dns.txt,mutated_from_R1-dns.txt_to_1,medium
CIS-2.2,Time synchronization with trusted NTP infrastructure is required,Verify CIS-2.2 compliance,"! ===========================================================================
! R2 DNS client configuration  (router, c7200/IOSv)
! ComputingForGeeks CCNA 200-301 lab: dns-static
! https://computingforgeeks.com/ccna-labs-dns-server-configuration-on-gns3-and-packet-tracer/
!
! R2 resolves names through R1 and has a route to the server1 loopback so the
! resolved address is reachable.
! ===========================================================================
enable
configure terminal
hostname R2
interface GigabitEthernet0/0
 ip address 192.168.10.2 255.255.255.0
 no shutdown
 exit
ip name-server 192.168.10.1
ip domain-lookup
ip route 10.0.0.1 255.255.255.255 192.168.10.1
end
write memory

interface GigabitEthernet1/2
 description WAN Interface
 ip address 103.26.99.93 255.255.255.0
 no shutdown
!",cisco,0,real_derived_R2-dns-client.txt,mutated_from_R2-dns-client.txt_to_0,medium
CIS-2.2,NTP servers must be configured for accurate timestamp recording,Verify CIS-2.2 compliance,"! Host10 - end device in VLAN 10 (a router acting as a host in the lab).
! On a real PC this is just IP 10.10.10.10/24, gateway 10.10.10.1 (the Vlan10 SVI).
enable
configure terminal
hostname Host10
!
interface GigabitEthernet0/0
 ip address 10.10.10.10 255.255.255.0
 no shutdown
!
ip route 0.0.0.0 0.0.0.0 10.10.10.1
end
write memory",cisco,0,real_derived_Host10-config.txt,mutated_from_Host10-config.txt_to_0,medium
CIS-2.2,NTP servers must be configured for accurate timestamp recording,Verify CIS-2.2 compliance,"! Generated: 2024-01-06
!
hostname RTR-35-27
version 15.7
ntp server 147.111.4.226
ntp server 132.233.132.78
interface GigabitEthernet1/0
 ip address 44.114.23.137 255.255.255.0
 no shutdown
!
interface GigabitEthernet0/2
 ip address 11.75.142.238 255.255.255.0
 no shutdown
!",cisco,1,synthetic_v4,compliant,easy
CIS-2.2,NTP servers must be configured for accurate timestamp recording,Verify CIS-2.2 compliance,"! RTR-5-78 Configuration
!
hostname RTR-5-78
version 15.7
ntp server 129.82.5.102
ntp server 175.232.132.236
interface GigabitEthernet0/3
 ip address 239.80.139.250 255.255.255.0
 no shutdown
!
interface GigabitEthernet0/3
 ip address 251.64.108.103 255.255.255.0
 no shutdown
!",cisco,1,synthetic_v4,compliant,hard
CIS-2.2,NTP servers must be configured for accurate timestamp recording,Verify CIS-2.2 compliance,"! RTR-2-23 Configuration
!
hostname RTR-2-23
version 15.7
! ntp server 162.16.60.250
interface GigabitEthernet1/0
 ip address 41.130.62.50 255.255.255.0
 no shutdown
!
interface GigabitEthernet0/0
 ip address 133.78.110.222 255.255.255.0
 no shutdown
!",cisco,0,synthetic_v4,non_compliant,medium
CIS-2.2,Device clocks must be synchronized via configured NTP servers,Verify CIS-2.2 compliance,"! Host10 - end device in VLAN 10 (a router acting as a host in the lab).
! On a real PC this is just IP 10.10.10.10/24, gateway 10.10.10.1 (the Vlan10 SVI).
enable
configure terminal
hostname Host10
!
interface GigabitEthernet0/0
 ip address 10.10.10.10 255.255.255.0
 no shutdown
!
ip route 0.0.0.0 0.0.0.0 10.10.10.1
end
write memory

ntp server 39.76.155.22
interface GigabitEthernet0/3
 description DMZ Interface
 ip address 153.115.194.116 255.255.255.0
 no shutdown
!",cisco,1,real_derived_Host10-config.txt,mutated_from_Host10-config.txt_to_1,medium
CIS-2.2,Network infrastructure must synchronize clock with approved time sources,Verify CIS-2.2 compliance,"! ===========================================================================
! R1 base configuration  (router, c7200/IOSv)
! ComputingForGeeks CCNA 200-301 lab: base-device
! https://computingforgeeks.com/cisco-device-base-configuration/
!
! Paste at the privileged-EXEC prompt. RSA key generation takes a few seconds;
! on real gear, let it finish before the rest is applied.
! ===========================================================================
enable
configure terminal
hostname R1
enable secret Cisc0-Lab!
service password-encryption
ip domain-name lab.example.com
username admin privilege 15 secret Adm1n-Lab!
crypto key generate rsa modulus 2048
ip ssh version 2
interface GigabitEthernet0/0
 ip address 192.168.10.1 255.255.255.0
 no shutdown
 exit
line console 0
 password Con-Lab!
 login
 exit
line vty 0 4
 login local
 transport input ssh
 exit
banner motd #Authorized access only. Activity is logged.#
end
write memory

ntp server 243.232.46.170",cisco,1,real_derived_R1-base-config.txt,mutated_from_R1-base-config.txt_to_1,medium
CIS-2.2,Device clocks must be synchronized via configured NTP servers,Verify CIS-2.2 compliance,"! Host20 - end device in VLAN 20 (a router acting as a host in the lab).
! On a real PC this is just IP 10.20.20.20/24, gateway 10.20.20.1 (the Vlan20 SVI).
enable
configure terminal
hostname Host20
!
interface GigabitEthernet0/0
 ip address 10.20.20.20 255.255.255.0
 no shutdown
!
ip route 0.0.0.0 0.0.0.0 10.20.20.1
end
write memory

ntp server 117.164.96.252
interface GigabitEthernet1/1
 description LAN Interface
 ip address 12.162.242.181 255.255.255.0
 no shutdown
!",cisco,1,real_derived_Host20-config.txt,mutated_from_Host20-config.txt_to_1,medium
CIS-2.2,Time synchronization with trusted NTP infrastructure is required,Verify CIS-2.2 compliance,"! ===========================================================================
! SW2 LACP EtherChannel  (Layer 2 switch, IOSvL2)
! ComputingForGeeks CCNA 200-301 lab: etherchannel-lacp
! https://computingforgeeks.com/cisco-etherchannel-configuration/
!
! Paste at the privileged-EXEC prompt. Two links (Gi0/0, Gi0/1) bundle into
! Port-channel 1 with LACP active. Run the matching SW1 file on the other switch;
! both ends must be active (or one active, one passive).
! ===========================================================================
enable
configure terminal
hostname SW2
interface range GigabitEthernet0/0 - 1
 channel-group 1 mode active
 exit
end
write memory",cisco,0,real_derived_SW2-config.txt,mutated_from_SW2-config.txt_to_0,medium
CIS-2.2,Device clocks must be synchronized via configured NTP servers,Verify CIS-2.2 compliance,"! ===========================================================================
! R1 ipv6-static-routing lab  (router, c7200 / IOS 15.2)
! ComputingForGeeks CCNA 200-301 lab: ipv6-static-routing
! https://computingforgeeks.com/cisco-ipv6-static-routes-configuration/
!
! Two links to R2: primary 2001:DB8:12::/64 (Gi0/0), backup 2001:DB8:13::/64
! (Gi1/0). R1 reaches R2's network 2001:DB8:2::/64 via a fully-specified
! link-local primary static (AD 1) and a floating static (AD 200) over the
! backup, plus a ::/0 default route. Run the matching R2 file on the other router.
!
! Failover demo: shut Gi0/0 on BOTH routers, then re-run
! ""show ipv6 route 2001:DB8:2::/64"" and ping 2001:DB8:2::1 to watch the floating
! route ([200]) take over the backup link.
! ===========================================================================
enable
configure terminal
hostname R1
ipv6 unicast-routing
interface Loopback1
 ipv6 address 2001:DB8:1::1/64
 exit
interface GigabitEthernet0/0
 ipv6 address 2001:DB8:12::1/64
 ipv6 address FE80::1 link-local
 no shutdown
 exit
interface GigabitEthernet1/0
 ipv6 address 2001:DB8:13::1/64
 ipv6 address FE80::10 link-local
 no shutdown
 exit
ipv6 route 2001:DB8:2::/64 GigabitEthernet0/0 FE80::2
ipv6 route 2001:DB8:2::/64 GigabitEthernet1/0 FE80::20 200
ipv6 route ::/0 2001:DB8:12::2
end
write memory",cisco,0,real_derived_R1-config.txt,mutated_from_R1-config.txt_to_0,medium
CIS-2.2,NTP servers must be configured for accurate timestamp recording,Verify CIS-2.2 compliance,"! Generated: 2024-01-18
!
hostname RTR-59-55
version 15.7
! ntp server 153.83.223.98",cisco,0,synthetic_v4,non_compliant,hard
CIS-2.2,NTP servers must be configured for accurate timestamp recording,Verify CIS-2.2 compliance,"! Generated: 2024-01-27
!
hostname RTR-8-29
version 15.7
ntp server 191.39.239.123
interface GigabitEthernet0/0
 ip address 206.190.217.50 255.255.255.0
 no shutdown
!
interface GigabitEthernet1/0
 ip address 27.39.185.155 255.255.255.0
 no shutdown
!",cisco,1,synthetic_v4,compliant,medium
CIS-2.2,NTP servers must be configured for accurate timestamp recording,Verify CIS-2.2 compliance,"! ===========================================================================
! SW2 LACP EtherChannel  (Layer 2 switch, IOSvL2)
! ComputingForGeeks CCNA 200-301 lab: etherchannel-lacp
! https://computingforgeeks.com/cisco-etherchannel-configuration/
!
! Paste at the privileged-EXEC prompt. Two links (Gi0/0, Gi0/1) bundle into
! Port-channel 1 with LACP active. Run the matching SW1 file on the other switch;
! both ends must be active (or one active, one passive).
! ===========================================================================
enable
configure terminal
hostname SW2
interface range GigabitEthernet0/0 - 1
 channel-group 1 mode active
 exit
end
write memory

ntp server 169.181.85.166
interface GigabitEthernet1/2
 description LAN Interface
 ip address 28.5.50.67 255.255.255.0
 no shutdown
!",cisco,1,real_derived_SW2-config.txt,mutated_from_SW2-config.txt_to_1,medium
CIS-2.2,Network infrastructure must synchronize clock with approved time sources,Verify CIS-2.2 compliance,"! ===========================================================================
! SW1 base configuration  (Layer 2 switch, IOSvL2)
! ComputingForGeeks CCNA 200-301 lab: base-device
! https://computingforgeeks.com/cisco-device-base-configuration/
!
! Paste at the privileged-EXEC prompt. RSA key generation takes a few seconds.
! The management IP lives on the Vlan1 SVI (a switch has no routed Gi0/0 by default).
! ===========================================================================
enable
configure terminal
hostname SW1
enable secret Cisc0-Lab!
service password-encryption
ip domain-name lab.example.com
username admin privilege 15 secret Adm1n-Lab!
crypto key generate rsa modulus 2048
ip ssh version 2
interface GigabitEthernet0/0
 no shutdown
 exit
interface Vlan1
 ip address 192.168.10.2 255.255.255.0
 no shutdown
 exit
line vty 0 4
 login local
 transport input ssh
 exit
banner motd #Authorized access only. Activity is logged.#
end
write memory

ntp server 78.7.108.240",cisco,1,real_derived_SW1-base-config.txt,mutated_from_SW1-base-config.txt_to_1,medium
CIS-2.2,Device clocks must be synchronized via configured NTP servers,Verify CIS-2.2 compliance,"# -*- restclient -*-

# Settings
:node = asr-101
:addr = 50.196.141.39
:deviceusername = <username>
:devicepassword = <password>
:host = http://localhost:8181
:basic-auth := (format ""Basic %s"" (base64-encode-string (format ""%s:%s"" ""admin"" ""admin"")))

# Create ASR 101
POST :host/restconf/config/network-topology:network-topology/topology/topology-netconf/node/controller-config/yang-ext:mount/config:modules
Authorization: :basic-auth
Content-Type: application/xml
<module xmlns=""urn:opendaylight:params:xml:ns:yang:controller:config"">
   <type xmlns:prefix=""urn:opendaylight:params:xml:ns:yang:controller:md:sal:connector:netconf"">prefix:sal-netconf-connector</type>
   <name>:node
   </name>
   <address xmlns=""urn:opendaylight:params:xml:ns:yang:controller:md:sal:connector:netconf"">:addr
   </address>
   <port xmlns=""urn:opendaylight:params:xml:ns:yang:controller:md:sal:connector:netconf"">830</port>
   <username xmlns=""urn:opendaylight:params:xml:ns:yang:controller:md:sal:connector:netconf"">:deviceusername</username>
   <password xmlns=""urn:opendaylight:params:xml:ns:yang:controller:md:sal:connector:netconf"">:devicepassword</password>
   <tcp-only xmlns=""urn:opendaylight:params:xml:ns:yang:controller:md:sal:connector:netconf"">false</tcp-only>
   <event-executor xmlns=""urn:opendaylight:params:xml:ns:yang:controller:md:sal:connector:netconf"">
     <type xmlns:prefix=""urn:opendaylight:params:xml:ns:yang:controller:netty"">prefix:netty-event-executor</type>
     <name>global-event-executor</name>
   </event-executor>
   <binding-registry xmlns=""urn:opendaylight:params:xml:ns:yang:controller:md:sal:connector:netconf"">
     <type xmlns:prefix=""urn:opendaylight:params:xml:ns:yang:controller:md:sal:binding"">prefix:binding-broker-osgi-registry</type>
     <name>binding-osgi-broker</name>
   </binding-registry>
   <dom-registry xmlns=""urn:opendaylight:params:xml:ns:yang:controller:md:sal:connector:netconf"">
     <type xmlns:prefix=""urn:opendaylight:params:xml:ns:yang:controller:md:sal:dom"">prefix:dom-broker-osgi-registry</type>
     <name>dom-broker</name>
   </dom-registry>
   <client-dispatcher xmlns=""urn:opendaylight:params:xml:ns:yang:controller:md:sal:connector:netconf"">
     <type xmlns:prefix=""urn:opendaylight:params:xml:ns:yang:controller:config:netconf"">prefix:netconf-client-dispatcher</type>
     <name>global-netconf-dispatcher</name>
   </client-dispatcher>
   <processing-executor xmlns=""urn:opendaylight:params:xml:ns:yang:controller:md:sal:connector:netconf"">
     <type xmlns:prefix=""urn:opendaylight:params:xml:ns:yang:controller:threadpool"">prefix:threadpool</type>
     <name>global-netconf-processing-executor</name>
   </processing-executor>
 </module>

# Get node operational status
GET :host/restconf/operational/network-topology:network-topology/topology/topology-netconf/node/:node/
Authorization: :basic-auth

# Get interface configuration
GET :host/restconf/operational/network-topology:network-topology/topology/topology-netconf/node/:node/yang-ext:mount/Cisco-IOS-XR-ifmgr-cfg:interface-configurations/
Authorization: :basic-auth
Accept: application/xml

# Get operational l2vpn xconnect groups
GET :host/restconf/operational/network-topology:network-topology/topology/topology-netconf/node/:node/yang-ext:mount/Cisco-IOS-XR-l2vpn-cfg:l2vpn/database/xconnect-groups/xconnect-group/local
Authorization: :basic-auth
Accept: application/xml

# Show
GET :host/restconf/config/network-topology:network-topology/topology/topology-netconf/node/controller-config/yang-ext:mount/config:modules/module/odl-sal-netconf-connector-cfg:sal-netconf-connector/:node
Authorization: :basic-auth

# Delete
DELETE :host/restconf/config/network-topology:network-topology/topology/topology-netconf/node/controller-config/yang-ext:mount/config:modules/module/odl-sal-netconf-connector-cfg:sal-netconf-connector/:node
Authorization: :basic-auth

ntp server 203.216.32.99",cisco,1,real_derived_cisco-xr-lab-device.txt,mutated_from_cisco-xr-lab-device.txt_to_1,medium
CIS-2.2,Device clocks must be synchronized via configured NTP servers,Verify CIS-2.2 compliance,"! Host20 - end device in VLAN 20 (a router acting as a host in the lab).
! On a real PC this is just IP 10.20.20.20/24, gateway 10.20.20.1 (the Vlan20 SVI).
enable
configure terminal
hostname Host20
!
interface GigabitEthernet0/0
 ip address 10.20.20.20 255.255.255.0
 no shutdown
!
ip route 0.0.0.0 0.0.0.0 10.20.20.1
end
write memory

ntp server 88.136.1.73
interface GigabitEthernet1/1
 description LAN Interface
 ip address 138.247.176.86 255.255.255.0
 no shutdown
!",cisco,1,real_derived_Host20-config.txt,mutated_from_Host20-config.txt_to_1,medium
CIS-2.2,Device clocks must be synchronized via configured NTP servers,Verify CIS-2.2 compliance,"! ===========================================================================
! SW1 base configuration  (Layer 2 switch, IOSvL2)
! ComputingForGeeks CCNA 200-301 lab: base-device
! https://computingforgeeks.com/cisco-device-base-configuration/
!
! Paste at the privileged-EXEC prompt. RSA key generation takes a few seconds.
! The management IP lives on the Vlan1 SVI (a switch has no routed Gi0/0 by default).
! ===========================================================================
enable
configure terminal
hostname SW1
enable secret Cisc0-Lab!
service password-encryption
ip domain-name lab.example.com
username admin privilege 15 secret Adm1n-Lab!
crypto key generate rsa modulus 2048
ip ssh version 2
interface GigabitEthernet0/0
 no shutdown
 exit
interface Vlan1
 ip address 192.168.10.2 255.255.255.0
 no shutdown
 exit
line vty 0 4
 login local
 transport input ssh
 exit
banner motd #Authorized access only. Activity is logged.#
end
write memory

ntp server 137.183.157.67",cisco,1,real_derived_SW1-base-config.txt,mutated_from_SW1-base-config.txt_to_1,medium
CIS-2.2,Time synchronization with trusted NTP infrastructure is required,Verify CIS-2.2 compliance,"! ===========================================================================
! SW2 LACP EtherChannel  (Layer 2 switch, IOSvL2)
! ComputingForGeeks CCNA 200-301 lab: etherchannel-lacp
! https://computingforgeeks.com/cisco-etherchannel-configuration/
!
! Paste at the privileged-EXEC prompt. Two links (Gi0/0, Gi0/1) bundle into
! Port-channel 1 with LACP active. Run the matching SW1 file on the other switch;
! both ends must be active (or one active, one passive).
! ===========================================================================
enable
configure terminal
hostname SW2
interface range GigabitEthernet0/0 - 1
 channel-group 1 mode active
 exit
end
write memory

interface GigabitEthernet0/3
 description DMZ Interface
 ip address 128.71.155.62 255.255.255.0
 no shutdown
!",cisco,0,real_derived_SW2-config.txt,mutated_from_SW2-config.txt_to_0,medium
CIS-2.2,Time synchronization with trusted NTP infrastructure is required,Verify CIS-2.2 compliance,"! ===========================================================================
! Host1 nat-pat lab  (inside host on 192.168.10.0/24, translated by PAT)
! ComputingForGeeks CCNA 200-301 lab: nat-pat
! https://computingforgeeks.com/cisco-nat-pat-configuration/
!
! A router used as an end host. It sits on the PAT LAN, so its traffic to the
! outside is overloaded onto the PUBLIC pool address with a translated port.
! ===========================================================================
enable
configure terminal
hostname Host1
interface GigabitEthernet0/0
 ip address 192.168.10.10 255.255.255.0
 no shutdown
 exit
ip route 0.0.0.0 0.0.0.0 192.168.10.1
end
write memory",cisco,0,real_derived_Host1-config.txt,mutated_from_Host1-config.txt_to_0,medium
CIS-2.2,Device clocks must be synchronized via configured NTP servers,Verify CIS-2.2 compliance,"! Host10 - end device in VLAN 10 (a router acting as a host in the lab).
! On a real PC this is just IP 10.10.10.10/24, gateway 10.10.10.1 (the Vlan10 SVI).
enable
configure terminal
hostname Host10
!
interface GigabitEthernet0/0
 ip address 10.10.10.10 255.255.255.0
 no shutdown
!
ip route 0.0.0.0 0.0.0.0 10.10.10.1
end
write memory

ntp server 142.149.64.164
interface GigabitEthernet1/0
 description WAN Interface
 ip address 147.145.240.123 255.255.255.0
 no shutdown
!",cisco,1,real_derived_Host10-config.txt,mutated_from_Host10-config.txt_to_1,medium
CIS-2.2,Time synchronization with trusted NTP infrastructure is required,Verify CIS-2.2 compliance,"! ===========================================================================
! R2 HSRP configuration  (router, c7200/IOSv)  -- STANDBY (lower priority)
! ComputingForGeeks CCNA 200-301 lab: hsrp
! https://computingforgeeks.com/ccna-labs-hsrp-configuration-on-gns3-and-packet-tracer/
!
! Group 1, HSRP version 2, same virtual IP 192.168.10.254.
! R2 has priority 100 (default) + preempt, so it takes over only when R1 fails.
! ===========================================================================
enable
configure terminal
hostname R2
interface GigabitEthernet0/0
 ip address 192.168.10.2 255.255.255.0
 standby version 2
 standby 1 ip 192.168.10.254
 standby 1 priority 100
 standby 1 preempt
 no shutdown
 exit
end
write memory

ntp server 4.172.151.146
interface GigabitEthernet0/1
 description DMZ Interface
 ip address 220.207.218.132 255.255.255.0
 no shutdown
!",cisco,1,real_derived_R2-hsrp.txt,mutated_from_R2-hsrp.txt_to_1,medium
CIS-2.2,NTP servers must be configured for accurate timestamp recording,Verify CIS-2.2 compliance,"! ===========================================================================
! Host1 nat-pat lab  (inside host on 192.168.10.0/24, translated by PAT)
! ComputingForGeeks CCNA 200-301 lab: nat-pat
! https://computingforgeeks.com/cisco-nat-pat-configuration/
!
! A router used as an end host. It sits on the PAT LAN, so its traffic to the
! outside is overloaded onto the PUBLIC pool address with a translated port.
! ===========================================================================
enable
configure terminal
hostname Host1
interface GigabitEthernet0/0
 ip address 192.168.10.10 255.255.255.0
 no shutdown
 exit
ip route 0.0.0.0 0.0.0.0 192.168.10.1
end
write memory

ntp server 192.26.179.58
interface GigabitEthernet0/0
 description WAN Interface
 ip address 52.10.78.62 255.255.255.0
 no shutdown
!",cisco,1,real_derived_Host1-config.txt,mutated_from_Host1-config.txt_to_1,medium
CIS-2.2,NTP servers must be configured for accurate timestamp recording,Verify CIS-2.2 compliance,"! RTR-35-7 Configuration
!
hostname RTR-35-7
version 15.7
ntp server 64.107.59.1
ntp server 162.188.166.22
interface GigabitEthernet0/3
 ip address 230.150.166.253 255.255.255.0
 no shutdown
!
interface GigabitEthernet0/0
 ip address 211.182.112.188 255.255.255.0
 no shutdown
!",cisco,1,synthetic_v4,compliant,medium
CIS-2.2,NTP servers must be configured for accurate timestamp recording,Verify CIS-2.2 compliance,"! SW1 - Layer 3 switch doing inter-VLAN routing with SVIs.
! ip routing is OFF by default on a multilayer switch; this is the key step.
enable
configure terminal
hostname SW1
!
ip routing
!
vlan 10
 name SALES
vlan 20
 name ENGINEERING
!
! SVIs = the per-VLAN gateways (routed inside the switch)
interface Vlan10
 ip address 10.10.10.1 255.255.255.0
 no shutdown
!
interface Vlan20
 ip address 10.20.20.1 255.255.255.0
 no shutdown
!
! Host access ports
interface GigabitEthernet0/1
 switchport mode access
 switchport access vlan 10
!
interface GigabitEthernet0/2
 switchport mode access
 switchport access vlan 20
end
write memory

ntp server 215.38.174.155
interface GigabitEthernet1/2
 description WAN Interface
 ip address 163.139.230.126 255.255.255.0
 no shutdown
!",cisco,1,real_derived_SW1-config.txt,mutated_from_SW1-config.txt_to_1,medium
CIS-2.2,NTP servers must be configured for accurate timestamp recording,Verify CIS-2.2 compliance,"! ===========================================================================
! ClientB dhcp-server-relay lab  (DHCP client, remote LAN, c7200 / IOS 15.2)
! ComputingForGeeks CCNA 200-301 lab: dhcp-server-relay
! https://computingforgeeks.com/cisco-dhcp-server-relay-configuration/
!
! A router used as an end host on R2's LAN (192.168.20.0/24). It has no local
! DHCP server; its request is relayed by R2 to the server at 10.0.0.1. The lease
! record names server 10.0.0.1, the proof the request crossed the relay.
! ===========================================================================
enable
configure terminal
hostname ClientB
interface GigabitEthernet0/0
 ip address dhcp
 no shutdown
 exit
end
write memory

ntp server 10.55.222.89
interface GigabitEthernet1/3
 description DMZ Interface
 ip address 252.59.197.231 255.255.255.0
 no shutdown
!",cisco,1,real_derived_ClientB-config.txt,mutated_from_ClientB-config.txt_to_1,medium
CIS-2.2,NTP servers must be configured for accurate timestamp recording,Verify CIS-2.2 compliance,"! Generated: 2024-01-17
!
hostname RTR-88-17
version 15.7
ntp server 217.160.191.22
ntp server 130.230.134.225
interface GigabitEthernet0/1
 ip address 180.4.79.219 255.255.255.0
 no shutdown
!",cisco,1,synthetic_v4,compliant,easy
CIS-2.2,Device clocks must be synchronized via configured NTP servers,Verify CIS-2.2 compliance,"# -*- restclient -*-

# Settings
:node = asr-101
:addr = 50.196.141.39
:deviceusername = <username>
:devicepassword = <password>
:host = http://localhost:8181
:basic-auth := (format ""Basic %s"" (base64-encode-string (format ""%s:%s"" ""admin"" ""admin"")))

# Create ASR 101
POST :host/restconf/config/network-topology:network-topology/topology/topology-netconf/node/controller-config/yang-ext:mount/config:modules
Authorization: :basic-auth
Content-Type: application/xml
<module xmlns=""urn:opendaylight:params:xml:ns:yang:controller:config"">
   <type xmlns:prefix=""urn:opendaylight:params:xml:ns:yang:controller:md:sal:connector:netconf"">prefix:sal-netconf-connector</type>
   <name>:node
   </name>
   <address xmlns=""urn:opendaylight:params:xml:ns:yang:controller:md:sal:connector:netconf"">:addr
   </address>
   <port xmlns=""urn:opendaylight:params:xml:ns:yang:controller:md:sal:connector:netconf"">830</port>
   <username xmlns=""urn:opendaylight:params:xml:ns:yang:controller:md:sal:connector:netconf"">:deviceusername</username>
   <password xmlns=""urn:opendaylight:params:xml:ns:yang:controller:md:sal:connector:netconf"">:devicepassword</password>
   <tcp-only xmlns=""urn:opendaylight:params:xml:ns:yang:controller:md:sal:connector:netconf"">false</tcp-only>
   <event-executor xmlns=""urn:opendaylight:params:xml:ns:yang:controller:md:sal:connector:netconf"">
     <type xmlns:prefix=""urn:opendaylight:params:xml:ns:yang:controller:netty"">prefix:netty-event-executor</type>
     <name>global-event-executor</name>
   </event-executor>
   <binding-registry xmlns=""urn:opendaylight:params:xml:ns:yang:controller:md:sal:connector:netconf"">
     <type xmlns:prefix=""urn:opendaylight:params:xml:ns:yang:controller:md:sal:binding"">prefix:binding-broker-osgi-registry</type>
     <name>binding-osgi-broker</name>
   </binding-registry>
   <dom-registry xmlns=""urn:opendaylight:params:xml:ns:yang:controller:md:sal:connector:netconf"">
     <type xmlns:prefix=""urn:opendaylight:params:xml:ns:yang:controller:md:sal:dom"">prefix:dom-broker-osgi-registry</type>
     <name>dom-broker</name>
   </dom-registry>
   <client-dispatcher xmlns=""urn:opendaylight:params:xml:ns:yang:controller:md:sal:connector:netconf"">
     <type xmlns:prefix=""urn:opendaylight:params:xml:ns:yang:controller:config:netconf"">prefix:netconf-client-dispatcher</type>
     <name>global-netconf-dispatcher</name>
   </client-dispatcher>
   <processing-executor xmlns=""urn:opendaylight:params:xml:ns:yang:controller:md:sal:connector:netconf"">
     <type xmlns:prefix=""urn:opendaylight:params:xml:ns:yang:controller:threadpool"">prefix:threadpool</type>
     <name>global-netconf-processing-executor</name>
   </processing-executor>
 </module>

# Get node operational status
GET :host/restconf/operational/network-topology:network-topology/topology/topology-netconf/node/:node/
Authorization: :basic-auth

# Get interface configuration
GET :host/restconf/operational/network-topology:network-topology/topology/topology-netconf/node/:node/yang-ext:mount/Cisco-IOS-XR-ifmgr-cfg:interface-configurations/
Authorization: :basic-auth
Accept: application/xml

# Get operational l2vpn xconnect groups
GET :host/restconf/operational/network-topology:network-topology/topology/topology-netconf/node/:node/yang-ext:mount/Cisco-IOS-XR-l2vpn-cfg:l2vpn/database/xconnect-groups/xconnect-group/local
Authorization: :basic-auth
Accept: application/xml

# Show
GET :host/restconf/config/network-topology:network-topology/topology/topology-netconf/node/controller-config/yang-ext:mount/config:modules/module/odl-sal-netconf-connector-cfg:sal-netconf-connector/:node
Authorization: :basic-auth

# Delete
DELETE :host/restconf/config/network-topology:network-topology/topology/topology-netconf/node/controller-config/yang-ext:mount/config:modules/module/odl-sal-netconf-connector-cfg:sal-netconf-connector/:node
Authorization: :basic-auth

ntp server 55.255.202.227
interface GigabitEthernet1/1
 description LAN Interface
 ip address 36.126.134.192 255.255.255.0
 no shutdown
!",cisco,1,real_derived_cisco-xr-lab-device.txt,mutated_from_cisco-xr-lab-device.txt_to_1,medium
CIS-2.2,NTP servers must be configured for accurate timestamp recording,Verify CIS-2.2 compliance,"! RTR-65-75 Configuration
!
hostname RTR-65-75
version 15.7
! ntp server 171.148.215.55",cisco,0,synthetic_v4,non_compliant,medium
CIS-2.2,Network infrastructure must synchronize clock with approved time sources,Verify CIS-2.2 compliance,"! ===========================================================================
! R2 HSRP configuration  (router, c7200/IOSv)  -- STANDBY (lower priority)
! ComputingForGeeks CCNA 200-301 lab: hsrp
! https://computingforgeeks.com/ccna-labs-hsrp-configuration-on-gns3-and-packet-tracer/
!
! Group 1, HSRP version 2, same virtual IP 192.168.10.254.
! R2 has priority 100 (default) + preempt, so it takes over only when R1 fails.
! ===========================================================================
enable
configure terminal
hostname R2
interface GigabitEthernet0/0
 ip address 192.168.10.2 255.255.255.0
 standby version 2
 standby 1 ip 192.168.10.254
 standby 1 priority 100
 standby 1 preempt
 no shutdown
 exit
end
write memory",cisco,0,real_derived_R2-hsrp.txt,mutated_from_R2-hsrp.txt_to_0,medium
CIS-2.2,NTP servers must be configured for accurate timestamp recording,Verify CIS-2.2 compliance,"! Generated: 2024-01-20
!
hostname RTR-10-34
version 15.7
! ntp server 203.194.138.179",cisco,0,synthetic_v4,non_compliant,easy
CIS-2.2,NTP servers must be configured for accurate timestamp recording,Verify CIS-2.2 compliance,"! ===========================================================================
! R1 base configuration  (router, c7200/IOSv)
! ComputingForGeeks CCNA 200-301 lab: base-device
! https://computingforgeeks.com/cisco-device-base-configuration/
!
! Paste at the privileged-EXEC prompt. RSA key generation takes a few seconds;
! on real gear, let it finish before the rest is applied.
! ===========================================================================
enable
configure terminal
hostname R1
enable secret Cisc0-Lab!
service password-encryption
ip domain-name lab.example.com
username admin privilege 15 secret Adm1n-Lab!
crypto key generate rsa modulus 2048
ip ssh version 2
interface GigabitEthernet0/0
 ip address 192.168.10.1 255.255.255.0
 no shutdown
 exit
line console 0
 password Con-Lab!
 login
 exit
line vty 0 4
 login local
 transport input ssh
 exit
banner motd #Authorized access only. Activity is logged.#
end
write memory",cisco,0,real_derived_R1-base-config.txt,mutated_from_R1-base-config.txt_to_0,medium
CIS-2.2,NTP servers must be configured for accurate timestamp recording,Verify CIS-2.2 compliance,"! Generated: 2024-01-23
!
hostname RTR-8-96
version 15.7
ntp server 181.73.193.188
interface GigabitEthernet0/0
 ip address 170.37.244.215 255.255.255.0
 no shutdown
!
interface GigabitEthernet0/0
 ip address 38.187.72.21 255.255.255.0
 no shutdown
!",cisco,1,synthetic_v4,compliant,easy
CIS-2.2,NTP servers must be configured for accurate timestamp recording,Verify CIS-2.2 compliance,"# -*- restclient -*-

# Settings
:node = asr-101
:addr = 50.196.141.39
:deviceusername = <username>
:devicepassword = <password>
:host = http://localhost:8181
:basic-auth := (format ""Basic %s"" (base64-encode-string (format ""%s:%s"" ""admin"" ""admin"")))

# Create ASR 101
POST :host/restconf/config/network-topology:network-topology/topology/topology-netconf/node/controller-config/yang-ext:mount/config:modules
Authorization: :basic-auth
Content-Type: application/xml
<module xmlns=""urn:opendaylight:params:xml:ns:yang:controller:config"">
   <type xmlns:prefix=""urn:opendaylight:params:xml:ns:yang:controller:md:sal:connector:netconf"">prefix:sal-netconf-connector</type>
   <name>:node
   </name>
   <address xmlns=""urn:opendaylight:params:xml:ns:yang:controller:md:sal:connector:netconf"">:addr
   </address>
   <port xmlns=""urn:opendaylight:params:xml:ns:yang:controller:md:sal:connector:netconf"">830</port>
   <username xmlns=""urn:opendaylight:params:xml:ns:yang:controller:md:sal:connector:netconf"">:deviceusername</username>
   <password xmlns=""urn:opendaylight:params:xml:ns:yang:controller:md:sal:connector:netconf"">:devicepassword</password>
   <tcp-only xmlns=""urn:opendaylight:params:xml:ns:yang:controller:md:sal:connector:netconf"">false</tcp-only>
   <event-executor xmlns=""urn:opendaylight:params:xml:ns:yang:controller:md:sal:connector:netconf"">
     <type xmlns:prefix=""urn:opendaylight:params:xml:ns:yang:controller:netty"">prefix:netty-event-executor</type>
     <name>global-event-executor</name>
   </event-executor>
   <binding-registry xmlns=""urn:opendaylight:params:xml:ns:yang:controller:md:sal:connector:netconf"">
     <type xmlns:prefix=""urn:opendaylight:params:xml:ns:yang:controller:md:sal:binding"">prefix:binding-broker-osgi-registry</type>
     <name>binding-osgi-broker</name>
   </binding-registry>
   <dom-registry xmlns=""urn:opendaylight:params:xml:ns:yang:controller:md:sal:connector:netconf"">
     <type xmlns:prefix=""urn:opendaylight:params:xml:ns:yang:controller:md:sal:dom"">prefix:dom-broker-osgi-registry</type>
     <name>dom-broker</name>
   </dom-registry>
   <client-dispatcher xmlns=""urn:opendaylight:params:xml:ns:yang:controller:md:sal:connector:netconf"">
     <type xmlns:prefix=""urn:opendaylight:params:xml:ns:yang:controller:config:netconf"">prefix:netconf-client-dispatcher</type>
     <name>global-netconf-dispatcher</name>
   </client-dispatcher>
   <processing-executor xmlns=""urn:opendaylight:params:xml:ns:yang:controller:md:sal:connector:netconf"">
     <type xmlns:prefix=""urn:opendaylight:params:xml:ns:yang:controller:threadpool"">prefix:threadpool</type>
     <name>global-netconf-processing-executor</name>
   </processing-executor>
 </module>

# Get node operational status
GET :host/restconf/operational/network-topology:network-topology/topology/topology-netconf/node/:node/
Authorization: :basic-auth

# Get interface configuration
GET :host/restconf/operational/network-topology:network-topology/topology/topology-netconf/node/:node/yang-ext:mount/Cisco-IOS-XR-ifmgr-cfg:interface-configurations/
Authorization: :basic-auth
Accept: application/xml

# Get operational l2vpn xconnect groups
GET :host/restconf/operational/network-topology:network-topology/topology/topology-netconf/node/:node/yang-ext:mount/Cisco-IOS-XR-l2vpn-cfg:l2vpn/database/xconnect-groups/xconnect-group/local
Authorization: :basic-auth
Accept: application/xml

# Show
GET :host/restconf/config/network-topology:network-topology/topology/topology-netconf/node/controller-config/yang-ext:mount/config:modules/module/odl-sal-netconf-connector-cfg:sal-netconf-connector/:node
Authorization: :basic-auth

# Delete
DELETE :host/restconf/config/network-topology:network-topology/topology/topology-netconf/node/controller-config/yang-ext:mount/config:modules/module/odl-sal-netconf-connector-cfg:sal-netconf-connector/:node
Authorization: :basic-auth

ntp server 230.204.185.57
interface GigabitEthernet0/3
 description WAN Interface
 ip address 194.24.56.40 255.255.255.0
 no shutdown
!",cisco,1,real_derived_cisco-xr-lab-device.txt,mutated_from_cisco-xr-lab-device.txt_to_1,medium
CIS-2.2,Time synchronization with trusted NTP infrastructure is required,Verify CIS-2.2 compliance,"! ===========================================================================
! ClientB dhcp-server-relay lab  (DHCP client, remote LAN, c7200 / IOS 15.2)
! ComputingForGeeks CCNA 200-301 lab: dhcp-server-relay
! https://computingforgeeks.com/cisco-dhcp-server-relay-configuration/
!
! A router used as an end host on R2's LAN (192.168.20.0/24). It has no local
! DHCP server; its request is relayed by R2 to the server at 10.0.0.1. The lease
! record names server 10.0.0.1, the proof the request crossed the relay.
! ===========================================================================
enable
configure terminal
hostname ClientB
interface GigabitEthernet0/0
 ip address dhcp
 no shutdown
 exit
end
write memory

interface GigabitEthernet1/0
 description WAN Interface
 ip address 225.133.91.149 255.255.255.0
 no shutdown
!",cisco,0,real_derived_ClientB-config.txt,mutated_from_ClientB-config.txt_to_0,medium
CIS-2.2,NTP servers must be configured for accurate timestamp recording,Verify CIS-2.2 compliance,"! ===========================================================================
! R1 base configuration  (router, c7200/IOSv)
! ComputingForGeeks CCNA 200-301 lab: base-device
! https://computingforgeeks.com/cisco-device-base-configuration/
!
! Paste at the privileged-EXEC prompt. RSA key generation takes a few seconds;
! on real gear, let it finish before the rest is applied.
! ===========================================================================
enable
configure terminal
hostname R1
enable secret Cisc0-Lab!
service password-encryption
ip domain-name lab.example.com
username admin privilege 15 secret Adm1n-Lab!
crypto key generate rsa modulus 2048
ip ssh version 2
interface GigabitEthernet0/0
 ip address 192.168.10.1 255.255.255.0
 no shutdown
 exit
line console 0
 password Con-Lab!
 login
 exit
line vty 0 4
 login local
 transport input ssh
 exit
banner motd #Authorized access only. Activity is logged.#
end
write memory

ntp server 13.170.124.254",cisco,1,real_derived_R1-base-config.txt,mutated_from_R1-base-config.txt_to_1,medium
CIS-2.2,Network infrastructure must synchronize clock with approved time sources,Verify CIS-2.2 compliance,"! ===========================================================================
! R1 ipv6-static-routing lab  (router, c7200 / IOS 15.2)
! ComputingForGeeks CCNA 200-301 lab: ipv6-static-routing
! https://computingforgeeks.com/cisco-ipv6-static-routes-configuration/
!
! Two links to R2: primary 2001:DB8:12::/64 (Gi0/0), backup 2001:DB8:13::/64
! (Gi1/0). R1 reaches R2's network 2001:DB8:2::/64 via a fully-specified
! link-local primary static (AD 1) and a floating static (AD 200) over the
! backup, plus a ::/0 default route. Run the matching R2 file on the other router.
!
! Failover demo: shut Gi0/0 on BOTH routers, then re-run
! ""show ipv6 route 2001:DB8:2::/64"" and ping 2001:DB8:2::1 to watch the floating
! route ([200]) take over the backup link.
! ===========================================================================
enable
configure terminal
hostname R1
ipv6 unicast-routing
interface Loopback1
 ipv6 address 2001:DB8:1::1/64
 exit
interface GigabitEthernet0/0
 ipv6 address 2001:DB8:12::1/64
 ipv6 address FE80::1 link-local
 no shutdown
 exit
interface GigabitEthernet1/0
 ipv6 address 2001:DB8:13::1/64
 ipv6 address FE80::10 link-local
 no shutdown
 exit
ipv6 route 2001:DB8:2::/64 GigabitEthernet0/0 FE80::2
ipv6 route 2001:DB8:2::/64 GigabitEthernet1/0 FE80::20 200
ipv6 route ::/0 2001:DB8:12::2
end
write memory",cisco,0,real_derived_R1-config.txt,mutated_from_R1-config.txt_to_0,medium
CIS-2.2,NTP servers must be configured for accurate timestamp recording,Verify CIS-2.2 compliance,"! Generated: 2024-01-19
!
hostname RTR-19-82
version 15.7
ntp server 9.194.31.240
ntp server 203.220.242.55",cisco,1,synthetic_v4,compliant,easy
CIS-2.2,Time synchronization with trusted NTP infrastructure is required,Verify CIS-2.2 compliance,"! Host10 - end device in VLAN 10 (a router acting as a host in the lab).
! On a real PC this is just IP 10.10.10.10/24, gateway 10.10.10.1 (the Vlan10 SVI).
enable
configure terminal
hostname Host10
!
interface GigabitEthernet0/0
 ip address 10.10.10.10 255.255.255.0
 no shutdown
!
ip route 0.0.0.0 0.0.0.0 10.10.10.1
end
write memory",cisco,0,real_derived_Host10-config.txt,mutated_from_Host10-config.txt_to_0,medium
CIS-2.2,NTP Configuration Required,NTP servers must be configured for accurate timestamps.,ntp server 0.0.0.0,cisco,0,v1_curated,curated_training,easy
CIS-2.2,NTP servers must be configured for accurate timestamp recording,Verify CIS-2.2 compliance,"! Generated: 2024-01-03
!
hostname RTR-36-74
version 15.7
ntp server 19.91.235.67
ntp server 251.131.226.167
interface GigabitEthernet1/0
 ip address 94.146.205.105 255.255.255.0
 no shutdown
!",cisco,1,synthetic_v4,compliant,hard
CIS-2.2,Network infrastructure must synchronize clock with approved time sources,Verify CIS-2.2 compliance,"! ===========================================================================
! ClientB dhcp-server-relay lab  (DHCP client, remote LAN, c7200 / IOS 15.2)
! ComputingForGeeks CCNA 200-301 lab: dhcp-server-relay
! https://computingforgeeks.com/cisco-dhcp-server-relay-configuration/
!
! A router used as an end host on R2's LAN (192.168.20.0/24). It has no local
! DHCP server; its request is relayed by R2 to the server at 10.0.0.1. The lease
! record names server 10.0.0.1, the proof the request crossed the relay.
! ===========================================================================
enable
configure terminal
hostname ClientB
interface GigabitEthernet0/0
 ip address dhcp
 no shutdown
 exit
end
write memory

interface GigabitEthernet0/1
 description LAN Interface
 ip address 90.156.116.58 255.255.255.0
 no shutdown
!",cisco,0,real_derived_ClientB-config.txt,mutated_from_ClientB-config.txt_to_0,medium
CIS-2.2,Time synchronization with trusted NTP infrastructure is required,Verify CIS-2.2 compliance,"! SW1 - Layer 3 switch doing inter-VLAN routing with SVIs.
! ip routing is OFF by default on a multilayer switch; this is the key step.
enable
configure terminal
hostname SW1
!
ip routing
!
vlan 10
 name SALES
vlan 20
 name ENGINEERING
!
! SVIs = the per-VLAN gateways (routed inside the switch)
interface Vlan10
 ip address 10.10.10.1 255.255.255.0
 no shutdown
!
interface Vlan20
 ip address 10.20.20.1 255.255.255.0
 no shutdown
!
! Host access ports
interface GigabitEthernet0/1
 switchport mode access
 switchport access vlan 10
!
interface GigabitEthernet0/2
 switchport mode access
 switchport access vlan 20
end
write memory

interface GigabitEthernet1/0
 description LAN Interface
 ip address 42.123.199.174 255.255.255.0
 no shutdown
!",cisco,0,real_derived_SW1-config.txt,mutated_from_SW1-config.txt_to_0,medium
CIS-2.2,NTP servers must be configured for accurate timestamp recording,Verify CIS-2.2 compliance,"! RTR-51-98 Configuration
!
hostname RTR-51-98
version 15.7
! ntp server 67.81.165.53",cisco,0,synthetic_v4,non_compliant,easy
CIS-2.2,Network infrastructure must synchronize clock with approved time sources,Verify CIS-2.2 compliance,"! Host20 - end device in VLAN 20 (a router acting as a host in the lab).
! On a real PC this is just IP 10.20.20.20/24, gateway 10.20.20.1 (the Vlan20 SVI).
enable
configure terminal
hostname Host20
!
interface GigabitEthernet0/0
 ip address 10.20.20.20 255.255.255.0
 no shutdown
!
ip route 0.0.0.0 0.0.0.0 10.20.20.1
end
write memory

interface GigabitEthernet1/0
 description DMZ Interface
 ip address 105.47.115.216 255.255.255.0
 no shutdown
!",cisco,0,real_derived_Host20-config.txt,mutated_from_Host20-config.txt_to_0,medium
CIS-2.2,NTP servers must be configured for accurate timestamp recording,Verify CIS-2.2 compliance,"! RTR-62-98 Configuration
!
hostname RTR-62-98
version 15.7
ntp server 114.83.157.85",cisco,1,synthetic_v4,compliant,hard
CIS-2.2,Network infrastructure must synchronize clock with approved time sources,Verify CIS-2.2 compliance,"! ===========================================================================
! SW1 base configuration  (Layer 2 switch, IOSvL2)
! ComputingForGeeks CCNA 200-301 lab: base-device
! https://computingforgeeks.com/cisco-device-base-configuration/
!
! Paste at the privileged-EXEC prompt. RSA key generation takes a few seconds.
! The management IP lives on the Vlan1 SVI (a switch has no routed Gi0/0 by default).
! ===========================================================================
enable
configure terminal
hostname SW1
enable secret Cisc0-Lab!
service password-encryption
ip domain-name lab.example.com
username admin privilege 15 secret Adm1n-Lab!
crypto key generate rsa modulus 2048
ip ssh version 2
interface GigabitEthernet0/0
 no shutdown
 exit
interface Vlan1
 ip address 192.168.10.2 255.255.255.0
 no shutdown
 exit
line vty 0 4
 login local
 transport input ssh
 exit
banner motd #Authorized access only. Activity is logged.#
end
write memory

interface GigabitEthernet0/1
 description WAN Interface
 ip address 69.193.20.224 255.255.255.0
 no shutdown
!",cisco,0,real_derived_SW1-base-config.txt,mutated_from_SW1-base-config.txt_to_0,medium
CIS-2.2,Device clocks must be synchronized via configured NTP servers,Verify CIS-2.2 compliance,"! ===========================================================================
! R1 HSRP configuration  (router, c7200/IOSv)  -- ACTIVE (higher priority)
! ComputingForGeeks CCNA 200-301 lab: hsrp
! https://computingforgeeks.com/ccna-labs-hsrp-configuration-on-gns3-and-packet-tracer/
!
! Group 1, HSRP version 2, virtual IP 192.168.10.254.
! R1 has priority 110 + preempt, so it owns the active role and reclaims it
! after a recovery.
! ===========================================================================
enable
configure terminal
hostname R1
interface GigabitEthernet0/0
 ip address 192.168.10.1 255.255.255.0
 standby version 2
 standby 1 ip 192.168.10.254
 standby 1 priority 110
 standby 1 preempt
 no shutdown
 exit
end
write memory

ntp server 252.245.93.208",cisco,1,real_derived_R1-hsrp.txt,mutated_from_R1-hsrp.txt_to_1,medium
CIS-2.2,NTP servers must be configured for accurate timestamp recording,Verify CIS-2.2 compliance,"! ===========================================================================
! SW2 LACP EtherChannel  (Layer 2 switch, IOSvL2)
! ComputingForGeeks CCNA 200-301 lab: etherchannel-lacp
! https://computingforgeeks.com/cisco-etherchannel-configuration/
!
! Paste at the privileged-EXEC prompt. Two links (Gi0/0, Gi0/1) bundle into
! Port-channel 1 with LACP active. Run the matching SW1 file on the other switch;
! both ends must be active (or one active, one passive).
! ===========================================================================
enable
configure terminal
hostname SW2
interface range GigabitEthernet0/0 - 1
 channel-group 1 mode active
 exit
end
write memory

interface GigabitEthernet0/1
 description DMZ Interface
 ip address 197.13.236.242 255.255.255.0
 no shutdown
!",cisco,0,real_derived_SW2-config.txt,mutated_from_SW2-config.txt_to_0,medium
CIS-2.2,NTP servers must be configured for accurate timestamp recording,Verify CIS-2.2 compliance,"! ===========================================================================
! R1 ipv6-static-routing lab  (router, c7200 / IOS 15.2)
! ComputingForGeeks CCNA 200-301 lab: ipv6-static-routing
! https://computingforgeeks.com/cisco-ipv6-static-routes-configuration/
!
! Two links to R2: primary 2001:DB8:12::/64 (Gi0/0), backup 2001:DB8:13::/64
! (Gi1/0). R1 reaches R2's network 2001:DB8:2::/64 via a fully-specified
! link-local primary static (AD 1) and a floating static (AD 200) over the
! backup, plus a ::/0 default route. Run the matching R2 file on the other router.
!
! Failover demo: shut Gi0/0 on BOTH routers, then re-run
! ""show ipv6 route 2001:DB8:2::/64"" and ping 2001:DB8:2::1 to watch the floating
! route ([200]) take over the backup link.
! ===========================================================================
enable
configure terminal
hostname R1
ipv6 unicast-routing
interface Loopback1
 ipv6 address 2001:DB8:1::1/64
 exit
interface GigabitEthernet0/0
 ipv6 address 2001:DB8:12::1/64
 ipv6 address FE80::1 link-local
 no shutdown
 exit
interface GigabitEthernet1/0
 ipv6 address 2001:DB8:13::1/64
 ipv6 address FE80::10 link-local
 no shutdown
 exit
ipv6 route 2001:DB8:2::/64 GigabitEthernet0/0 FE80::2
ipv6 route 2001:DB8:2::/64 GigabitEthernet1/0 FE80::20 200
ipv6 route ::/0 2001:DB8:12::2
end
write memory

ntp server 90.188.58.196",cisco,1,real_derived_R1-config.txt,mutated_from_R1-config.txt_to_1,medium
CIS-2.2,NTP servers must be configured for accurate timestamp recording,Verify CIS-2.2 compliance,"! RTR-27-25 Configuration
!
hostname RTR-27-25
version 15.7
! ntp server 148.7.189.209
interface GigabitEthernet1/0
 ip address 180.255.233.106 255.255.255.0
 no shutdown
!
interface GigabitEthernet1/2
 ip address 91.218.171.30 255.255.255.0
 no shutdown
!",cisco,0,synthetic_v4,non_compliant,easy
CIS-2.2,Time synchronization with trusted NTP infrastructure is required,Verify CIS-2.2 compliance,"IP-EIGRP Topology Table for AS(100)/ID(10.255.11.6)

Codes: P - Passive, A - Active, U - Update, Q - Query, R - Reply,
       r - reply Status, s - sia Status

P 66.128.208.232/32, 2 successors, FD is 264448
        via 10.254.11.9, TenGigabitEthernet1/1
        via 10.254.11.33, TenGigabitEthernet2/1
P 10.254.6.8/30, 1 successors, FD is 1024
        via 10.254.6.14, Port-channel10
P 67.230.223.128/28, 2 successors, FD is 5632, tag is 53471
        via 10.254.11.9, TenGigabitEthernet1/1
        via 10.254.11.33, TenGigabitEthernet2/1
P 10.255.10.5/32, 1 successors, FD is 130816
        via 10.254.10.34, GigabitEthernet9/29
P 10.255.1.14/32, 1 successors, FD is 128768
        via 10.254.1.34, Port-channel3
P 10.254.2.12/30, 1 successors, FD is 768
        via 10.254.2.22, TenGigabitEthernet3/3
P 10.255.11.4/32, 4 successors, FD is 128768
        via 10.254.56.6, TenGigabitEthernet1/4
        via 10.254.55.6, TenGigabitEthernet1/6
        via 10.254.11.33, TenGigabitEthernet2/1
        via 10.254.11.9, TenGigabitEthernet1/1
        via 10.254.52.6, TenGigabitEthernet1/5
        via 10.254.4.10, TenGigabitEthernet4/4
        via 10.254.4.14, TenGigabitEthernet4/5
        via 10.254.54.6, TenGigabitEthernet1/3

IP-EIGRP Topology Table for AS(65000)/ID(10.2.0.1)

Codes: P - Passive, A - Active, U - Update, Q - Query, R - Reply,
       r - reply Status, s - sia Status

P 10.50.20.4/32, 2 successors, FD is 128039168
        via 10.4.0.1, GigabitEthernet1/1
        via 10.4.0.2, GigabitEthernet1/2
P 10.50.21.0/27, 0 successors, FD is Inaccessible, tag is 6508497
        via 10.4.0.1, GigabitEthernet1/1
        via 10.4.0.2, GigabitEthernet1/2
P 10.50.75.0/24, 1 successors, FD is 2816
        via Rstatic
P 10.50.23.92/30, 1 successors, FD is 3840256, tag is 5507497
        via Redistributed",cisco,0,real_derived_cisco_ios_show_ip_eigrp_topology1.raw,mutated_from_cisco_ios_show_ip_eigrp_topology1.raw_to_0,medium
CIS-2.2,NTP servers must be configured for accurate timestamp recording,Verify CIS-2.2 compliance,"IP-EIGRP Topology Table for AS(100)/ID(10.255.11.6)

Codes: P - Passive, A - Active, U - Update, Q - Query, R - Reply,
       r - reply Status, s - sia Status

P 66.128.208.232/32, 2 successors, FD is 264448
        via 10.254.11.9, TenGigabitEthernet1/1
        via 10.254.11.33, TenGigabitEthernet2/1
P 10.254.6.8/30, 1 successors, FD is 1024
        via 10.254.6.14, Port-channel10
P 67.230.223.128/28, 2 successors, FD is 5632, tag is 53471
        via 10.254.11.9, TenGigabitEthernet1/1
        via 10.254.11.33, TenGigabitEthernet2/1
P 10.255.10.5/32, 1 successors, FD is 130816
        via 10.254.10.34, GigabitEthernet9/29
P 10.255.1.14/32, 1 successors, FD is 128768
        via 10.254.1.34, Port-channel3
P 10.254.2.12/30, 1 successors, FD is 768
        via 10.254.2.22, TenGigabitEthernet3/3
P 10.255.11.4/32, 4 successors, FD is 128768
        via 10.254.56.6, TenGigabitEthernet1/4
        via 10.254.55.6, TenGigabitEthernet1/6
        via 10.254.11.33, TenGigabitEthernet2/1
        via 10.254.11.9, TenGigabitEthernet1/1
        via 10.254.52.6, TenGigabitEthernet1/5
        via 10.254.4.10, TenGigabitEthernet4/4
        via 10.254.4.14, TenGigabitEthernet4/5
        via 10.254.54.6, TenGigabitEthernet1/3

IP-EIGRP Topology Table for AS(65000)/ID(10.2.0.1)

Codes: P - Passive, A - Active, U - Update, Q - Query, R - Reply,
       r - reply Status, s - sia Status

P 10.50.20.4/32, 2 successors, FD is 128039168
        via 10.4.0.1, GigabitEthernet1/1
        via 10.4.0.2, GigabitEthernet1/2
P 10.50.21.0/27, 0 successors, FD is Inaccessible, tag is 6508497
        via 10.4.0.1, GigabitEthernet1/1
        via 10.4.0.2, GigabitEthernet1/2
P 10.50.75.0/24, 1 successors, FD is 2816
        via Rstatic
P 10.50.23.92/30, 1 successors, FD is 3840256, tag is 5507497
        via Redistributed

ntp server 163.88.85.126",cisco,1,real_derived_cisco_ios_show_ip_eigrp_topology1.raw,mutated_from_cisco_ios_show_ip_eigrp_topology1.raw_to_1,medium
CIS-2.2,Device clocks must be synchronized via configured NTP servers,Verify CIS-2.2 compliance,"! ===========================================================================
! R2 HSRP configuration  (router, c7200/IOSv)  -- STANDBY (lower priority)
! ComputingForGeeks CCNA 200-301 lab: hsrp
! https://computingforgeeks.com/ccna-labs-hsrp-configuration-on-gns3-and-packet-tracer/
!
! Group 1, HSRP version 2, same virtual IP 192.168.10.254.
! R2 has priority 100 (default) + preempt, so it takes over only when R1 fails.
! ===========================================================================
enable
configure terminal
hostname R2
interface GigabitEthernet0/0
 ip address 192.168.10.2 255.255.255.0
 standby version 2
 standby 1 ip 192.168.10.254
 standby 1 priority 100
 standby 1 preempt
 no shutdown
 exit
end
write memory

interface GigabitEthernet0/2
 description LAN Interface
 ip address 117.252.68.218 255.255.255.0
 no shutdown
!",cisco,0,real_derived_R2-hsrp.txt,mutated_from_R2-hsrp.txt_to_0,medium
CIS-2.2,Device clocks must be synchronized via configured NTP servers,Verify CIS-2.2 compliance,"! ===========================================================================
! ClientB dhcp-server-relay lab  (DHCP client, remote LAN, c7200 / IOS 15.2)
! ComputingForGeeks CCNA 200-301 lab: dhcp-server-relay
! https://computingforgeeks.com/cisco-dhcp-server-relay-configuration/
!
! A router used as an end host on R2's LAN (192.168.20.0/24). It has no local
! DHCP server; its request is relayed by R2 to the server at 10.0.0.1. The lease
! record names server 10.0.0.1, the proof the request crossed the relay.
! ===========================================================================
enable
configure terminal
hostname ClientB
interface GigabitEthernet0/0
 ip address dhcp
 no shutdown
 exit
end
write memory

interface GigabitEthernet1/2
 description LAN Interface
 ip address 222.35.142.90 255.255.255.0
 no shutdown
!",cisco,0,real_derived_ClientB-config.txt,mutated_from_ClientB-config.txt_to_0,medium
CIS-2.2,Device clocks must be synchronized via configured NTP servers,Verify CIS-2.2 compliance,"IP-EIGRP Topology Table for AS(100)/ID(10.255.11.6)

Codes: P - Passive, A - Active, U - Update, Q - Query, R - Reply,
       r - reply Status, s - sia Status

P 66.128.208.232/32, 2 successors, FD is 264448
        via 10.254.11.9, TenGigabitEthernet1/1
        via 10.254.11.33, TenGigabitEthernet2/1
P 10.254.6.8/30, 1 successors, FD is 1024
        via 10.254.6.14, Port-channel10
P 67.230.223.128/28, 2 successors, FD is 5632, tag is 53471
        via 10.254.11.9, TenGigabitEthernet1/1
        via 10.254.11.33, TenGigabitEthernet2/1
P 10.255.10.5/32, 1 successors, FD is 130816
        via 10.254.10.34, GigabitEthernet9/29
P 10.255.1.14/32, 1 successors, FD is 128768
        via 10.254.1.34, Port-channel3
P 10.254.2.12/30, 1 successors, FD is 768
        via 10.254.2.22, TenGigabitEthernet3/3
P 10.255.11.4/32, 4 successors, FD is 128768
        via 10.254.56.6, TenGigabitEthernet1/4
        via 10.254.55.6, TenGigabitEthernet1/6
        via 10.254.11.33, TenGigabitEthernet2/1
        via 10.254.11.9, TenGigabitEthernet1/1
        via 10.254.52.6, TenGigabitEthernet1/5
        via 10.254.4.10, TenGigabitEthernet4/4
        via 10.254.4.14, TenGigabitEthernet4/5
        via 10.254.54.6, TenGigabitEthernet1/3

IP-EIGRP Topology Table for AS(65000)/ID(10.2.0.1)

Codes: P - Passive, A - Active, U - Update, Q - Query, R - Reply,
       r - reply Status, s - sia Status

P 10.50.20.4/32, 2 successors, FD is 128039168
        via 10.4.0.1, GigabitEthernet1/1
        via 10.4.0.2, GigabitEthernet1/2
P 10.50.21.0/27, 0 successors, FD is Inaccessible, tag is 6508497
        via 10.4.0.1, GigabitEthernet1/1
        via 10.4.0.2, GigabitEthernet1/2
P 10.50.75.0/24, 1 successors, FD is 2816
        via Rstatic
P 10.50.23.92/30, 1 successors, FD is 3840256, tag is 5507497
        via Redistributed

ntp server 125.69.99.209",cisco,1,real_derived_cisco_ios_show_ip_eigrp_topology1.raw,mutated_from_cisco_ios_show_ip_eigrp_topology1.raw_to_1,medium
CIS-2.2,NTP servers must be configured for accurate timestamp recording,Verify CIS-2.2 compliance,"! Generated: 2024-01-01
!
hostname RTR-68-6
version 15.7
! ntp server 18.240.48.213
interface GigabitEthernet1/2
 ip address 193.177.204.21 255.255.255.0
 no shutdown
!
interface GigabitEthernet1/3
 ip address 157.24.201.77 255.255.255.0
 no shutdown
!",cisco,0,synthetic_v4,non_compliant,hard
CIS-2.2,NTP servers must be configured for accurate timestamp recording,Verify CIS-2.2 compliance,"! RTR-55-26 Configuration
!
hostname RTR-55-26
version 15.7
! ntp server 96.32.230.43
interface GigabitEthernet1/2
 ip address 155.180.203.8 255.255.255.0
 no shutdown
!
interface GigabitEthernet0/1
 ip address 208.165.219.203 255.255.255.0
 no shutdown
!",cisco,0,synthetic_v4,non_compliant,easy
CIS-2.2,Network infrastructure must synchronize clock with approved time sources,Verify CIS-2.2 compliance,"! ===========================================================================
! R1 base configuration  (router, c7200/IOSv)
! ComputingForGeeks CCNA 200-301 lab: base-device
! https://computingforgeeks.com/cisco-device-base-configuration/
!
! Paste at the privileged-EXEC prompt. RSA key generation takes a few seconds;
! on real gear, let it finish before the rest is applied.
! ===========================================================================
enable
configure terminal
hostname R1
enable secret Cisc0-Lab!
service password-encryption
ip domain-name lab.example.com
username admin privilege 15 secret Adm1n-Lab!
crypto key generate rsa modulus 2048
ip ssh version 2
interface GigabitEthernet0/0
 ip address 192.168.10.1 255.255.255.0
 no shutdown
 exit
line console 0
 password Con-Lab!
 login
 exit
line vty 0 4
 login local
 transport input ssh
 exit
banner motd #Authorized access only. Activity is logged.#
end
write memory

ntp server 244.120.185.26
interface GigabitEthernet1/2
 description WAN Interface
 ip address 102.141.97.248 255.255.255.0
 no shutdown
!",cisco,1,real_derived_R1-base-config.txt,mutated_from_R1-base-config.txt_to_1,medium
CIS-2.2,Network infrastructure must synchronize clock with approved time sources,Verify CIS-2.2 compliance,"! ===========================================================================
! ClientA dhcp-server-relay lab  (DHCP client, local LAN, c7200 / IOS 15.2)
! ComputingForGeeks CCNA 200-301 lab: dhcp-server-relay
! https://computingforgeeks.com/cisco-dhcp-server-relay-configuration/
!
! A router used as an end host on R1's own LAN. It leases directly from the
! local server (192.168.10.1). Verify with: show ip interface brief / show dhcp lease.
! ===========================================================================
enable
configure terminal
hostname ClientA
interface GigabitEthernet0/0
 ip address dhcp
 no shutdown
 exit
end
write memory

ntp server 248.29.31.192",cisco,1,real_derived_ClientA-config.txt,mutated_from_ClientA-config.txt_to_1,medium
CIS-2.2,Time synchronization with trusted NTP infrastructure is required,Verify CIS-2.2 compliance,"! ===========================================================================
! R2 HSRP configuration  (router, c7200/IOSv)  -- STANDBY (lower priority)
! ComputingForGeeks CCNA 200-301 lab: hsrp
! https://computingforgeeks.com/ccna-labs-hsrp-configuration-on-gns3-and-packet-tracer/
!
! Group 1, HSRP version 2, same virtual IP 192.168.10.254.
! R2 has priority 100 (default) + preempt, so it takes over only when R1 fails.
! ===========================================================================
enable
configure terminal
hostname R2
interface GigabitEthernet0/0
 ip address 192.168.10.2 255.255.255.0
 standby version 2
 standby 1 ip 192.168.10.254
 standby 1 priority 100
 standby 1 preempt
 no shutdown
 exit
end
write memory

interface GigabitEthernet0/3
 description LAN Interface
 ip address 48.148.19.3 255.255.255.0
 no shutdown
!",cisco,0,real_derived_R2-hsrp.txt,mutated_from_R2-hsrp.txt_to_0,medium
CIS-2.2,NTP servers must be configured for accurate timestamp recording,Verify CIS-2.2 compliance,"! RTR-73-6 Configuration
!
hostname RTR-73-6
version 15.7
ntp server 203.247.23.13
interface GigabitEthernet1/2
 ip address 246.203.99.81 255.255.255.0
 no shutdown
!",cisco,1,synthetic_v4,compliant,medium
CIS-2.2,Time synchronization with trusted NTP infrastructure is required,Verify CIS-2.2 compliance,"# -*- restclient -*-

# Settings
:node = asr-101
:addr = 50.196.141.39
:deviceusername = <username>
:devicepassword = <password>
:host = http://localhost:8181
:basic-auth := (format ""Basic %s"" (base64-encode-string (format ""%s:%s"" ""admin"" ""admin"")))

# Create ASR 101
POST :host/restconf/config/network-topology:network-topology/topology/topology-netconf/node/controller-config/yang-ext:mount/config:modules
Authorization: :basic-auth
Content-Type: application/xml
<module xmlns=""urn:opendaylight:params:xml:ns:yang:controller:config"">
   <type xmlns:prefix=""urn:opendaylight:params:xml:ns:yang:controller:md:sal:connector:netconf"">prefix:sal-netconf-connector</type>
   <name>:node
   </name>
   <address xmlns=""urn:opendaylight:params:xml:ns:yang:controller:md:sal:connector:netconf"">:addr
   </address>
   <port xmlns=""urn:opendaylight:params:xml:ns:yang:controller:md:sal:connector:netconf"">830</port>
   <username xmlns=""urn:opendaylight:params:xml:ns:yang:controller:md:sal:connector:netconf"">:deviceusername</username>
   <password xmlns=""urn:opendaylight:params:xml:ns:yang:controller:md:sal:connector:netconf"">:devicepassword</password>
   <tcp-only xmlns=""urn:opendaylight:params:xml:ns:yang:controller:md:sal:connector:netconf"">false</tcp-only>
   <event-executor xmlns=""urn:opendaylight:params:xml:ns:yang:controller:md:sal:connector:netconf"">
     <type xmlns:prefix=""urn:opendaylight:params:xml:ns:yang:controller:netty"">prefix:netty-event-executor</type>
     <name>global-event-executor</name>
   </event-executor>
   <binding-registry xmlns=""urn:opendaylight:params:xml:ns:yang:controller:md:sal:connector:netconf"">
     <type xmlns:prefix=""urn:opendaylight:params:xml:ns:yang:controller:md:sal:binding"">prefix:binding-broker-osgi-registry</type>
     <name>binding-osgi-broker</name>
   </binding-registry>
   <dom-registry xmlns=""urn:opendaylight:params:xml:ns:yang:controller:md:sal:connector:netconf"">
     <type xmlns:prefix=""urn:opendaylight:params:xml:ns:yang:controller:md:sal:dom"">prefix:dom-broker-osgi-registry</type>
     <name>dom-broker</name>
   </dom-registry>
   <client-dispatcher xmlns=""urn:opendaylight:params:xml:ns:yang:controller:md:sal:connector:netconf"">
     <type xmlns:prefix=""urn:opendaylight:params:xml:ns:yang:controller:config:netconf"">prefix:netconf-client-dispatcher</type>
     <name>global-netconf-dispatcher</name>
   </client-dispatcher>
   <processing-executor xmlns=""urn:opendaylight:params:xml:ns:yang:controller:md:sal:connector:netconf"">
     <type xmlns:prefix=""urn:opendaylight:params:xml:ns:yang:controller:threadpool"">prefix:threadpool</type>
     <name>global-netconf-processing-executor</name>
   </processing-executor>
 </module>

# Get node operational status
GET :host/restconf/operational/network-topology:network-topology/topology/topology-netconf/node/:node/
Authorization: :basic-auth

# Get interface configuration
GET :host/restconf/operational/network-topology:network-topology/topology/topology-netconf/node/:node/yang-ext:mount/Cisco-IOS-XR-ifmgr-cfg:interface-configurations/
Authorization: :basic-auth
Accept: application/xml

# Get operational l2vpn xconnect groups
GET :host/restconf/operational/network-topology:network-topology/topology/topology-netconf/node/:node/yang-ext:mount/Cisco-IOS-XR-l2vpn-cfg:l2vpn/database/xconnect-groups/xconnect-group/local
Authorization: :basic-auth
Accept: application/xml

# Show
GET :host/restconf/config/network-topology:network-topology/topology/topology-netconf/node/controller-config/yang-ext:mount/config:modules/module/odl-sal-netconf-connector-cfg:sal-netconf-connector/:node
Authorization: :basic-auth

# Delete
DELETE :host/restconf/config/network-topology:network-topology/topology/topology-netconf/node/controller-config/yang-ext:mount/config:modules/module/odl-sal-netconf-connector-cfg:sal-netconf-connector/:node
Authorization: :basic-auth

interface GigabitEthernet0/1
 description LAN Interface
 ip address 98.138.112.176 255.255.255.0
 no shutdown
!",cisco,0,real_derived_cisco-xr-lab-device.txt,mutated_from_cisco-xr-lab-device.txt_to_0,medium
CIS-2.2,NTP servers must be configured for accurate timestamp recording,Verify CIS-2.2 compliance,"! RTR-55-17 Configuration
!
hostname RTR-55-17
version 15.7
! ntp server 100.88.206.232
interface GigabitEthernet1/1
 ip address 26.64.60.162 255.255.255.0
 no shutdown
!",cisco,0,synthetic_v4,non_compliant,hard
CIS-2.2,NTP servers must be configured for accurate timestamp recording,Verify CIS-2.2 compliance,"! Generated: 2024-01-10
!
hostname RTR-89-88
version 15.7
! ntp server 180.50.44.207
interface GigabitEthernet0/3
 ip address 27.254.51.163 255.255.255.0
 no shutdown
!",cisco,0,synthetic_v4,non_compliant,medium
CIS-2.2,NTP servers must be configured for accurate timestamp recording,Verify CIS-2.2 compliance,"! Generated: 2024-01-08
!
hostname RTR-46-24
version 15.7
! ntp server 77.99.125.186
interface GigabitEthernet1/0
 ip address 71.42.73.161 255.255.255.0
 no shutdown
!
interface GigabitEthernet0/0
 ip address 29.235.62.28 255.255.255.0
 no shutdown
!",cisco,0,synthetic_v4,non_compliant,easy
CIS-2.2,NTP Configuration Required,NTP servers must be configured for accurate timestamps.,ntp server 192.168.1.10,cisco,1,v1_curated,curated_training,easy
CIS-2.2,Time synchronization with trusted NTP infrastructure is required,Verify CIS-2.2 compliance,"! ===========================================================================
! R2 ipv6-static-routing lab  (router, c7200 / IOS 15.2)
! ComputingForGeeks CCNA 200-301 lab: ipv6-static-routing
! https://computingforgeeks.com/cisco-ipv6-static-routes-configuration/
!
! Two links to R1: primary 2001:DB8:12::/64 (Gi0/0), backup 2001:DB8:13::/64
! (Gi1/0). R2 reaches R1's network 2001:DB8:1::/64 via a fully-specified
! link-local primary static (AD 1) and a floating static (AD 200), so the return
! path also fails over when the primary link is shut. Run the matching R1 file.
! ===========================================================================
enable
configure terminal
hostname R2
ipv6 unicast-routing
interface Loopback1
 ipv6 address 2001:DB8:2::1/64
 exit
interface GigabitEthernet0/0
 ipv6 address 2001:DB8:12::2/64
 ipv6 address FE80::2 link-local
 no shutdown
 exit
interface GigabitEthernet1/0
 ipv6 address 2001:DB8:13::2/64
 ipv6 address FE80::20 link-local
 no shutdown
 exit
ipv6 route 2001:DB8:1::/64 GigabitEthernet0/0 FE80::1
ipv6 route 2001:DB8:1::/64 GigabitEthernet1/0 FE80::10 200
end
write memory

ntp server 135.210.209.211
interface GigabitEthernet0/2
 description DMZ Interface
 ip address 19.230.238.175 255.255.255.0
 no shutdown
!",cisco,1,real_derived_R2-config.txt,mutated_from_R2-config.txt_to_1,medium
CIS-2.2,NTP servers must be configured for accurate timestamp recording,Verify CIS-2.2 compliance,"! RTR-10-2 Configuration
!
hostname RTR-10-2
version 15.7
ntp server 209.213.76.196
interface GigabitEthernet1/3
 ip address 185.172.227.201 255.255.255.0
 no shutdown
!
interface GigabitEthernet0/2
 ip address 29.79.30.226 255.255.255.0
 no shutdown
!",cisco,1,synthetic_v4,compliant,hard
CIS-2.2,Device clocks must be synchronized via configured NTP servers,Verify CIS-2.2 compliance,"! ===========================================================================
! R2 DNS client configuration  (router, c7200/IOSv)
! ComputingForGeeks CCNA 200-301 lab: dns-static
! https://computingforgeeks.com/ccna-labs-dns-server-configuration-on-gns3-and-packet-tracer/
!
! R2 resolves names through R1 and has a route to the server1 loopback so the
! resolved address is reachable.
! ===========================================================================
enable
configure terminal
hostname R2
interface GigabitEthernet0/0
 ip address 192.168.10.2 255.255.255.0
 no shutdown
 exit
ip name-server 192.168.10.1
ip domain-lookup
ip route 10.0.0.1 255.255.255.255 192.168.10.1
end
write memory",cisco,0,real_derived_R2-dns-client.txt,mutated_from_R2-dns-client.txt_to_0,medium
CIS-2.2,Time synchronization with trusted NTP infrastructure is required,Verify CIS-2.2 compliance,"IP-EIGRP Topology Table for AS(100)/ID(10.255.11.6)

Codes: P - Passive, A - Active, U - Update, Q - Query, R - Reply,
       r - reply Status, s - sia Status

P 66.128.208.232/32, 2 successors, FD is 264448
        via 10.254.11.9, TenGigabitEthernet1/1
        via 10.254.11.33, TenGigabitEthernet2/1
P 10.254.6.8/30, 1 successors, FD is 1024
        via 10.254.6.14, Port-channel10
P 67.230.223.128/28, 2 successors, FD is 5632, tag is 53471
        via 10.254.11.9, TenGigabitEthernet1/1
        via 10.254.11.33, TenGigabitEthernet2/1
P 10.255.10.5/32, 1 successors, FD is 130816
        via 10.254.10.34, GigabitEthernet9/29
P 10.255.1.14/32, 1 successors, FD is 128768
        via 10.254.1.34, Port-channel3
P 10.254.2.12/30, 1 successors, FD is 768
        via 10.254.2.22, TenGigabitEthernet3/3
P 10.255.11.4/32, 4 successors, FD is 128768
        via 10.254.56.6, TenGigabitEthernet1/4
        via 10.254.55.6, TenGigabitEthernet1/6
        via 10.254.11.33, TenGigabitEthernet2/1
        via 10.254.11.9, TenGigabitEthernet1/1
        via 10.254.52.6, TenGigabitEthernet1/5
        via 10.254.4.10, TenGigabitEthernet4/4
        via 10.254.4.14, TenGigabitEthernet4/5
        via 10.254.54.6, TenGigabitEthernet1/3

IP-EIGRP Topology Table for AS(65000)/ID(10.2.0.1)

Codes: P - Passive, A - Active, U - Update, Q - Query, R - Reply,
       r - reply Status, s - sia Status

P 10.50.20.4/32, 2 successors, FD is 128039168
        via 10.4.0.1, GigabitEthernet1/1
        via 10.4.0.2, GigabitEthernet1/2
P 10.50.21.0/27, 0 successors, FD is Inaccessible, tag is 6508497
        via 10.4.0.1, GigabitEthernet1/1
        via 10.4.0.2, GigabitEthernet1/2
P 10.50.75.0/24, 1 successors, FD is 2816
        via Rstatic
P 10.50.23.92/30, 1 successors, FD is 3840256, tag is 5507497
        via Redistributed

interface GigabitEthernet1/0
 description DMZ Interface
 ip address 35.160.60.62 255.255.255.0
 no shutdown
!",cisco,0,real_derived_cisco_ios_show_ip_eigrp_topology1.raw,mutated_from_cisco_ios_show_ip_eigrp_topology1.raw_to_0,medium
CIS-2.2,NTP servers must be configured for accurate timestamp recording,Verify CIS-2.2 compliance,"! Generated: 2024-01-18
!
hostname RTR-4-31
version 15.7
ntp server 28.33.108.153
interface GigabitEthernet0/0
 ip address 62.137.43.251 255.255.255.0
 no shutdown
!",cisco,1,synthetic_v4,compliant,hard
CIS-2.2,NTP servers must be configured for accurate timestamp recording,Verify CIS-2.2 compliance,"! RTR-89-35 Configuration
!
hostname RTR-89-35
version 15.7
ntp server 32.10.22.27
ntp server 27.212.72.1
interface GigabitEthernet0/3
 ip address 99.75.180.168 255.255.255.0
 no shutdown
!",cisco,1,synthetic_v4,compliant,medium
CIS-2.2,Device clocks must be synchronized via configured NTP servers,Verify CIS-2.2 compliance,"! ===========================================================================
! R1 HSRP configuration  (router, c7200/IOSv)  -- ACTIVE (higher priority)
! ComputingForGeeks CCNA 200-301 lab: hsrp
! https://computingforgeeks.com/ccna-labs-hsrp-configuration-on-gns3-and-packet-tracer/
!
! Group 1, HSRP version 2, virtual IP 192.168.10.254.
! R1 has priority 110 + preempt, so it owns the active role and reclaims it
! after a recovery.
! ===========================================================================
enable
configure terminal
hostname R1
interface GigabitEthernet0/0
 ip address 192.168.10.1 255.255.255.0
 standby version 2
 standby 1 ip 192.168.10.254
 standby 1 priority 110
 standby 1 preempt
 no shutdown
 exit
end
write memory

interface GigabitEthernet1/1
 description WAN Interface
 ip address 91.173.89.213 255.255.255.0
 no shutdown
!",cisco,0,real_derived_R1-hsrp.txt,mutated_from_R1-hsrp.txt_to_0,medium
CIS-2.2,NTP servers must be configured for accurate timestamp recording,Verify CIS-2.2 compliance,"! RTR-19-64 Configuration
!
hostname RTR-19-64
version 15.7
! ntp server 30.208.134.134
interface GigabitEthernet0/3
 ip address 164.49.18.56 255.255.255.0
 no shutdown
!
interface GigabitEthernet0/3
 ip address 179.85.193.56 255.255.255.0
 no shutdown
!",cisco,0,synthetic_v4,non_compliant,medium
CIS-2.2,NTP servers must be configured for accurate timestamp recording,Verify CIS-2.2 compliance,"! RTR-12-45 Configuration
!
hostname RTR-12-45
version 15.7
! ntp server 167.150.239.191
interface GigabitEthernet1/1
 ip address 65.88.101.176 255.255.255.0
 no shutdown
!
interface GigabitEthernet1/3
 ip address 27.159.84.204 255.255.255.0
 no shutdown
!",cisco,0,synthetic_v4,non_compliant,easy
CIS-2.2,Device clocks must be synchronized via configured NTP servers,Verify CIS-2.2 compliance,"! ===========================================================================
! R1 base configuration  (router, c7200/IOSv)
! ComputingForGeeks CCNA 200-301 lab: base-device
! https://computingforgeeks.com/cisco-device-base-configuration/
!
! Paste at the privileged-EXEC prompt. RSA key generation takes a few seconds;
! on real gear, let it finish before the rest is applied.
! ===========================================================================
enable
configure terminal
hostname R1
enable secret Cisc0-Lab!
service password-encryption
ip domain-name lab.example.com
username admin privilege 15 secret Adm1n-Lab!
crypto key generate rsa modulus 2048
ip ssh version 2
interface GigabitEthernet0/0
 ip address 192.168.10.1 255.255.255.0
 no shutdown
 exit
line console 0
 password Con-Lab!
 login
 exit
line vty 0 4
 login local
 transport input ssh
 exit
banner motd #Authorized access only. Activity is logged.#
end
write memory

interface GigabitEthernet1/3
 description LAN Interface
 ip address 9.189.111.114 255.255.255.0
 no shutdown
!",cisco,0,real_derived_R1-base-config.txt,mutated_from_R1-base-config.txt_to_0,medium
CIS-2.2,NTP servers must be configured for accurate timestamp recording,Verify CIS-2.2 compliance,"! Generated: 2024-01-23
!
hostname RTR-29-88
version 15.7
ntp server 211.57.251.44
ntp server 58.52.144.92",cisco,1,synthetic_v4,compliant,medium
CIS-2.2,NTP servers must be configured for accurate timestamp recording,Verify CIS-2.2 compliance,"! ===========================================================================
! R2 ipv6-static-routing lab  (router, c7200 / IOS 15.2)
! ComputingForGeeks CCNA 200-301 lab: ipv6-static-routing
! https://computingforgeeks.com/cisco-ipv6-static-routes-configuration/
!
! Two links to R1: primary 2001:DB8:12::/64 (Gi0/0), backup 2001:DB8:13::/64
! (Gi1/0). R2 reaches R1's network 2001:DB8:1::/64 via a fully-specified
! link-local primary static (AD 1) and a floating static (AD 200), so the return
! path also fails over when the primary link is shut. Run the matching R1 file.
! ===========================================================================
enable
configure terminal
hostname R2
ipv6 unicast-routing
interface Loopback1
 ipv6 address 2001:DB8:2::1/64
 exit
interface GigabitEthernet0/0
 ipv6 address 2001:DB8:12::2/64
 ipv6 address FE80::2 link-local
 no shutdown
 exit
interface GigabitEthernet1/0
 ipv6 address 2001:DB8:13::2/64
 ipv6 address FE80::20 link-local
 no shutdown
 exit
ipv6 route 2001:DB8:1::/64 GigabitEthernet0/0 FE80::1
ipv6 route 2001:DB8:1::/64 GigabitEthernet1/0 FE80::10 200
end
write memory

interface GigabitEthernet0/2
 description DMZ Interface
 ip address 58.62.102.203 255.255.255.0
 no shutdown
!",cisco,0,real_derived_R2-config.txt,mutated_from_R2-config.txt_to_0,medium
CIS-2.2,Device clocks must be synchronized via configured NTP servers,Verify CIS-2.2 compliance,"! Generated: 2024-01-24
!
hostname RTR-95-43
version 15.7
ntp server 90.131.249.65",juniper,1,synthetic_v4,compliant,medium
CIS-2.2,Device clocks must be synchronized via configured NTP servers,Verify CIS-2.2 compliance,"! Generated: 2024-01-01
!
hostname RTR-86-61
version 15.7
ntp server 46.135.39.44
ntp server 219.4.180.249
interface GigabitEthernet1/1
 ip address 121.56.23.210 255.255.255.0
 no shutdown
!",juniper,1,synthetic_v4,compliant,easy
CIS-2.2,Device clocks must be synchronized via configured NTP servers,Verify CIS-2.2 compliance,"! RTR-71-41 Configuration
!
hostname RTR-71-41
version 15.7
! ntp server 113.92.132.197
interface GigabitEthernet1/1
 ip address 59.89.75.224 255.255.255.0
 no shutdown
!
interface GigabitEthernet0/1
 ip address 30.19.94.176 255.255.255.0
 no shutdown
!",juniper,0,synthetic_v4,non_compliant,hard
CIS-2.2,Device clocks must be synchronized via configured NTP servers,Verify CIS-2.2 compliance,"! RTR-3-64 Configuration
!
hostname RTR-3-64
version 15.7
! ntp server 70.142.196.77
interface GigabitEthernet0/2
 ip address 219.196.253.5 255.255.255.0
 no shutdown
!",juniper,0,synthetic_v4,non_compliant,medium
CIS-2.2,Device clocks must be synchronized via configured NTP servers,Verify CIS-2.2 compliance,"! Generated: 2024-01-24
!
hostname RTR-90-56
version 15.7
ntp server 23.99.193.164",juniper,1,synthetic_v4,compliant,hard
CIS-2.2,Device clocks must be synchronized via configured NTP servers,Verify CIS-2.2 compliance,"! Generated: 2024-01-25
!
hostname RTR-54-34
version 15.7
! ntp server 16.71.104.141
interface GigabitEthernet0/1
 ip address 127.37.18.89 255.255.255.0
 no shutdown
!
interface GigabitEthernet0/3
 ip address 154.41.245.243 255.255.255.0
 no shutdown
!",juniper,0,synthetic_v4,non_compliant,easy
CIS-2.2,Device clocks must be synchronized via configured NTP servers,Verify CIS-2.2 compliance,"! Generated: 2024-01-05
!
hostname RTR-16-17
version 15.7
ntp server 193.211.228.172
interface GigabitEthernet1/2
 ip address 83.247.115.24 255.255.255.0
 no shutdown
!
interface GigabitEthernet1/2
 ip address 183.42.180.143 255.255.255.0
 no shutdown
!",juniper,1,synthetic_v4,compliant,easy
CIS-2.2,Device clocks must be synchronized via configured NTP servers,Verify CIS-2.2 compliance,"! RTR-60-55 Configuration
!
hostname RTR-60-55
version 15.7
! ntp server 146.133.83.246
interface GigabitEthernet0/0
 ip address 72.140.43.64 255.255.255.0
 no shutdown
!",juniper,0,synthetic_v4,non_compliant,hard
CIS-2.2,Device clocks must be synchronized via configured NTP servers,Verify CIS-2.2 compliance,"! RTR-84-49 Configuration
!
hostname RTR-84-49
version 15.7
ntp server 109.99.150.49
interface GigabitEthernet1/0
 ip address 175.25.127.246 255.255.255.0
 no shutdown
!
interface GigabitEthernet0/1
 ip address 30.27.18.148 255.255.255.0
 no shutdown
!",juniper,1,synthetic_v4,compliant,medium
CIS-2.2,Device clocks must be synchronized via configured NTP servers,Verify CIS-2.2 compliance,"! Generated: 2024-01-14
!
hostname RTR-18-1
version 15.7
! ntp server 146.36.174.48
interface GigabitEthernet0/1
 ip address 147.242.180.92 255.255.255.0
 no shutdown
!
interface GigabitEthernet0/0
 ip address 113.218.192.224 255.255.255.0
 no shutdown
!",juniper,0,synthetic_v4,non_compliant,easy
CIS-2.2,NTP Configuration Required,NTP servers must be configured for accurate timestamps.,set system ntp server 192.168.1.10,juniper,1,v1_curated,curated_training,easy
CIS-2.2,Device clocks must be synchronized via configured NTP servers,Verify CIS-2.2 compliance,"! RTR-66-92 Configuration
!
hostname RTR-66-92
version 15.7
! ntp server 131.176.110.97
interface GigabitEthernet0/3
 ip address 196.40.39.246 255.255.255.0
 no shutdown
!",juniper,0,synthetic_v4,non_compliant,easy
CIS-2.2,Device clocks must be synchronized via configured NTP servers,Verify CIS-2.2 compliance,"! Generated: 2024-01-02
!
hostname RTR-35-93
version 15.7
! ntp server 128.115.179.111
interface GigabitEthernet0/0
 ip address 7.100.194.175 255.255.255.0
 no shutdown
!",juniper,0,synthetic_v4,non_compliant,hard
CIS-2.2,Device clocks must be synchronized via configured NTP servers,Verify CIS-2.2 compliance,"! Generated: 2024-01-28
!
hostname RTR-73-44
version 15.7
ntp server 202.71.142.201
ntp server 78.201.34.235
interface GigabitEthernet1/3
 ip address 156.92.132.34 255.255.255.0
 no shutdown
!
interface GigabitEthernet1/2
 ip address 150.206.34.12 255.255.255.0
 no shutdown
!",juniper,1,synthetic_v4,compliant,easy
CIS-2.2,Device clocks must be synchronized via configured NTP servers,Verify CIS-2.2 compliance,"! Generated: 2024-01-19
!
hostname RTR-10-31
version 15.7
! ntp server 96.212.36.165
interface GigabitEthernet0/0
 ip address 84.184.171.250 255.255.255.0
 no shutdown
!
interface GigabitEthernet1/2
 ip address 121.150.15.42 255.255.255.0
 no shutdown
!",juniper,0,synthetic_v4,non_compliant,medium
CIS-2.2,Device clocks must be synchronized via configured NTP servers,Verify CIS-2.2 compliance,"! Generated: 2024-01-01
!
hostname RTR-57-60
version 15.7
! ntp server 120.18.183.123
interface GigabitEthernet1/0
 ip address 149.40.141.230 255.255.255.0
 no shutdown
!",juniper,0,synthetic_v4,non_compliant,hard
CIS-2.2,Device clocks must be synchronized via configured NTP servers,Verify CIS-2.2 compliance,"! RTR-5-70 Configuration
!
hostname RTR-5-70
version 15.7
! ntp server 240.13.172.237
interface GigabitEthernet0/0
 ip address 88.222.218.201 255.255.255.0
 no shutdown
!
interface GigabitEthernet0/0
 ip address 142.198.147.220 255.255.255.0
 no shutdown
!",juniper,0,synthetic_v4,non_compliant,hard
CIS-2.2,Device clocks must be synchronized via configured NTP servers,Verify CIS-2.2 compliance,"! RTR-31-9 Configuration
!
hostname RTR-31-9
version 15.7
ntp server 71.115.207.101",juniper,1,synthetic_v4,compliant,hard
CIS-2.2,Device clocks must be synchronized via configured NTP servers,Verify CIS-2.2 compliance,"! RTR-95-3 Configuration
!
hostname RTR-95-3
version 15.7
! ntp server 14.198.193.179",juniper,0,synthetic_v4,non_compliant,hard
CIS-2.2,Device clocks must be synchronized via configured NTP servers,Verify CIS-2.2 compliance,"! Generated: 2024-01-02
!
hostname RTR-17-57
version 15.7
! ntp server 81.179.125.75",juniper,0,synthetic_v4,non_compliant,medium
CIS-2.2,Device clocks must be synchronized via configured NTP servers,Verify CIS-2.2 compliance,"! RTR-46-32 Configuration
!
hostname RTR-46-32
version 15.7
ntp server 164.197.216.103
ntp server 26.133.154.153
interface GigabitEthernet1/1
 ip address 175.102.128.35 255.255.255.0
 no shutdown
!
interface GigabitEthernet1/1
 ip address 78.156.43.77 255.255.255.0
 no shutdown
!",juniper,1,synthetic_v4,compliant,hard
CIS-2.2,Device clocks must be synchronized via configured NTP servers,Verify CIS-2.2 compliance,"! Generated: 2024-01-07
!
hostname RTR-50-57
version 15.7
! ntp server 98.94.220.137",juniper,0,synthetic_v4,non_compliant,medium
CIS-2.2,Device clocks must be synchronized via configured NTP servers,Verify CIS-2.2 compliance,"! RTR-64-48 Configuration
!
hostname RTR-64-48
version 15.7
ntp server 101.197.54.119
interface GigabitEthernet1/3
 ip address 31.199.5.149 255.255.255.0
 no shutdown
!",juniper,1,synthetic_v4,compliant,medium
CIS-2.2,Device clocks must be synchronized via configured NTP servers,Verify CIS-2.2 compliance,"! Generated: 2024-01-10
!
hostname RTR-2-59
version 15.7
ntp server 212.63.27.126
interface GigabitEthernet0/2
 ip address 36.179.145.202 255.255.255.0
 no shutdown
!",juniper,1,synthetic_v4,compliant,hard
CIS-2.2,Device clocks must be synchronized via configured NTP servers,Verify CIS-2.2 compliance,"! RTR-42-14 Configuration
!
hostname RTR-42-14
version 15.7
ntp server 97.68.102.51
interface GigabitEthernet0/1
 ip address 190.82.222.209 255.255.255.0
 no shutdown
!
interface GigabitEthernet0/0
 ip address 150.12.49.53 255.255.255.0
 no shutdown
!",juniper,1,synthetic_v4,compliant,easy
CIS-2.2,Device clocks must be synchronized via configured NTP servers,Verify CIS-2.2 compliance,"! Generated: 2024-01-12
!
hostname RTR-72-65
version 15.7
! ntp server 168.247.117.115
interface GigabitEthernet0/1
 ip address 199.208.70.156 255.255.255.0
 no shutdown
!",juniper,0,synthetic_v4,non_compliant,medium
CIS-2.2,Device clocks must be synchronized via configured NTP servers,Verify CIS-2.2 compliance,"! Generated: 2024-01-14
!
hostname RTR-65-14
version 15.7
! ntp server 181.248.143.21",juniper,0,synthetic_v4,non_compliant,easy
CIS-2.2,Device clocks must be synchronized via configured NTP servers,Verify CIS-2.2 compliance,"! RTR-87-70 Configuration
!
hostname RTR-87-70
version 15.7
ntp server 116.89.135.234
ntp server 228.169.200.151
interface GigabitEthernet1/1
 ip address 11.175.62.111 255.255.255.0
 no shutdown
!
interface GigabitEthernet1/2
 ip address 74.56.4.128 255.255.255.0
 no shutdown
!",juniper,1,synthetic_v4,compliant,hard
CIS-2.2,Device clocks must be synchronized via configured NTP servers,Verify CIS-2.2 compliance,"! RTR-8-70 Configuration
!
hostname RTR-8-70
version 15.7
! ntp server 29.241.134.168",juniper,0,synthetic_v4,non_compliant,medium
CIS-2.2,Device clocks must be synchronized via configured NTP servers,Verify CIS-2.2 compliance,"! RTR-86-99 Configuration
!
hostname RTR-86-99
version 15.7
ntp server 245.44.138.37
ntp server 51.221.41.75",juniper,1,synthetic_v4,compliant,medium
CIS-2.2,Device clocks must be synchronized via configured NTP servers,Verify CIS-2.2 compliance,"! Generated: 2024-01-18
!
hostname RTR-57-75
version 15.7
! ntp server 184.116.31.244
interface GigabitEthernet1/0
 ip address 174.180.22.154 255.255.255.0
 no shutdown
!
interface GigabitEthernet0/2
 ip address 28.39.227.29 255.255.255.0
 no shutdown
!",juniper,0,synthetic_v4,non_compliant,hard
CIS-2.2,Device clocks must be synchronized via configured NTP servers,Verify CIS-2.2 compliance,"! RTR-97-69 Configuration
!
hostname RTR-97-69
version 15.7
! ntp server 254.7.127.209",juniper,0,synthetic_v4,non_compliant,easy
CIS-2.2,Device clocks must be synchronized via configured NTP servers,Verify CIS-2.2 compliance,"! Generated: 2024-01-17
!
hostname RTR-73-11
version 15.7
! ntp server 77.51.60.128",juniper,0,synthetic_v4,non_compliant,hard
CIS-2.2,Device clocks must be synchronized via configured NTP servers,Verify CIS-2.2 compliance,"! RTR-5-83 Configuration
!
hostname RTR-5-83
version 15.7
ntp server 169.227.21.233
ntp server 247.71.239.226
interface GigabitEthernet0/1
 ip address 92.107.178.232 255.255.255.0
 no shutdown
!
interface GigabitEthernet1/0
 ip address 45.77.180.168 255.255.255.0
 no shutdown
!",juniper,1,synthetic_v4,compliant,hard
CIS-2.2,Device clocks must be synchronized via configured NTP servers,Verify CIS-2.2 compliance,"! Generated: 2024-01-03
!
hostname RTR-37-44
version 15.7
! ntp server 105.215.75.148
interface GigabitEthernet0/3
 ip address 4.85.61.108 255.255.255.0
 no shutdown
!",juniper,0,synthetic_v4,non_compliant,medium
CIS-2.2,Device clocks must be synchronized via configured NTP servers,Verify CIS-2.2 compliance,"! RTR-16-95 Configuration
!
hostname RTR-16-95
version 15.7
ntp server 131.27.104.133
interface GigabitEthernet0/1
 ip address 230.79.154.161 255.255.255.0
 no shutdown
!
interface GigabitEthernet1/0
 ip address 207.248.102.30 255.255.255.0
 no shutdown
!",juniper,1,synthetic_v4,compliant,easy
CIS-2.2,Device clocks must be synchronized via configured NTP servers,Verify CIS-2.2 compliance,"! Generated: 2024-01-20
!
hostname RTR-75-66
version 15.7
ntp server 140.150.27.194
ntp server 33.206.3.119
interface GigabitEthernet0/0
 ip address 15.138.54.86 255.255.255.0
 no shutdown
!
interface GigabitEthernet0/2
 ip address 145.246.169.222 255.255.255.0
 no shutdown
!",juniper,1,synthetic_v4,compliant,easy
CIS-2.2,Device clocks must be synchronized via configured NTP servers,Verify CIS-2.2 compliance,"! RTR-19-60 Configuration
!
hostname RTR-19-60
version 15.7
ntp server 134.148.83.78",juniper,1,synthetic_v4,compliant,medium
CIS-2.2,Device clocks must be synchronized via configured NTP servers,Verify CIS-2.2 compliance,"! Generated: 2024-01-03
!
hostname RTR-62-85
version 15.7
! ntp server 20.128.105.127
interface GigabitEthernet0/3
 ip address 183.154.187.200 255.255.255.0
 no shutdown
!
interface GigabitEthernet1/1
 ip address 135.136.163.179 255.255.255.0
 no shutdown
!",juniper,0,synthetic_v4,non_compliant,hard
CIS-2.2,Device clocks must be synchronized via configured NTP servers,Verify CIS-2.2 compliance,"! RTR-73-88 Configuration
!
hostname RTR-73-88
version 15.7
ntp server 214.116.85.194",juniper,1,synthetic_v4,compliant,medium
CIS-2.2,Device clocks must be synchronized via configured NTP servers,Verify CIS-2.2 compliance,"! Generated: 2024-01-16
!
hostname RTR-59-24
version 15.7
ntp server 170.231.180.68
interface GigabitEthernet1/1
 ip address 39.203.220.131 255.255.255.0
 no shutdown
!
interface GigabitEthernet1/0
 ip address 113.139.189.26 255.255.255.0
 no shutdown
!",juniper,1,synthetic_v4,compliant,easy
CIS-2.2,Device clocks must be synchronized via configured NTP servers,Verify CIS-2.2 compliance,"! RTR-98-71 Configuration
!
hostname RTR-98-71
version 15.7
! ntp server 121.51.64.223",juniper,0,synthetic_v4,non_compliant,medium
CIS-2.2,Network infrastructure must synchronize clock with approved time sources,Verify CIS-2.2 compliance,"! Generated: 2024-01-24
!
hostname RTR-43-53
version 15.7
ntp server 64.6.18.217
interface GigabitEthernet1/3
 ip address 11.80.144.78 255.255.255.0
 no shutdown
!",paloalto,1,synthetic_v4,compliant,easy
CIS-2.2,Network infrastructure must synchronize clock with approved time sources,Verify CIS-2.2 compliance,"! RTR-94-55 Configuration
!
hostname RTR-94-55
version 15.7
! ntp server 137.36.177.126
interface GigabitEthernet0/1
 ip address 197.120.188.93 255.255.255.0
 no shutdown
!",paloalto,0,synthetic_v4,non_compliant,medium
CIS-2.2,Network infrastructure must synchronize clock with approved time sources,Verify CIS-2.2 compliance,"! RTR-89-34 Configuration
!
hostname RTR-89-34
version 15.7
ntp server 162.120.178.124
ntp server 245.92.153.216",paloalto,1,synthetic_v4,compliant,medium
CIS-2.2,NTP Configuration Required,NTP servers must be configured for accurate timestamps.,set deviceconfig setting ntp server primary 192.168.1.10,paloalto,1,v1_curated,curated_training,easy
CIS-2.2,Network infrastructure must synchronize clock with approved time sources,Verify CIS-2.2 compliance,"! RTR-30-81 Configuration
!
hostname RTR-30-81
version 15.7
ntp server 64.17.139.192
interface GigabitEthernet0/2
 ip address 221.43.39.19 255.255.255.0
 no shutdown
!
interface GigabitEthernet1/0
 ip address 4.77.48.189 255.255.255.0
 no shutdown
!",paloalto,1,synthetic_v4,compliant,hard
CIS-2.2,Network infrastructure must synchronize clock with approved time sources,Verify CIS-2.2 compliance,"! RTR-47-60 Configuration
!
hostname RTR-47-60
version 15.7
! ntp server 89.217.109.158
interface GigabitEthernet1/2
 ip address 46.5.100.114 255.255.255.0
 no shutdown
!",paloalto,0,synthetic_v4,non_compliant,medium
CIS-2.2,Network infrastructure must synchronize clock with approved time sources,Verify CIS-2.2 compliance,"! Generated: 2024-01-07
!
hostname RTR-9-84
version 15.7
ntp server 93.101.80.215
ntp server 221.117.148.206",paloalto,1,synthetic_v4,compliant,medium
CIS-2.2,Network infrastructure must synchronize clock with approved time sources,Verify CIS-2.2 compliance,"! RTR-45-88 Configuration
!
hostname RTR-45-88
version 15.7
! ntp server 168.207.6.42
interface GigabitEthernet1/0
 ip address 125.205.216.198 255.255.255.0
 no shutdown
!
interface GigabitEthernet0/2
 ip address 109.132.59.155 255.255.255.0
 no shutdown
!",paloalto,0,synthetic_v4,non_compliant,medium
CIS-2.2,Network infrastructure must synchronize clock with approved time sources,Verify CIS-2.2 compliance,"! Generated: 2024-01-08
!
hostname RTR-27-56
version 15.7
! ntp server 40.191.2.123",paloalto,0,synthetic_v4,non_compliant,easy
CIS-2.2,Network infrastructure must synchronize clock with approved time sources,Verify CIS-2.2 compliance,"! Generated: 2024-01-21
!
hostname RTR-77-21
version 15.7
ntp server 144.115.176.161",paloalto,1,synthetic_v4,compliant,medium
CIS-2.2,Network infrastructure must synchronize clock with approved time sources,Verify CIS-2.2 compliance,"! Generated: 2024-01-04
!
hostname RTR-58-48
version 15.7
ntp server 165.159.170.37
ntp server 250.42.48.144",paloalto,1,synthetic_v4,compliant,medium
CIS-2.2,Network infrastructure must synchronize clock with approved time sources,Verify CIS-2.2 compliance,"! RTR-42-39 Configuration
!
hostname RTR-42-39
version 15.7
! ntp server 153.57.182.188",paloalto,0,synthetic_v4,non_compliant,hard
CIS-2.2,Network infrastructure must synchronize clock with approved time sources,Verify CIS-2.2 compliance,"! Generated: 2024-01-05
!
hostname RTR-22-59
version 15.7
! ntp server 52.88.154.79",paloalto,0,synthetic_v4,non_compliant,easy
CIS-2.2,Network infrastructure must synchronize clock with approved time sources,Verify CIS-2.2 compliance,"! RTR-28-12 Configuration
!
hostname RTR-28-12
version 15.7
ntp server 158.75.73.43",paloalto,1,synthetic_v4,compliant,easy
CIS-2.2,Network infrastructure must synchronize clock with approved time sources,Verify CIS-2.2 compliance,"! Generated: 2024-01-24
!
hostname RTR-48-59
version 15.7
! ntp server 242.126.157.215
interface GigabitEthernet0/2
 ip address 14.194.146.46 255.255.255.0
 no shutdown
!",paloalto,0,synthetic_v4,non_compliant,medium
CIS-2.2,Network infrastructure must synchronize clock with approved time sources,Verify CIS-2.2 compliance,"! RTR-65-48 Configuration
!
hostname RTR-65-48
version 15.7
! ntp server 183.171.186.29
interface GigabitEthernet1/0
 ip address 39.3.172.243 255.255.255.0
 no shutdown
!
interface GigabitEthernet1/1
 ip address 132.232.222.13 255.255.255.0
 no shutdown
!",paloalto,0,synthetic_v4,non_compliant,medium
CIS-2.2,Network infrastructure must synchronize clock with approved time sources,Verify CIS-2.2 compliance,"! RTR-76-49 Configuration
!
hostname RTR-76-49
version 15.7
ntp server 57.100.135.121
interface GigabitEthernet1/1
 ip address 51.45.109.1 255.255.255.0
 no shutdown
!
interface GigabitEthernet1/0
 ip address 126.106.91.10 255.255.255.0
 no shutdown
!",paloalto,1,synthetic_v4,compliant,medium
CIS-2.2,Network infrastructure must synchronize clock with approved time sources,Verify CIS-2.2 compliance,"! Generated: 2024-01-18
!
hostname RTR-51-32
version 15.7
! ntp server 25.64.74.163
interface GigabitEthernet1/3
 ip address 177.124.234.11 255.255.255.0
 no shutdown
!
interface GigabitEthernet0/2
 ip address 96.19.75.156 255.255.255.0
 no shutdown
!",paloalto,0,synthetic_v4,non_compliant,hard
CIS-2.2,Network infrastructure must synchronize clock with approved time sources,Verify CIS-2.2 compliance,"! Generated: 2024-01-14
!
hostname RTR-25-6
version 15.7
! ntp server 24.173.196.168",paloalto,0,synthetic_v4,non_compliant,easy
CIS-2.2,Network infrastructure must synchronize clock with approved time sources,Verify CIS-2.2 compliance,"! Generated: 2024-01-16
!
hostname RTR-37-6
version 15.7
! ntp server 118.187.25.228
interface GigabitEthernet1/3
 ip address 87.151.12.139 255.255.255.0
 no shutdown
!
interface GigabitEthernet1/1
 ip address 76.182.213.5 255.255.255.0
 no shutdown
!",paloalto,0,synthetic_v4,non_compliant,medium
CIS-2.2,Network infrastructure must synchronize clock with approved time sources,Verify CIS-2.2 compliance,"! RTR-90-69 Configuration
!
hostname RTR-90-69
version 15.7
ntp server 98.8.254.187
interface GigabitEthernet1/1
 ip address 148.12.203.198 255.255.255.0
 no shutdown
!",paloalto,1,synthetic_v4,compliant,easy
CIS-2.2,Network infrastructure must synchronize clock with approved time sources,Verify CIS-2.2 compliance,"! RTR-7-18 Configuration
!
hostname RTR-7-18
version 15.7
! ntp server 113.217.241.84
interface GigabitEthernet0/3
 ip address 97.197.242.91 255.255.255.0
 no shutdown
!",paloalto,0,synthetic_v4,non_compliant,medium
CIS-2.2,Network infrastructure must synchronize clock with approved time sources,Verify CIS-2.2 compliance,"! Generated: 2024-01-19
!
hostname RTR-28-36
version 15.7
ntp server 27.64.196.85
ntp server 219.141.242.54",paloalto,1,synthetic_v4,compliant,easy
CIS-2.2,Network infrastructure must synchronize clock with approved time sources,Verify CIS-2.2 compliance,"! Generated: 2024-01-13
!
hostname RTR-76-32
version 15.7
ntp server 158.242.119.16
ntp server 65.210.159.190
interface GigabitEthernet0/2
 ip address 177.208.2.69 255.255.255.0
 no shutdown
!",paloalto,1,synthetic_v4,compliant,hard
CIS-2.2,Network infrastructure must synchronize clock with approved time sources,Verify CIS-2.2 compliance,"! Generated: 2024-01-10
!
hostname RTR-84-74
version 15.7
ntp server 110.47.113.248",paloalto,1,synthetic_v4,compliant,medium
CIS-2.2,Network infrastructure must synchronize clock with approved time sources,Verify CIS-2.2 compliance,"! RTR-21-67 Configuration
!
hostname RTR-21-67
version 15.7
ntp server 43.101.224.223
ntp server 10.217.253.44
interface GigabitEthernet0/3
 ip address 103.4.151.31 255.255.255.0
 no shutdown
!
interface GigabitEthernet1/2
 ip address 185.138.165.158 255.255.255.0
 no shutdown
!",paloalto,1,synthetic_v4,compliant,medium
CIS-2.2,Network infrastructure must synchronize clock with approved time sources,Verify CIS-2.2 compliance,"! Generated: 2024-01-22
!
hostname RTR-54-58
version 15.7
ntp server 109.59.90.119
ntp server 170.58.177.179
interface GigabitEthernet1/3
 ip address 154.210.120.8 255.255.255.0
 no shutdown
!",paloalto,1,synthetic_v4,compliant,medium
CIS-2.2,Network infrastructure must synchronize clock with approved time sources,Verify CIS-2.2 compliance,"! RTR-68-75 Configuration
!
hostname RTR-68-75
version 15.7
ntp server 238.218.146.83
interface GigabitEthernet0/1
 ip address 111.142.160.26 255.255.255.0
 no shutdown
!",paloalto,1,synthetic_v4,compliant,medium
CIS-2.2,Network infrastructure must synchronize clock with approved time sources,Verify CIS-2.2 compliance,"! Generated: 2024-01-10
!
hostname RTR-73-84
version 15.7
ntp server 134.104.190.133
ntp server 121.236.107.240
interface GigabitEthernet0/3
 ip address 3.162.213.46 255.255.255.0
 no shutdown
!",paloalto,1,synthetic_v4,compliant,easy
CIS-2.2,Network infrastructure must synchronize clock with approved time sources,Verify CIS-2.2 compliance,"! Generated: 2024-01-10
!
hostname RTR-68-25
version 15.7
! ntp server 85.48.188.235",paloalto,0,synthetic_v4,non_compliant,easy
CIS-2.2,Network infrastructure must synchronize clock with approved time sources,Verify CIS-2.2 compliance,"! RTR-36-94 Configuration
!
hostname RTR-36-94
version 15.7
ntp server 248.181.40.191
ntp server 187.38.167.41
interface GigabitEthernet1/0
 ip address 181.161.19.111 255.255.255.0
 no shutdown
!
interface GigabitEthernet0/2
 ip address 49.18.4.63 255.255.255.0
 no shutdown
!",paloalto,1,synthetic_v4,compliant,easy
CIS-2.2,Network infrastructure must synchronize clock with approved time sources,Verify CIS-2.2 compliance,"! RTR-65-1 Configuration
!
hostname RTR-65-1
version 15.7
! ntp server 193.203.39.166",paloalto,0,synthetic_v4,non_compliant,medium
CIS-2.2,Network infrastructure must synchronize clock with approved time sources,Verify CIS-2.2 compliance,"! RTR-65-71 Configuration
!
hostname RTR-65-71
version 15.7
! ntp server 204.137.46.132
interface GigabitEthernet0/3
 ip address 67.16.59.133 255.255.255.0
 no shutdown
!
interface GigabitEthernet0/3
 ip address 36.239.165.96 255.255.255.0
 no shutdown
!",paloalto,0,synthetic_v4,non_compliant,hard
CIS-2.2,Network infrastructure must synchronize clock with approved time sources,Verify CIS-2.2 compliance,"! Generated: 2024-01-21
!
hostname RTR-86-63
version 15.7
ntp server 101.182.246.76",paloalto,1,synthetic_v4,compliant,medium
CIS-2.2,Network infrastructure must synchronize clock with approved time sources,Verify CIS-2.2 compliance,"! Generated: 2024-01-09
!
hostname RTR-78-35
version 15.7
! ntp server 165.245.203.12
interface GigabitEthernet1/0
 ip address 249.15.241.156 255.255.255.0
 no shutdown
!
interface GigabitEthernet1/3
 ip address 45.242.53.10 255.255.255.0
 no shutdown
!",paloalto,0,synthetic_v4,non_compliant,medium
CIS-2.2,Network infrastructure must synchronize clock with approved time sources,Verify CIS-2.2 compliance,"! RTR-51-25 Configuration
!
hostname RTR-51-25
version 15.7
ntp server 220.159.165.109
ntp server 6.154.140.118",paloalto,1,synthetic_v4,compliant,medium
CIS-2.2,Network infrastructure must synchronize clock with approved time sources,Verify CIS-2.2 compliance,"! RTR-23-66 Configuration
!
hostname RTR-23-66
version 15.7
ntp server 72.49.118.77",paloalto,1,synthetic_v4,compliant,hard
CIS-2.2,Network infrastructure must synchronize clock with approved time sources,Verify CIS-2.2 compliance,"! RTR-36-25 Configuration
!
hostname RTR-36-25
version 15.7
! ntp server 189.8.170.215
interface GigabitEthernet0/2
 ip address 133.7.206.107 255.255.255.0
 no shutdown
!
interface GigabitEthernet0/0
 ip address 50.75.136.22 255.255.255.0
 no shutdown
!",paloalto,0,synthetic_v4,non_compliant,easy
CIS-2.2,Network infrastructure must synchronize clock with approved time sources,Verify CIS-2.2 compliance,"! RTR-4-79 Configuration
!
hostname RTR-4-79
version 15.7
! ntp server 40.90.67.22
interface GigabitEthernet0/3
 ip address 164.31.160.25 255.255.255.0
 no shutdown
!",paloalto,0,synthetic_v4,non_compliant,hard
CIS-2.2,Network infrastructure must synchronize clock with approved time sources,Verify CIS-2.2 compliance,"! RTR-22-39 Configuration
!
hostname RTR-22-39
version 15.7
! ntp server 248.101.71.34
interface GigabitEthernet0/2
 ip address 203.72.177.118 255.255.255.0
 no shutdown
!",paloalto,0,synthetic_v4,non_compliant,medium
CIS-2.2,Network infrastructure must synchronize clock with approved time sources,Verify CIS-2.2 compliance,"! RTR-67-41 Configuration
!
hostname RTR-67-41
version 15.7
! ntp server 227.109.85.243
interface GigabitEthernet0/3
 ip address 144.226.250.178 255.255.255.0
 no shutdown
!
interface GigabitEthernet1/0
 ip address 143.222.178.46 255.255.255.0
 no shutdown
!",paloalto,0,synthetic_v4,non_compliant,easy
CIS-2.2,Network infrastructure must synchronize clock with approved time sources,Verify CIS-2.2 compliance,"! RTR-61-71 Configuration
!
hostname RTR-61-71
version 15.7
! ntp server 179.108.241.172
interface GigabitEthernet0/0
 ip address 100.65.162.196 255.255.255.0
 no shutdown
!
interface GigabitEthernet0/3
 ip address 198.167.144.210 255.255.255.0
 no shutdown
!",paloalto,0,synthetic_v4,non_compliant,hard
CIS-3.1,SNMP must use secure community names and modern protocol versions,Verify CIS-3.1 compliance,"! Generated: 2024-01-18
!
hostname RTR-8-82
version 15.7
snmp-server community community RO
interface GigabitEthernet0/3
 ip address 35.37.166.251 255.255.255.0
 no shutdown
!
interface GigabitEthernet1/1
 ip address 224.77.153.147 255.255.255.0
 no shutdown
!",cisco,0,synthetic_v4,non_compliant,easy
CIS-3.1,SNMP must use secure community names and modern protocol versions,Verify CIS-3.1 compliance,"! Generated: 2024-01-24
!
hostname RTR-35-71
version 15.7
snmp-server community private RO
interface GigabitEthernet0/2
 ip address 16.106.116.63 255.255.255.0
 no shutdown
!",cisco,0,synthetic_v4,non_compliant,hard
CIS-3.1,SNMP must use secure community names and modern protocol versions,Verify CIS-3.1 compliance,"! Generated: 2024-01-10
!
hostname RTR-89-17
version 15.7
snmp-server community switch-admin RO",cisco,1,synthetic_v4,compliant,easy
CIS-3.1,SNMP must use secure community names and modern protocol versions,Verify CIS-3.1 compliance,"! RTR-35-30 Configuration
!
hostname RTR-35-30
version 15.7
snmp-server community test RO
interface GigabitEthernet1/1
 ip address 79.170.181.213 255.255.255.0
 no shutdown
!
interface GigabitEthernet1/3
 ip address 79.217.201.196 255.255.255.0
 no shutdown
!",cisco,0,synthetic_v4,non_compliant,medium
CIS-3.1,SNMP must use secure community names and modern protocol versions,Verify CIS-3.1 compliance,"! Generated: 2024-01-27
!
hostname RTR-52-37
version 15.7
snmp-server community fw-monitor RO
interface GigabitEthernet0/3
 ip address 149.214.214.106 255.255.255.0
 no shutdown
!",cisco,1,synthetic_v4,compliant,easy
CIS-3.1,SNMP must use secure community names and modern protocol versions,Verify CIS-3.1 compliance,"! Generated: 2024-01-13
!
hostname RTR-4-42
version 15.7
snmp-server community community RO
interface GigabitEthernet0/3
 ip address 220.140.54.20 255.255.255.0
 no shutdown
!",cisco,0,synthetic_v4,non_compliant,easy
CIS-3.1,SNMP must use secure community names and modern protocol versions,Verify CIS-3.1 compliance,"! RTR-16-63 Configuration
!
hostname RTR-16-63
version 15.7
snmp-server community community RO
interface GigabitEthernet1/1
 ip address 54.46.184.123 255.255.255.0
 no shutdown
!
interface GigabitEthernet1/0
 ip address 242.233.8.2 255.255.255.0
 no shutdown
!",cisco,0,synthetic_v4,non_compliant,medium
CIS-3.1,SNMP must use secure community names and modern protocol versions,Verify CIS-3.1 compliance,"! Generated: 2024-01-17
!
hostname RTR-64-81
version 15.7
snmp-server community test RO
interface GigabitEthernet1/1
 ip address 88.140.158.161 255.255.255.0
 no shutdown
!
interface GigabitEthernet1/0
 ip address 251.93.249.2 255.255.255.0
 no shutdown
!",cisco,0,synthetic_v4,non_compliant,medium
CIS-3.1,SNMP must use secure community names and modern protocol versions,Verify CIS-3.1 compliance,"! RTR-24-36 Configuration
!
hostname RTR-24-36
version 15.7
snmp-server community corp-monitor RO
interface GigabitEthernet1/2
 ip address 2.208.106.5 255.255.255.0
 no shutdown
!",cisco,1,synthetic_v4,compliant,medium
CIS-3.1,SNMP must use secure community names and modern protocol versions,Verify CIS-3.1 compliance,"! Generated: 2024-01-10
!
hostname RTR-21-4
version 15.7
snmp-server community test RO
interface GigabitEthernet1/0
 ip address 201.13.169.8 255.255.255.0
 no shutdown
!
interface GigabitEthernet1/0
 ip address 189.73.208.12 255.255.255.0
 no shutdown
!",cisco,0,synthetic_v4,non_compliant,hard
CIS-3.1,SNMP must use secure community names and modern protocol versions,Verify CIS-3.1 compliance,"! RTR-82-98 Configuration
!
hostname RTR-82-98
version 15.7
snmp-server community switch-admin RO",cisco,1,synthetic_v4,compliant,medium
CIS-3.1,SNMP must use secure community names and modern protocol versions,Verify CIS-3.1 compliance,"! RTR-57-43 Configuration
!
hostname RTR-57-43
version 15.7
snmp-server community server-mgmt RO
interface GigabitEthernet0/1
 ip address 134.147.13.57 255.255.255.0
 no shutdown
!",cisco,1,synthetic_v4,compliant,medium
CIS-3.1,SNMP must use secure community names and modern protocol versions,Verify CIS-3.1 compliance,"! RTR-49-66 Configuration
!
hostname RTR-49-66
version 15.7
snmp-server community network-ops RO
interface GigabitEthernet1/3
 ip address 6.94.131.185 255.255.255.0
 no shutdown
!
interface GigabitEthernet0/3
 ip address 248.59.98.147 255.255.255.0
 no shutdown
!",cisco,1,synthetic_v4,compliant,medium
CIS-3.1,SNMP must use secure community names and modern protocol versions,Verify CIS-3.1 compliance,"! Generated: 2024-01-13
!
hostname RTR-22-87
version 15.7
snmp-server community corp-monitor RO
interface GigabitEthernet1/2
 ip address 22.106.189.78 255.255.255.0
 no shutdown
!",cisco,1,synthetic_v4,compliant,medium
CIS-3.1,SNMP must use secure community names and modern protocol versions,Verify CIS-3.1 compliance,"! Generated: 2024-01-07
!
hostname RTR-30-59
version 15.7
snmp-server community community RO",cisco,0,synthetic_v4,non_compliant,hard
CIS-3.1,SNMP must use secure community names and modern protocol versions,Verify CIS-3.1 compliance,"! Generated: 2024-01-03
!
hostname RTR-43-82
version 15.7
snmp-server community default RO",cisco,0,synthetic_v4,non_compliant,hard
CIS-3.1,SNMP must use secure community names and modern protocol versions,Verify CIS-3.1 compliance,"! Generated: 2024-01-25
!
hostname RTR-74-44
version 15.7
snmp-server community test RO
interface GigabitEthernet1/0
 ip address 160.199.9.3 255.255.255.0
 no shutdown
!
interface GigabitEthernet0/2
 ip address 110.77.132.220 255.255.255.0
 no shutdown
!",cisco,0,synthetic_v4,non_compliant,easy
CIS-3.1,SNMP must use secure community names and modern protocol versions,Verify CIS-3.1 compliance,"! Generated: 2024-01-14
!
hostname RTR-22-80
version 15.7
snmp-server community switch-admin RO
interface GigabitEthernet1/3
 ip address 254.120.192.236 255.255.255.0
 no shutdown
!",cisco,1,synthetic_v4,compliant,hard
CIS-3.1,SNMP must use secure community names and modern protocol versions,Verify CIS-3.1 compliance,"! RTR-47-53 Configuration
!
hostname RTR-47-53
version 15.7
snmp-server community security-team RO
interface GigabitEthernet0/2
 ip address 25.168.37.118 255.255.255.0
 no shutdown
!
interface GigabitEthernet1/1
 ip address 194.133.175.76 255.255.255.0
 no shutdown
!",cisco,1,synthetic_v4,compliant,hard
CIS-3.1,SNMP must use secure community names and modern protocol versions,Verify CIS-3.1 compliance,"! Generated: 2024-01-26
!
hostname RTR-98-5
version 15.7
snmp-server community private RO
interface GigabitEthernet1/3
 ip address 211.80.214.45 255.255.255.0
 no shutdown
!
interface GigabitEthernet0/1
 ip address 190.92.186.226 255.255.255.0
 no shutdown
!",cisco,0,synthetic_v4,non_compliant,easy
CIS-3.1,SNMP must use secure community names and modern protocol versions,Verify CIS-3.1 compliance,"! RTR-82-4 Configuration
!
hostname RTR-82-4
version 15.7
snmp-server community security-team RO
interface GigabitEthernet1/0
 ip address 84.127.85.146 255.255.255.0
 no shutdown
!",cisco,1,synthetic_v4,compliant,hard
CIS-3.1,SNMP must use secure community names and modern protocol versions,Verify CIS-3.1 compliance,"! Generated: 2024-01-19
!
hostname RTR-61-26
version 15.7
snmp-server community private RO
interface GigabitEthernet0/3
 ip address 221.57.226.200 255.255.255.0
 no shutdown
!
interface GigabitEthernet0/3
 ip address 1.128.208.154 255.255.255.0
 no shutdown
!",cisco,0,synthetic_v4,non_compliant,medium
CIS-3.1,SNMP must use secure community names and modern protocol versions,Verify CIS-3.1 compliance,"! Generated: 2024-01-12
!
hostname RTR-61-88
version 15.7
snmp-server community corp-monitor RO
interface GigabitEthernet0/1
 ip address 118.188.122.45 255.255.255.0
 no shutdown
!
interface GigabitEthernet1/1
 ip address 83.67.150.17 255.255.255.0
 no shutdown
!",cisco,1,synthetic_v4,compliant,easy
CIS-3.1,SNMP must use secure community names and modern protocol versions,Verify CIS-3.1 compliance,"! Generated: 2024-01-25
!
hostname RTR-20-42
version 15.7
snmp-server community test RO
interface GigabitEthernet0/2
 ip address 245.242.213.200 255.255.255.0
 no shutdown
!",cisco,0,synthetic_v4,non_compliant,hard
CIS-3.1,SNMP must use secure community names and modern protocol versions,Verify CIS-3.1 compliance,"! RTR-49-98 Configuration
!
hostname RTR-49-98
version 15.7
snmp-server community default RO",cisco,0,synthetic_v4,non_compliant,easy
CIS-3.1,SNMP must use secure community names and modern protocol versions,Verify CIS-3.1 compliance,"! RTR-73-47 Configuration
!
hostname RTR-73-47
version 15.7
snmp-server community server-mgmt RO
interface GigabitEthernet1/3
 ip address 183.225.150.40 255.255.255.0
 no shutdown
!",cisco,1,synthetic_v4,compliant,hard
CIS-3.1,SNMP must use secure community names and modern protocol versions,Verify CIS-3.1 compliance,"! Generated: 2024-01-15
!
hostname RTR-85-17
version 15.7
snmp-server community fw-monitor RO",cisco,1,synthetic_v4,compliant,easy
CIS-3.1,SNMP must use secure community names and modern protocol versions,Verify CIS-3.1 compliance,"! Generated: 2024-01-17
!
hostname RTR-15-69
version 15.7
snmp-server community public RO
interface GigabitEthernet0/0
 ip address 197.220.141.120 255.255.255.0
 no shutdown
!
interface GigabitEthernet1/1
 ip address 167.169.37.47 255.255.255.0
 no shutdown
!",cisco,0,synthetic_v4,non_compliant,hard
CIS-3.1,SNMP must use secure community names and modern protocol versions,Verify CIS-3.1 compliance,"! Generated: 2024-01-13
!
hostname RTR-93-99
version 15.7
snmp-server community router-ops RO
interface GigabitEthernet0/1
 ip address 217.134.57.185 255.255.255.0
 no shutdown
!",cisco,1,synthetic_v4,compliant,easy
CIS-3.1,Secure SNMP Configuration,SNMP must use secure community names (not public/private) and versions.,snmp-server community custom RW,cisco,1,v1_curated,curated_training,easy
CIS-3.1,SNMP must use secure community names and modern protocol versions,Verify CIS-3.1 compliance,"! Generated: 2024-01-25
!
hostname RTR-29-20
version 15.7
snmp-server community network-ops RO
interface GigabitEthernet1/3
 ip address 146.6.116.190 255.255.255.0
 no shutdown
!
interface GigabitEthernet0/2
 ip address 171.16.204.161 255.255.255.0
 no shutdown
!",cisco,1,synthetic_v4,compliant,easy
CIS-3.1,SNMP must use secure community names and modern protocol versions,Verify CIS-3.1 compliance,"! RTR-54-52 Configuration
!
hostname RTR-54-52
version 15.7
snmp-server community public RO
interface GigabitEthernet0/3
 ip address 243.153.117.180 255.255.255.0
 no shutdown
!
interface GigabitEthernet0/3
 ip address 225.241.8.244 255.255.255.0
 no shutdown
!",cisco,0,synthetic_v4,non_compliant,medium
CIS-3.1,SNMP must use secure community names and modern protocol versions,Verify CIS-3.1 compliance,"! Generated: 2024-01-18
!
hostname RTR-43-65
version 15.7
snmp-server community network-ops RO
interface GigabitEthernet1/1
 ip address 63.131.93.177 255.255.255.0
 no shutdown
!",cisco,1,synthetic_v4,compliant,hard
CIS-3.1,SNMP must use secure community names and modern protocol versions,Verify CIS-3.1 compliance,"! RTR-20-60 Configuration
!
hostname RTR-20-60
version 15.7
snmp-server community router-ops RO",cisco,1,synthetic_v4,compliant,hard
CIS-3.1,SNMP must use secure community names and modern protocol versions,Verify CIS-3.1 compliance,"! Generated: 2024-01-11
!
hostname RTR-72-12
version 15.7
snmp-server community default RO
interface GigabitEthernet1/0
 ip address 36.34.160.246 255.255.255.0
 no shutdown
!
interface GigabitEthernet1/3
 ip address 192.109.94.83 255.255.255.0
 no shutdown
!",cisco,0,synthetic_v4,non_compliant,medium
CIS-3.1,SNMP must use secure community names and modern protocol versions,Verify CIS-3.1 compliance,"! Generated: 2024-01-14
!
hostname RTR-3-18
version 15.7
snmp-server community test RO
interface GigabitEthernet0/0
 ip address 234.191.8.145 255.255.255.0
 no shutdown
!
interface GigabitEthernet1/0
 ip address 246.167.251.73 255.255.255.0
 no shutdown
!",cisco,0,synthetic_v4,non_compliant,hard
CIS-3.1,SNMP must use secure community names and modern protocol versions,Verify CIS-3.1 compliance,"! RTR-32-30 Configuration
!
hostname RTR-32-30
version 15.7
snmp-server community router-ops RO",cisco,1,synthetic_v4,compliant,hard
CIS-3.1,SNMP must use secure community names and modern protocol versions,Verify CIS-3.1 compliance,"! RTR-21-42 Configuration
!
hostname RTR-21-42
version 15.7
snmp-server community default RO
interface GigabitEthernet1/3
 ip address 64.143.192.16 255.255.255.0
 no shutdown
!",cisco,0,synthetic_v4,non_compliant,easy
CIS-3.1,Secure SNMP Configuration,SNMP must use secure community names (not public/private) and versions.,snmp-server community private RW,cisco,0,v1_curated,curated_training,easy
CIS-3.1,SNMP must use secure community names and modern protocol versions,Verify CIS-3.1 compliance,"! RTR-83-22 Configuration
!
hostname RTR-83-22
version 15.7
snmp-server community router-ops RO",cisco,1,synthetic_v4,compliant,medium
CIS-3.1,SNMP must use secure community names and modern protocol versions,Verify CIS-3.1 compliance,"! RTR-39-79 Configuration
!
hostname RTR-39-79
version 15.7
snmp-server community datacenter RO
interface GigabitEthernet1/3
 ip address 56.223.140.192 255.255.255.0
 no shutdown
!",cisco,1,synthetic_v4,compliant,hard
CIS-3.1,SNMP must use secure community names and modern protocol versions,Verify CIS-3.1 compliance,"! Generated: 2024-01-06
!
hostname RTR-66-61
version 15.7
snmp-server community public RO
interface GigabitEthernet0/3
 ip address 88.93.99.200 255.255.255.0
 no shutdown
!
interface GigabitEthernet0/1
 ip address 55.157.156.82 255.255.255.0
 no shutdown
!",cisco,0,synthetic_v4,non_compliant,hard
CIS-3.1,SNMP must use secure community names and modern protocol versions,Verify CIS-3.1 compliance,"! RTR-67-54 Configuration
!
hostname RTR-67-54
version 15.7
snmp-server community router-ops RO
interface GigabitEthernet0/0
 ip address 65.159.106.237 255.255.255.0
 no shutdown
!
interface GigabitEthernet0/0
 ip address 194.210.71.37 255.255.255.0
 no shutdown
!",juniper,1,synthetic_v4,compliant,medium
CIS-3.1,SNMP must use secure community names and modern protocol versions,Verify CIS-3.1 compliance,"! Generated: 2024-01-21
!
hostname RTR-23-45
version 15.7
snmp-server community public RO
interface GigabitEthernet1/0
 ip address 58.94.99.86 255.255.255.0
 no shutdown
!",juniper,0,synthetic_v4,non_compliant,hard
CIS-3.1,SNMP must use secure community names and modern protocol versions,Verify CIS-3.1 compliance,"! Generated: 2024-01-04
!
hostname RTR-11-63
version 15.7
snmp-server community community RO
interface GigabitEthernet1/3
 ip address 202.147.28.136 255.255.255.0
 no shutdown
!
interface GigabitEthernet0/1
 ip address 243.45.157.229 255.255.255.0
 no shutdown
!",juniper,0,synthetic_v4,non_compliant,hard
CIS-3.1,SNMP must use secure community names and modern protocol versions,Verify CIS-3.1 compliance,"! RTR-87-36 Configuration
!
hostname RTR-87-36
version 15.7
snmp-server community corp-monitor RO
interface GigabitEthernet0/3
 ip address 60.224.152.211 255.255.255.0
 no shutdown
!
interface GigabitEthernet0/3
 ip address 40.36.174.225 255.255.255.0
 no shutdown
!",juniper,1,synthetic_v4,compliant,medium
CIS-3.1,SNMP must use secure community names and modern protocol versions,Verify CIS-3.1 compliance,"! RTR-73-8 Configuration
!
hostname RTR-73-8
version 15.7
snmp-server community default RO",juniper,0,synthetic_v4,non_compliant,easy
CIS-3.1,SNMP must use secure community names and modern protocol versions,Verify CIS-3.1 compliance,"! Generated: 2024-01-04
!
hostname RTR-99-71
version 15.7
snmp-server community fw-monitor RO
interface GigabitEthernet0/2
 ip address 110.13.64.25 255.255.255.0
 no shutdown
!
interface GigabitEthernet0/3
 ip address 213.56.61.141 255.255.255.0
 no shutdown
!",juniper,1,synthetic_v4,compliant,hard
CIS-3.1,SNMP must use secure community names and modern protocol versions,Verify CIS-3.1 compliance,"! Generated: 2024-01-23
!
hostname RTR-29-92
version 15.7
snmp-server community private RO
interface GigabitEthernet0/3
 ip address 53.59.148.2 255.255.255.0
 no shutdown
!",juniper,0,synthetic_v4,non_compliant,easy
CIS-3.1,SNMP must use secure community names and modern protocol versions,Verify CIS-3.1 compliance,"! RTR-19-9 Configuration
!
hostname RTR-19-9
version 15.7
snmp-server community public RO
interface GigabitEthernet1/0
 ip address 183.251.220.181 255.255.255.0
 no shutdown
!
interface GigabitEthernet0/3
 ip address 56.231.158.138 255.255.255.0
 no shutdown
!",juniper,0,synthetic_v4,non_compliant,hard
CIS-3.1,SNMP must use secure community names and modern protocol versions,Verify CIS-3.1 compliance,"! Generated: 2024-01-25
!
hostname RTR-86-35
version 15.7
snmp-server community router-ops RO
interface GigabitEthernet1/0
 ip address 155.55.50.148 255.255.255.0
 no shutdown
!
interface GigabitEthernet0/0
 ip address 248.122.184.149 255.255.255.0
 no shutdown
!",juniper,1,synthetic_v4,compliant,hard
CIS-3.1,SNMP must use secure community names and modern protocol versions,Verify CIS-3.1 compliance,"! RTR-16-93 Configuration
!
hostname RTR-16-93
version 15.7
snmp-server community security-team RO",juniper,1,synthetic_v4,compliant,easy
CIS-3.1,SNMP must use secure community names and modern protocol versions,Verify CIS-3.1 compliance,"! Generated: 2024-01-09
!
hostname RTR-32-71
version 15.7
snmp-server community corp-monitor RO
interface GigabitEthernet0/1
 ip address 113.110.74.4 255.255.255.0
 no shutdown
!",juniper,1,synthetic_v4,compliant,medium
CIS-3.1,SNMP must use secure community names and modern protocol versions,Verify CIS-3.1 compliance,"! RTR-7-88 Configuration
!
hostname RTR-7-88
version 15.7
snmp-server community default RO
interface GigabitEthernet1/0
 ip address 234.109.50.118 255.255.255.0
 no shutdown
!",juniper,0,synthetic_v4,non_compliant,easy
CIS-3.1,SNMP must use secure community names and modern protocol versions,Verify CIS-3.1 compliance,"! RTR-99-36 Configuration
!
hostname RTR-99-36
version 15.7
snmp-server community server-mgmt RO
interface GigabitEthernet1/2
 ip address 252.182.42.4 255.255.255.0
 no shutdown
!
interface GigabitEthernet0/3
 ip address 63.253.113.152 255.255.255.0
 no shutdown
!",juniper,1,synthetic_v4,compliant,medium
CIS-3.1,SNMP must use secure community names and modern protocol versions,Verify CIS-3.1 compliance,"! Generated: 2024-01-03
!
hostname RTR-45-29
version 15.7
snmp-server community network-ops RO
interface GigabitEthernet1/3
 ip address 35.0.159.122 255.255.255.0
 no shutdown
!
interface GigabitEthernet1/2
 ip address 33.165.187.245 255.255.255.0
 no shutdown
!",juniper,1,synthetic_v4,compliant,hard
CIS-3.1,SNMP must use secure community names and modern protocol versions,Verify CIS-3.1 compliance,"! RTR-99-71 Configuration
!
hostname RTR-99-71
version 15.7
snmp-server community switch-admin RO
interface GigabitEthernet1/0
 ip address 86.180.116.82 255.255.255.0
 no shutdown
!",juniper,1,synthetic_v4,compliant,medium
CIS-3.1,SNMP must use secure community names and modern protocol versions,Verify CIS-3.1 compliance,"! RTR-21-98 Configuration
!
hostname RTR-21-98
version 15.7
snmp-server community datacenter RO
interface GigabitEthernet1/3
 ip address 152.99.127.214 255.255.255.0
 no shutdown
!",juniper,1,synthetic_v4,compliant,medium
CIS-3.1,SNMP must use secure community names and modern protocol versions,Verify CIS-3.1 compliance,"! RTR-91-61 Configuration
!
hostname RTR-91-61
version 15.7
snmp-server community public RO
interface GigabitEthernet1/1
 ip address 120.137.27.118 255.255.255.0
 no shutdown
!",juniper,0,synthetic_v4,non_compliant,hard
CIS-3.1,SNMP must use secure community names and modern protocol versions,Verify CIS-3.1 compliance,"! RTR-12-72 Configuration
!
hostname RTR-12-72
version 15.7
snmp-server community private RO",juniper,0,synthetic_v4,non_compliant,easy
CIS-3.1,SNMP must use secure community names and modern protocol versions,Verify CIS-3.1 compliance,"! RTR-38-17 Configuration
!
hostname RTR-38-17
version 15.7
snmp-server community server-mgmt RO
interface GigabitEthernet0/3
 ip address 210.99.72.216 255.255.255.0
 no shutdown
!",juniper,1,synthetic_v4,compliant,hard
CIS-3.1,SNMP must use secure community names and modern protocol versions,Verify CIS-3.1 compliance,"! RTR-57-64 Configuration
!
hostname RTR-57-64
version 15.7
snmp-server community public RO
interface GigabitEthernet0/3
 ip address 144.29.177.123 255.255.255.0
 no shutdown
!",juniper,0,synthetic_v4,non_compliant,hard
CIS-3.1,SNMP must use secure community names and modern protocol versions,Verify CIS-3.1 compliance,"! Generated: 2024-01-15
!
hostname RTR-93-57
version 15.7
snmp-server community public RO
interface GigabitEthernet0/1
 ip address 141.162.29.29 255.255.255.0
 no shutdown
!
interface GigabitEthernet0/3
 ip address 133.8.86.186 255.255.255.0
 no shutdown
!",juniper,0,synthetic_v4,non_compliant,medium
CIS-3.1,SNMP must use secure community names and modern protocol versions,Verify CIS-3.1 compliance,"! RTR-64-90 Configuration
!
hostname RTR-64-90
version 15.7
snmp-server community switch-admin RO",juniper,1,synthetic_v4,compliant,easy
CIS-3.1,SNMP must use secure community names and modern protocol versions,Verify CIS-3.1 compliance,"! Generated: 2024-01-21
!
hostname RTR-13-88
version 15.7
snmp-server community datacenter RO
interface GigabitEthernet1/1
 ip address 72.25.205.76 255.255.255.0
 no shutdown
!",juniper,1,synthetic_v4,compliant,medium
CIS-3.1,SNMP must use secure community names and modern protocol versions,Verify CIS-3.1 compliance,"! RTR-6-49 Configuration
!
hostname RTR-6-49
version 15.7
snmp-server community server-mgmt RO",juniper,1,synthetic_v4,compliant,medium
CIS-3.1,SNMP must use secure community names and modern protocol versions,Verify CIS-3.1 compliance,"! RTR-62-62 Configuration
!
hostname RTR-62-62
version 15.7
snmp-server community datacenter RO
interface GigabitEthernet1/1
 ip address 117.134.225.31 255.255.255.0
 no shutdown
!
interface GigabitEthernet1/2
 ip address 87.95.130.88 255.255.255.0
 no shutdown
!",juniper,1,synthetic_v4,compliant,medium
CIS-3.1,SNMP must use secure community names and modern protocol versions,Verify CIS-3.1 compliance,"! Generated: 2024-01-12
!
hostname RTR-8-72
version 15.7
snmp-server community public RO",juniper,0,synthetic_v4,non_compliant,hard
CIS-3.1,SNMP must use secure community names and modern protocol versions,Verify CIS-3.1 compliance,"! RTR-64-25 Configuration
!
hostname RTR-64-25
version 15.7
snmp-server community default RO
interface GigabitEthernet1/3
 ip address 242.59.33.87 255.255.255.0
 no shutdown
!
interface GigabitEthernet0/2
 ip address 37.122.251.49 255.255.255.0
 no shutdown
!",juniper,0,synthetic_v4,non_compliant,medium
CIS-3.1,SNMP must use secure community names and modern protocol versions,Verify CIS-3.1 compliance,"! RTR-32-3 Configuration
!
hostname RTR-32-3
version 15.7
snmp-server community router-ops RO
interface GigabitEthernet0/3
 ip address 48.204.198.192 255.255.255.0
 no shutdown
!
interface GigabitEthernet1/2
 ip address 206.134.220.95 255.255.255.0
 no shutdown
!",juniper,1,synthetic_v4,compliant,medium
CIS-3.1,SNMP must use secure community names and modern protocol versions,Verify CIS-3.1 compliance,"! Generated: 2024-01-10
!
hostname RTR-2-1
version 15.7
snmp-server community public RO
interface GigabitEthernet0/1
 ip address 49.255.93.138 255.255.255.0
 no shutdown
!
interface GigabitEthernet0/2
 ip address 25.79.191.147 255.255.255.0
 no shutdown
!",juniper,0,synthetic_v4,non_compliant,easy
CIS-3.1,SNMP must use secure community names and modern protocol versions,Verify CIS-3.1 compliance,"! Generated: 2024-01-18
!
hostname RTR-98-81
version 15.7
snmp-server community public RO",juniper,0,synthetic_v4,non_compliant,medium
CIS-3.1,SNMP must use secure community names and modern protocol versions,Verify CIS-3.1 compliance,"! Generated: 2024-01-16
!
hostname RTR-86-92
version 15.7
snmp-server community datacenter RO",juniper,1,synthetic_v4,compliant,hard
CIS-3.1,SNMP must use secure community names and modern protocol versions,Verify CIS-3.1 compliance,"! RTR-96-74 Configuration
!
hostname RTR-96-74
version 15.7
snmp-server community community RO
interface GigabitEthernet0/2
 ip address 99.96.180.247 255.255.255.0
 no shutdown
!",juniper,0,synthetic_v4,non_compliant,hard
CIS-3.1,SNMP must use secure community names and modern protocol versions,Verify CIS-3.1 compliance,"! RTR-31-41 Configuration
!
hostname RTR-31-41
version 15.7
snmp-server community network-ops RO
interface GigabitEthernet1/1
 ip address 204.65.49.252 255.255.255.0
 no shutdown
!",juniper,1,synthetic_v4,compliant,hard
CIS-3.1,Secure SNMP Configuration,SNMP must use secure community names (not public/private) and versions.,set snmp community private { authorization read-write; },juniper,0,v1_curated,curated_training,easy
CIS-3.1,SNMP must use secure community names and modern protocol versions,Verify CIS-3.1 compliance,"! RTR-10-29 Configuration
!
hostname RTR-10-29
version 15.7
snmp-server community server-mgmt RO",juniper,1,synthetic_v4,compliant,medium
CIS-3.1,SNMP must use secure community names and modern protocol versions,Verify CIS-3.1 compliance,"! Generated: 2024-01-03
!
hostname RTR-17-19
version 15.7
snmp-server community network-ops RO
interface GigabitEthernet0/1
 ip address 58.128.94.187 255.255.255.0
 no shutdown
!
interface GigabitEthernet1/2
 ip address 182.236.136.195 255.255.255.0
 no shutdown
!",juniper,1,synthetic_v4,compliant,easy
CIS-3.1,SNMP must use secure community names and modern protocol versions,Verify CIS-3.1 compliance,"! RTR-75-40 Configuration
!
hostname RTR-75-40
version 15.7
snmp-server community server-mgmt RO
interface GigabitEthernet1/0
 ip address 51.47.46.183 255.255.255.0
 no shutdown
!",juniper,1,synthetic_v4,compliant,hard
CIS-3.1,SNMP must use secure community names and modern protocol versions,Verify CIS-3.1 compliance,"! Generated: 2024-01-01
!
hostname RTR-95-35
version 15.7
snmp-server community test RO
interface GigabitEthernet1/1
 ip address 210.249.129.154 255.255.255.0
 no shutdown
!
interface GigabitEthernet0/3
 ip address 11.229.65.170 255.255.255.0
 no shutdown
!",juniper,0,synthetic_v4,non_compliant,hard
CIS-3.1,SNMP must use secure community names and modern protocol versions,Verify CIS-3.1 compliance,"! RTR-57-91 Configuration
!
hostname RTR-57-91
version 15.7
snmp-server community private RO
interface GigabitEthernet0/0
 ip address 240.61.159.240 255.255.255.0
 no shutdown
!
interface GigabitEthernet1/0
 ip address 90.92.85.231 255.255.255.0
 no shutdown
!",juniper,0,synthetic_v4,non_compliant,easy
CIS-3.1,SNMP must use secure community names and modern protocol versions,Verify CIS-3.1 compliance,"! RTR-13-52 Configuration
!
hostname RTR-13-52
version 15.7
snmp-server community test RO
interface GigabitEthernet1/1
 ip address 217.175.93.25 255.255.255.0
 no shutdown
!
interface GigabitEthernet1/2
 ip address 46.220.129.128 255.255.255.0
 no shutdown
!",juniper,0,synthetic_v4,non_compliant,easy
CIS-3.1,SNMP must use secure community names and modern protocol versions,Verify CIS-3.1 compliance,"! Generated: 2024-01-13
!
hostname RTR-13-93
version 15.7
snmp-server community fw-monitor RO
interface GigabitEthernet1/1
 ip address 68.248.179.87 255.255.255.0
 no shutdown
!",juniper,1,synthetic_v4,compliant,medium
CIS-3.1,SNMP must use secure community names and modern protocol versions,Verify CIS-3.1 compliance,"! Generated: 2024-01-04
!
hostname RTR-48-5
version 15.7
snmp-server community private RO",juniper,0,synthetic_v4,non_compliant,easy
CIS-3.1,Secure SNMP community naming and versioning is required,Verify CIS-3.1 compliance,"! Generated: 2024-01-19
!
hostname RTR-4-89
version 15.7
snmp-server community security-team RO",paloalto,1,synthetic_v4,compliant,hard
CIS-3.1,Secure SNMP community naming and versioning is required,Verify CIS-3.1 compliance,"! Generated: 2024-01-13
!
hostname RTR-18-65
version 15.7
snmp-server community test RO",paloalto,0,synthetic_v4,non_compliant,medium
CIS-3.1,Secure SNMP community naming and versioning is required,Verify CIS-3.1 compliance,"! RTR-91-62 Configuration
!
hostname RTR-91-62
version 15.7
snmp-server community private RO",paloalto,0,synthetic_v4,non_compliant,medium
CIS-3.1,Secure SNMP community naming and versioning is required,Verify CIS-3.1 compliance,"! RTR-27-64 Configuration
!
hostname RTR-27-64
version 15.7
snmp-server community test RO
interface GigabitEthernet1/1
 ip address 236.251.245.144 255.255.255.0
 no shutdown
!
interface GigabitEthernet1/1
 ip address 20.54.0.219 255.255.255.0
 no shutdown
!",paloalto,0,synthetic_v4,non_compliant,easy
CIS-3.1,Secure SNMP community naming and versioning is required,Verify CIS-3.1 compliance,"! RTR-37-32 Configuration
!
hostname RTR-37-32
version 15.7
snmp-server community test RO
interface GigabitEthernet1/2
 ip address 53.73.151.7 255.255.255.0
 no shutdown
!",paloalto,0,synthetic_v4,non_compliant,easy
CIS-3.1,Secure SNMP community naming and versioning is required,Verify CIS-3.1 compliance,"! Generated: 2024-01-25
!
hostname RTR-44-6
version 15.7
snmp-server community router-ops RO
interface GigabitEthernet0/1
 ip address 224.5.9.78 255.255.255.0
 no shutdown
!
interface GigabitEthernet1/1
 ip address 232.240.194.100 255.255.255.0
 no shutdown
!",paloalto,1,synthetic_v4,compliant,easy
CIS-3.1,Secure SNMP community naming and versioning is required,Verify CIS-3.1 compliance,"! RTR-64-45 Configuration
!
hostname RTR-64-45
version 15.7
snmp-server community corp-monitor RO
interface GigabitEthernet0/3
 ip address 4.45.163.151 255.255.255.0
 no shutdown
!
interface GigabitEthernet1/0
 ip address 146.134.163.116 255.255.255.0
 no shutdown
!",paloalto,1,synthetic_v4,compliant,medium
CIS-3.1,Secure SNMP community naming and versioning is required,Verify CIS-3.1 compliance,"! Generated: 2024-01-25
!
hostname RTR-21-92
version 15.7
snmp-server community community RO
interface GigabitEthernet0/3
 ip address 88.35.252.103 255.255.255.0
 no shutdown
!
interface GigabitEthernet0/3
 ip address 165.202.79.141 255.255.255.0
 no shutdown
!",paloalto,0,synthetic_v4,non_compliant,easy
CIS-3.1,Secure SNMP community naming and versioning is required,Verify CIS-3.1 compliance,"! Generated: 2024-01-15
!
hostname RTR-42-52
version 15.7
snmp-server community router-ops RO",paloalto,1,synthetic_v4,compliant,hard
CIS-3.1,Secure SNMP community naming and versioning is required,Verify CIS-3.1 compliance,"! Generated: 2024-01-13
!
hostname RTR-18-80
version 15.7
snmp-server community security-team RO",paloalto,1,synthetic_v4,compliant,hard
CIS-3.1,Secure SNMP community naming and versioning is required,Verify CIS-3.1 compliance,"! Generated: 2024-01-04
!
hostname RTR-15-6
version 15.7
snmp-server community private RO",paloalto,0,synthetic_v4,non_compliant,hard
CIS-3.1,Secure SNMP community naming and versioning is required,Verify CIS-3.1 compliance,"! RTR-63-78 Configuration
!
hostname RTR-63-78
version 15.7
snmp-server community test RO
interface GigabitEthernet1/0
 ip address 91.54.34.244 255.255.255.0
 no shutdown
!",paloalto,0,synthetic_v4,non_compliant,medium
CIS-3.1,Secure SNMP community naming and versioning is required,Verify CIS-3.1 compliance,"! Generated: 2024-01-11
!
hostname RTR-35-41
version 15.7
snmp-server community default RO
interface GigabitEthernet0/0
 ip address 76.31.99.135 255.255.255.0
 no shutdown
!",paloalto,0,synthetic_v4,non_compliant,hard
CIS-3.1,Secure SNMP community naming and versioning is required,Verify CIS-3.1 compliance,"! Generated: 2024-01-12
!
hostname RTR-43-12
version 15.7
snmp-server community datacenter RO
interface GigabitEthernet1/0
 ip address 93.161.228.122 255.255.255.0
 no shutdown
!",paloalto,1,synthetic_v4,compliant,medium
CIS-3.1,Secure SNMP community naming and versioning is required,Verify CIS-3.1 compliance,"! Generated: 2024-01-28
!
hostname RTR-12-93
version 15.7
snmp-server community default RO
interface GigabitEthernet1/0
 ip address 180.245.32.188 255.255.255.0
 no shutdown
!
interface GigabitEthernet0/1
 ip address 17.203.193.8 255.255.255.0
 no shutdown
!",paloalto,0,synthetic_v4,non_compliant,easy
CIS-3.1,Secure SNMP community naming and versioning is required,Verify CIS-3.1 compliance,"! Generated: 2024-01-10
!
hostname RTR-28-54
version 15.7
snmp-server community private RO
interface GigabitEthernet1/0
 ip address 154.66.144.88 255.255.255.0
 no shutdown
!
interface GigabitEthernet1/1
 ip address 95.242.32.5 255.255.255.0
 no shutdown
!",paloalto,0,synthetic_v4,non_compliant,medium
CIS-3.1,Secure SNMP community naming and versioning is required,Verify CIS-3.1 compliance,"! RTR-81-59 Configuration
!
hostname RTR-81-59
version 15.7
snmp-server community fw-monitor RO
interface GigabitEthernet0/0
 ip address 181.71.102.236 255.255.255.0
 no shutdown
!",paloalto,1,synthetic_v4,compliant,hard
CIS-3.1,Secure SNMP community naming and versioning is required,Verify CIS-3.1 compliance,"! RTR-74-25 Configuration
!
hostname RTR-74-25
version 15.7
snmp-server community network-ops RO",paloalto,1,synthetic_v4,compliant,medium
CIS-3.1,Secure SNMP community naming and versioning is required,Verify CIS-3.1 compliance,"! Generated: 2024-01-13
!
hostname RTR-59-94
version 15.7
snmp-server community router-ops RO
interface GigabitEthernet1/1
 ip address 186.105.125.56 255.255.255.0
 no shutdown
!
interface GigabitEthernet0/1
 ip address 243.186.237.141 255.255.255.0
 no shutdown
!",paloalto,1,synthetic_v4,compliant,medium
CIS-3.1,Secure SNMP community naming and versioning is required,Verify CIS-3.1 compliance,"! Generated: 2024-01-23
!
hostname RTR-26-82
version 15.7
snmp-server community network-ops RO
interface GigabitEthernet0/3
 ip address 254.86.186.218 255.255.255.0
 no shutdown
!
interface GigabitEthernet1/1
 ip address 132.143.12.126 255.255.255.0
 no shutdown
!",paloalto,1,synthetic_v4,compliant,medium
CIS-3.1,Secure SNMP community naming and versioning is required,Verify CIS-3.1 compliance,"! Generated: 2024-01-10
!
hostname RTR-96-62
version 15.7
snmp-server community router-ops RO
interface GigabitEthernet0/1
 ip address 11.180.209.120 255.255.255.0
 no shutdown
!",paloalto,1,synthetic_v4,compliant,medium
CIS-3.1,Secure SNMP community naming and versioning is required,Verify CIS-3.1 compliance,"! Generated: 2024-01-01
!
hostname RTR-97-50
version 15.7
snmp-server community private RO
interface GigabitEthernet0/3
 ip address 94.7.222.203 255.255.255.0
 no shutdown
!
interface GigabitEthernet0/1
 ip address 152.94.111.25 255.255.255.0
 no shutdown
!",paloalto,0,synthetic_v4,non_compliant,easy
CIS-3.1,Secure SNMP community naming and versioning is required,Verify CIS-3.1 compliance,"! RTR-81-61 Configuration
!
hostname RTR-81-61
version 15.7
snmp-server community server-mgmt RO
interface GigabitEthernet0/1
 ip address 233.227.49.194 255.255.255.0
 no shutdown
!",paloalto,1,synthetic_v4,compliant,easy
CIS-3.1,Secure SNMP community naming and versioning is required,Verify CIS-3.1 compliance,"! Generated: 2024-01-16
!
hostname RTR-18-49
version 15.7
snmp-server community security-team RO
interface GigabitEthernet1/1
 ip address 115.10.251.243 255.255.255.0
 no shutdown
!
interface GigabitEthernet1/2
 ip address 253.43.189.18 255.255.255.0
 no shutdown
!",paloalto,1,synthetic_v4,compliant,easy
CIS-3.1,Secure SNMP community naming and versioning is required,Verify CIS-3.1 compliance,"! Generated: 2024-01-01
!
hostname RTR-10-36
version 15.7
snmp-server community community RO
interface GigabitEthernet1/1
 ip address 68.233.104.31 255.255.255.0
 no shutdown
!",paloalto,0,synthetic_v4,non_compliant,hard
CIS-3.1,Secure SNMP community naming and versioning is required,Verify CIS-3.1 compliance,"! RTR-17-98 Configuration
!
hostname RTR-17-98
version 15.7
snmp-server community fw-monitor RO
interface GigabitEthernet0/0
 ip address 22.10.4.236 255.255.255.0
 no shutdown
!",paloalto,1,synthetic_v4,compliant,easy
CIS-3.1,Secure SNMP community naming and versioning is required,Verify CIS-3.1 compliance,"! Generated: 2024-01-03
!
hostname RTR-11-24
version 15.7
snmp-server community corp-monitor RO
interface GigabitEthernet0/0
 ip address 184.40.198.83 255.255.255.0
 no shutdown
!",paloalto,1,synthetic_v4,compliant,hard
CIS-3.1,Secure SNMP community naming and versioning is required,Verify CIS-3.1 compliance,"! RTR-37-88 Configuration
!
hostname RTR-37-88
version 15.7
snmp-server community router-ops RO
interface GigabitEthernet1/2
 ip address 89.232.245.236 255.255.255.0
 no shutdown
!",paloalto,1,synthetic_v4,compliant,easy
CIS-3.1,Secure SNMP community naming and versioning is required,Verify CIS-3.1 compliance,"! Generated: 2024-01-13
!
hostname RTR-89-87
version 15.7
snmp-server community fw-monitor RO
interface GigabitEthernet1/2
 ip address 34.177.133.142 255.255.255.0
 no shutdown
!
interface GigabitEthernet0/3
 ip address 73.136.42.234 255.255.255.0
 no shutdown
!",paloalto,1,synthetic_v4,compliant,medium
CIS-3.1,Secure SNMP community naming and versioning is required,Verify CIS-3.1 compliance,"! RTR-86-11 Configuration
!
hostname RTR-86-11
version 15.7
snmp-server community fw-monitor RO
interface GigabitEthernet0/1
 ip address 207.54.124.20 255.255.255.0
 no shutdown
!",paloalto,1,synthetic_v4,compliant,easy
CIS-3.1,Secure SNMP community naming and versioning is required,Verify CIS-3.1 compliance,"! RTR-88-73 Configuration
!
hostname RTR-88-73
version 15.7
snmp-server community switch-admin RO
interface GigabitEthernet0/3
 ip address 82.239.125.223 255.255.255.0
 no shutdown
!",paloalto,1,synthetic_v4,compliant,hard
CIS-3.1,Secure SNMP community naming and versioning is required,Verify CIS-3.1 compliance,"! Generated: 2024-01-07
!
hostname RTR-14-36
version 15.7
snmp-server community default RO
interface GigabitEthernet0/2
 ip address 245.8.63.14 255.255.255.0
 no shutdown
!",paloalto,0,synthetic_v4,non_compliant,medium
CIS-3.1,Secure SNMP community naming and versioning is required,Verify CIS-3.1 compliance,"! RTR-22-7 Configuration
!
hostname RTR-22-7
version 15.7
snmp-server community server-mgmt RO",paloalto,1,synthetic_v4,compliant,medium
CIS-3.1,Secure SNMP community naming and versioning is required,Verify CIS-3.1 compliance,"! Generated: 2024-01-11
!
hostname RTR-48-54
version 15.7
snmp-server community private RO
interface GigabitEthernet1/2
 ip address 143.174.169.179 255.255.255.0
 no shutdown
!
interface GigabitEthernet0/1
 ip address 248.164.117.182 255.255.255.0
 no shutdown
!",paloalto,0,synthetic_v4,non_compliant,hard
CIS-3.1,Secure SNMP community naming and versioning is required,Verify CIS-3.1 compliance,"! RTR-21-39 Configuration
!
hostname RTR-21-39
version 15.7
snmp-server community default RO",paloalto,0,synthetic_v4,non_compliant,easy
CIS-3.1,Secure SNMP community naming and versioning is required,Verify CIS-3.1 compliance,"! Generated: 2024-01-25
!
hostname RTR-27-58
version 15.7
snmp-server community community RO",paloalto,0,synthetic_v4,non_compliant,easy
CIS-3.1,Secure SNMP community naming and versioning is required,Verify CIS-3.1 compliance,"! Generated: 2024-01-11
!
hostname RTR-71-62
version 15.7
snmp-server community test RO
interface GigabitEthernet1/3
 ip address 46.167.17.165 255.255.255.0
 no shutdown
!
interface GigabitEthernet1/2
 ip address 145.20.28.186 255.255.255.0
 no shutdown
!",paloalto,0,synthetic_v4,non_compliant,hard
CIS-3.1,Secure SNMP community naming and versioning is required,Verify CIS-3.1 compliance,"! RTR-64-4 Configuration
!
hostname RTR-64-4
version 15.7
snmp-server community test RO
interface GigabitEthernet0/0
 ip address 54.117.251.2 255.255.255.0
 no shutdown
!",paloalto,0,synthetic_v4,non_compliant,medium
CIS-3.1,Secure SNMP Configuration,SNMP must use secure community names (not public/private) and versions.,set deviceconfig setting snmp community custom version v3,paloalto,1,v1_curated,curated_training,easy
CIS-3.1,Secure SNMP community naming and versioning is required,Verify CIS-3.1 compliance,"! Generated: 2024-01-26
!
hostname RTR-48-9
version 15.7
snmp-server community datacenter RO
interface GigabitEthernet0/0
 ip address 189.174.36.40 255.255.255.0
 no shutdown
!",paloalto,1,synthetic_v4,compliant,hard
CIS-3.1,Secure SNMP community naming and versioning is required,Verify CIS-3.1 compliance,"! Generated: 2024-01-25
!
hostname RTR-35-9
version 15.7
snmp-server community private RO
interface GigabitEthernet0/2
 ip address 218.30.242.64 255.255.255.0
 no shutdown
!
interface GigabitEthernet0/0
 ip address 84.182.247.144 255.255.255.0
 no shutdown
!",paloalto,0,synthetic_v4,non_compliant,easy
CIS-3.1,Secure SNMP community naming and versioning is required,Verify CIS-3.1 compliance,"! Generated: 2024-01-03
!
hostname RTR-92-17
version 15.7
snmp-server community private RO",paloalto,0,synthetic_v4,non_compliant,hard
CIS-4.1,Inter-zone traffic control via security zone configuration is mandatory,Verify CIS-4.1 compliance,"! Generated: 2024-01-20
!
hostname RTR-38-21
version 15.7
interface GigabitEthernet0/0
 ip address 51.246.248.64 255.255.255.0
 no shutdown
!",juniper,1,synthetic_v4,compliant,easy
CIS-4.1,Inter-zone traffic control via security zone configuration is mandatory,Verify CIS-4.1 compliance,"! RTR-51-11 Configuration
!
hostname RTR-51-11
version 15.7
interface GigabitEthernet0/0
 ip address 66.84.116.176 255.255.255.0
 no shutdown
!",juniper,1,synthetic_v4,compliant,hard
CIS-4.1,Inter-zone traffic control via security zone configuration is mandatory,Verify CIS-4.1 compliance,"! RTR-73-50 Configuration
!
hostname RTR-73-50
version 15.7
interface GigabitEthernet1/0
 ip address 179.251.89.231 255.255.255.0
 no shutdown
!",juniper,1,synthetic_v4,compliant,medium
CIS-4.1,Inter-zone traffic control via security zone configuration is mandatory,Verify CIS-4.1 compliance,"! Generated: 2024-01-10
!
hostname RTR-36-24
version 15.7",juniper,0,synthetic_v4,non_compliant,easy
CIS-4.1,Inter-zone traffic control via security zone configuration is mandatory,Verify CIS-4.1 compliance,"! Generated: 2024-01-25
!
hostname RTR-5-42
version 15.7
interface GigabitEthernet0/3
 ip address 25.5.65.152 255.255.255.0
 no shutdown
!
interface GigabitEthernet0/3
 ip address 18.92.237.71 255.255.255.0
 no shutdown
!",juniper,1,synthetic_v4,compliant,hard
CIS-4.1,Inter-zone traffic control via security zone configuration is mandatory,Verify CIS-4.1 compliance,"! Generated: 2024-01-24
!
hostname RTR-70-12
version 15.7
interface GigabitEthernet1/3
 ip address 192.172.123.155 255.255.255.0
 no shutdown
!",juniper,1,synthetic_v4,compliant,medium
CIS-4.1,Inter-zone traffic control via security zone configuration is mandatory,Verify CIS-4.1 compliance,"! RTR-89-48 Configuration
!
hostname RTR-89-48
version 15.7",juniper,1,synthetic_v4,compliant,medium
CIS-4.1,Inter-zone traffic control via security zone configuration is mandatory,Verify CIS-4.1 compliance,"! RTR-76-6 Configuration
!
hostname RTR-76-6
version 15.7
interface GigabitEthernet1/2
 ip address 8.130.242.221 255.255.255.0
 no shutdown
!
interface GigabitEthernet1/0
 ip address 109.179.251.7 255.255.255.0
 no shutdown
!",juniper,1,synthetic_v4,compliant,medium
CIS-4.1,Inter-zone traffic control via security zone configuration is mandatory,Verify CIS-4.1 compliance,"! Generated: 2024-01-04
!
hostname RTR-4-3
version 15.7",juniper,1,synthetic_v4,compliant,hard
CIS-4.1,Inter-zone traffic control via security zone configuration is mandatory,Verify CIS-4.1 compliance,"! Generated: 2024-01-07
!
hostname RTR-71-51
version 15.7
interface GigabitEthernet1/3
 ip address 240.141.215.51 255.255.255.0
 no shutdown
!
interface GigabitEthernet1/0
 ip address 252.218.250.153 255.255.255.0
 no shutdown
!",juniper,0,synthetic_v4,non_compliant,easy
CIS-4.1,Inter-zone traffic control via security zone configuration is mandatory,Verify CIS-4.1 compliance,"! Generated: 2024-01-14
!
hostname RTR-47-49
version 15.7
interface GigabitEthernet0/3
 ip address 66.178.117.69 255.255.255.0
 no shutdown
!
interface GigabitEthernet1/2
 ip address 123.80.86.57 255.255.255.0
 no shutdown
!",juniper,0,synthetic_v4,non_compliant,hard
CIS-4.1,Network Segmentation,Security zones must be configured to segment network traffic.,set security zones security-zone trust interfaces ge-0/0/1.0,juniper,1,v1_curated,curated_training,medium
CIS-4.1,Inter-zone traffic control via security zone configuration is mandatory,Verify CIS-4.1 compliance,"! RTR-66-53 Configuration
!
hostname RTR-66-53
version 15.7
interface GigabitEthernet0/2
 ip address 128.38.221.154 255.255.255.0
 no shutdown
!",juniper,0,synthetic_v4,non_compliant,easy
CIS-4.1,Inter-zone traffic control via security zone configuration is mandatory,Verify CIS-4.1 compliance,"! RTR-54-9 Configuration
!
hostname RTR-54-9
version 15.7
interface GigabitEthernet0/2
 ip address 72.201.143.119 255.255.255.0
 no shutdown
!",juniper,0,synthetic_v4,non_compliant,hard
CIS-4.1,Inter-zone traffic control via security zone configuration is mandatory,Verify CIS-4.1 compliance,"! Generated: 2024-01-22
!
hostname RTR-98-35
version 15.7
interface GigabitEthernet1/0
 ip address 128.198.226.156 255.255.255.0
 no shutdown
!
interface GigabitEthernet0/2
 ip address 37.39.193.44 255.255.255.0
 no shutdown
!",juniper,0,synthetic_v4,non_compliant,medium
CIS-4.1,Inter-zone traffic control via security zone configuration is mandatory,Verify CIS-4.1 compliance,"! RTR-83-67 Configuration
!
hostname RTR-83-67
version 15.7
interface GigabitEthernet1/2
 ip address 13.117.46.182 255.255.255.0
 no shutdown
!",juniper,0,synthetic_v4,non_compliant,easy
CIS-4.1,Inter-zone traffic control via security zone configuration is mandatory,Verify CIS-4.1 compliance,"! RTR-12-79 Configuration
!
hostname RTR-12-79
version 15.7",juniper,0,synthetic_v4,non_compliant,easy
CIS-4.1,Inter-zone traffic control via security zone configuration is mandatory,Verify CIS-4.1 compliance,"! RTR-39-27 Configuration
!
hostname RTR-39-27
version 15.7",juniper,1,synthetic_v4,compliant,easy
CIS-4.1,Inter-zone traffic control via security zone configuration is mandatory,Verify CIS-4.1 compliance,"! RTR-50-96 Configuration
!
hostname RTR-50-96
version 15.7
interface GigabitEthernet0/2
 ip address 47.114.174.222 255.255.255.0
 no shutdown
!
interface GigabitEthernet1/1
 ip address 183.227.59.26 255.255.255.0
 no shutdown
!",juniper,1,synthetic_v4,compliant,easy
CIS-4.1,Inter-zone traffic control via security zone configuration is mandatory,Verify CIS-4.1 compliance,"! Generated: 2024-01-02
!
hostname RTR-90-51
version 15.7
interface GigabitEthernet0/2
 ip address 150.4.155.226 255.255.255.0
 no shutdown
!",juniper,1,synthetic_v4,compliant,easy
CIS-4.1,Inter-zone traffic control via security zone configuration is mandatory,Verify CIS-4.1 compliance,"! Generated: 2024-01-02
!
hostname RTR-96-88
version 15.7
interface GigabitEthernet0/0
 ip address 87.141.145.111 255.255.255.0
 no shutdown
!",juniper,0,synthetic_v4,non_compliant,easy
CIS-4.1,Inter-zone traffic control via security zone configuration is mandatory,Verify CIS-4.1 compliance,"! RTR-97-25 Configuration
!
hostname RTR-97-25
version 15.7
interface GigabitEthernet1/1
 ip address 235.36.156.62 255.255.255.0
 no shutdown
!",juniper,1,synthetic_v4,compliant,medium
CIS-4.1,Inter-zone traffic control via security zone configuration is mandatory,Verify CIS-4.1 compliance,"! RTR-93-38 Configuration
!
hostname RTR-93-38
version 15.7",juniper,0,synthetic_v4,non_compliant,hard
CIS-4.1,Inter-zone traffic control via security zone configuration is mandatory,Verify CIS-4.1 compliance,"! RTR-30-29 Configuration
!
hostname RTR-30-29
version 15.7
interface GigabitEthernet1/1
 ip address 39.11.162.196 255.255.255.0
 no shutdown
!
interface GigabitEthernet0/1
 ip address 207.196.104.139 255.255.255.0
 no shutdown
!",juniper,0,synthetic_v4,non_compliant,hard
CIS-4.1,Inter-zone traffic control via security zone configuration is mandatory,Verify CIS-4.1 compliance,"! RTR-47-98 Configuration
!
hostname RTR-47-98
version 15.7",juniper,0,synthetic_v4,non_compliant,easy
CIS-4.1,Inter-zone traffic control via security zone configuration is mandatory,Verify CIS-4.1 compliance,"! Generated: 2024-01-27
!
hostname RTR-45-99
version 15.7
interface GigabitEthernet1/2
 ip address 247.221.44.155 255.255.255.0
 no shutdown
!
interface GigabitEthernet1/1
 ip address 86.183.238.116 255.255.255.0
 no shutdown
!",juniper,1,synthetic_v4,compliant,hard
CIS-4.1,Inter-zone traffic control via security zone configuration is mandatory,Verify CIS-4.1 compliance,"! Generated: 2024-01-04
!
hostname RTR-10-9
version 15.7
interface GigabitEthernet1/0
 ip address 179.153.175.100 255.255.255.0
 no shutdown
!
interface GigabitEthernet1/1
 ip address 78.219.244.163 255.255.255.0
 no shutdown
!",juniper,1,synthetic_v4,compliant,hard
CIS-4.1,Inter-zone traffic control via security zone configuration is mandatory,Verify CIS-4.1 compliance,"! RTR-35-23 Configuration
!
hostname RTR-35-23
version 15.7
interface GigabitEthernet0/1
 ip address 137.95.125.202 255.255.255.0
 no shutdown
!
interface GigabitEthernet0/2
 ip address 219.87.139.132 255.255.255.0
 no shutdown
!",juniper,0,synthetic_v4,non_compliant,easy
CIS-4.1,Inter-zone traffic control via security zone configuration is mandatory,Verify CIS-4.1 compliance,"! RTR-71-82 Configuration
!
hostname RTR-71-82
version 15.7
interface GigabitEthernet0/1
 ip address 220.74.34.123 255.255.255.0
 no shutdown
!",juniper,1,synthetic_v4,compliant,hard
CIS-4.1,Inter-zone traffic control via security zone configuration is mandatory,Verify CIS-4.1 compliance,"! Generated: 2024-01-12
!
hostname RTR-70-21
version 15.7
interface GigabitEthernet1/2
 ip address 105.89.205.96 255.255.255.0
 no shutdown
!",juniper,1,synthetic_v4,compliant,medium
CIS-4.1,Inter-zone traffic control via security zone configuration is mandatory,Verify CIS-4.1 compliance,"! Generated: 2024-01-01
!
hostname RTR-56-60
version 15.7
interface GigabitEthernet0/2
 ip address 182.144.245.52 255.255.255.0
 no shutdown
!",juniper,1,synthetic_v4,compliant,medium
CIS-4.1,Inter-zone traffic control via security zone configuration is mandatory,Verify CIS-4.1 compliance,"! RTR-44-39 Configuration
!
hostname RTR-44-39
version 15.7
interface GigabitEthernet1/3
 ip address 99.70.240.87 255.255.255.0
 no shutdown
!
interface GigabitEthernet0/3
 ip address 250.175.32.65 255.255.255.0
 no shutdown
!",juniper,0,synthetic_v4,non_compliant,hard
CIS-4.1,Inter-zone traffic control via security zone configuration is mandatory,Verify CIS-4.1 compliance,"! Generated: 2024-01-10
!
hostname RTR-68-33
version 15.7",juniper,0,synthetic_v4,non_compliant,medium
CIS-4.1,Inter-zone traffic control via security zone configuration is mandatory,Verify CIS-4.1 compliance,"! RTR-65-65 Configuration
!
hostname RTR-65-65
version 15.7
interface GigabitEthernet0/3
 ip address 40.67.123.221 255.255.255.0
 no shutdown
!",juniper,0,synthetic_v4,non_compliant,hard
CIS-4.1,Inter-zone traffic control via security zone configuration is mandatory,Verify CIS-4.1 compliance,"! RTR-5-63 Configuration
!
hostname RTR-5-63
version 15.7",juniper,1,synthetic_v4,compliant,medium
CIS-4.1,Inter-zone traffic control via security zone configuration is mandatory,Verify CIS-4.1 compliance,"! RTR-58-1 Configuration
!
hostname RTR-58-1
version 15.7",juniper,1,synthetic_v4,compliant,hard
CIS-4.1,Inter-zone traffic control via security zone configuration is mandatory,Verify CIS-4.1 compliance,"! RTR-25-43 Configuration
!
hostname RTR-25-43
version 15.7
interface GigabitEthernet1/1
 ip address 197.71.151.49 255.255.255.0
 no shutdown
!
interface GigabitEthernet1/2
 ip address 53.236.88.31 255.255.255.0
 no shutdown
!",juniper,0,synthetic_v4,non_compliant,hard
CIS-4.1,Inter-zone traffic control via security zone configuration is mandatory,Verify CIS-4.1 compliance,"! Generated: 2024-01-24
!
hostname RTR-43-63
version 15.7
interface GigabitEthernet1/3
 ip address 57.179.208.177 255.255.255.0
 no shutdown
!
interface GigabitEthernet0/1
 ip address 164.232.79.214 255.255.255.0
 no shutdown
!",juniper,1,synthetic_v4,compliant,hard
CIS-4.1,Inter-zone traffic control via security zone configuration is mandatory,Verify CIS-4.1 compliance,"! RTR-48-74 Configuration
!
hostname RTR-48-74
version 15.7
interface GigabitEthernet0/0
 ip address 183.127.82.164 255.255.255.0
 no shutdown
!
interface GigabitEthernet0/0
 ip address 252.193.69.1 255.255.255.0
 no shutdown
!",juniper,0,synthetic_v4,non_compliant,medium
CIS-4.1,Inter-zone traffic control via security zone configuration is mandatory,Verify CIS-4.1 compliance,"! Generated: 2024-01-23
!
hostname RTR-5-36
version 15.7
interface GigabitEthernet0/2
 ip address 225.183.243.103 255.255.255.0
 no shutdown
!",juniper,1,synthetic_v4,compliant,hard
CIS-4.1,Inter-zone traffic control via security zone configuration is mandatory,Verify CIS-4.1 compliance,"! Generated: 2024-01-21
!
hostname RTR-10-73
version 15.7
interface GigabitEthernet0/2
 ip address 105.30.221.11 255.255.255.0
 no shutdown
!
interface GigabitEthernet1/3
 ip address 8.98.191.101 255.255.255.0
 no shutdown
!",juniper,1,synthetic_v4,compliant,medium
CIS-4.1,Inter-zone traffic control via security zone configuration is mandatory,Verify CIS-4.1 compliance,"! Generated: 2024-01-04
!
hostname RTR-61-56
version 15.7",juniper,0,synthetic_v4,non_compliant,easy
CIS-4.1,Inter-zone traffic control via security zone configuration is mandatory,Verify CIS-4.1 compliance,"! Generated: 2024-01-17
!
hostname RTR-33-51
version 15.7",paloalto,0,synthetic_v4,non_compliant,easy
CIS-4.1,Inter-zone traffic control via security zone configuration is mandatory,Verify CIS-4.1 compliance,"! Generated: 2024-01-01
!
hostname RTR-56-20
version 15.7
interface GigabitEthernet0/2
 ip address 61.249.251.238 255.255.255.0
 no shutdown
!
interface GigabitEthernet1/1
 ip address 104.220.120.74 255.255.255.0
 no shutdown
!",paloalto,1,synthetic_v4,compliant,easy
CIS-4.1,Inter-zone traffic control via security zone configuration is mandatory,Verify CIS-4.1 compliance,"! RTR-47-13 Configuration
!
hostname RTR-47-13
version 15.7",paloalto,0,synthetic_v4,non_compliant,hard
CIS-4.1,Inter-zone traffic control via security zone configuration is mandatory,Verify CIS-4.1 compliance,"! Generated: 2024-01-15
!
hostname RTR-57-33
version 15.7
interface GigabitEthernet0/3
 ip address 34.212.26.63 255.255.255.0
 no shutdown
!
interface GigabitEthernet0/0
 ip address 76.191.27.90 255.255.255.0
 no shutdown
!",paloalto,1,synthetic_v4,compliant,medium
CIS-4.1,Inter-zone traffic control via security zone configuration is mandatory,Verify CIS-4.1 compliance,"! RTR-71-71 Configuration
!
hostname RTR-71-71
version 15.7
interface GigabitEthernet1/1
 ip address 80.217.150.10 255.255.255.0
 no shutdown
!",paloalto,0,synthetic_v4,non_compliant,easy
CIS-4.1,Inter-zone traffic control via security zone configuration is mandatory,Verify CIS-4.1 compliance,"! Generated: 2024-01-18
!
hostname RTR-72-93
version 15.7
interface GigabitEthernet1/0
 ip address 85.125.245.6 255.255.255.0
 no shutdown
!",paloalto,0,synthetic_v4,non_compliant,easy
CIS-4.1,Network Segmentation,Security zones must be configured to segment network traffic.,set deviceconfig setting zone trust network layer3 ethernet1/1,paloalto,1,v1_curated,curated_training,medium
CIS-4.1,Inter-zone traffic control via security zone configuration is mandatory,Verify CIS-4.1 compliance,"! Generated: 2024-01-20
!
hostname RTR-37-18
version 15.7
interface GigabitEthernet0/3
 ip address 156.114.145.9 255.255.255.0
 no shutdown
!",paloalto,1,synthetic_v4,compliant,medium
CIS-4.1,Inter-zone traffic control via security zone configuration is mandatory,Verify CIS-4.1 compliance,"! RTR-8-39 Configuration
!
hostname RTR-8-39
version 15.7
interface GigabitEthernet1/1
 ip address 72.174.210.252 255.255.255.0
 no shutdown
!
interface GigabitEthernet0/2
 ip address 20.255.157.190 255.255.255.0
 no shutdown
!",paloalto,0,synthetic_v4,non_compliant,medium
CIS-4.1,Inter-zone traffic control via security zone configuration is mandatory,Verify CIS-4.1 compliance,"! Generated: 2024-01-14
!
hostname RTR-86-33
version 15.7",paloalto,0,synthetic_v4,non_compliant,easy
CIS-4.1,Inter-zone traffic control via security zone configuration is mandatory,Verify CIS-4.1 compliance,"! RTR-92-57 Configuration
!
hostname RTR-92-57
version 15.7
interface GigabitEthernet0/1
 ip address 24.196.141.101 255.255.255.0
 no shutdown
!",paloalto,1,synthetic_v4,compliant,easy
CIS-4.1,Inter-zone traffic control via security zone configuration is mandatory,Verify CIS-4.1 compliance,"! RTR-75-11 Configuration
!
hostname RTR-75-11
version 15.7
interface GigabitEthernet0/3
 ip address 211.251.55.69 255.255.255.0
 no shutdown
!",paloalto,1,synthetic_v4,compliant,hard
CIS-4.1,Inter-zone traffic control via security zone configuration is mandatory,Verify CIS-4.1 compliance,"! RTR-68-63 Configuration
!
hostname RTR-68-63
version 15.7
interface GigabitEthernet1/2
 ip address 202.207.128.135 255.255.255.0
 no shutdown
!
interface GigabitEthernet1/1
 ip address 129.255.64.207 255.255.255.0
 no shutdown
!",paloalto,1,synthetic_v4,compliant,easy
CIS-4.1,Inter-zone traffic control via security zone configuration is mandatory,Verify CIS-4.1 compliance,"! Generated: 2024-01-20
!
hostname RTR-52-28
version 15.7
interface GigabitEthernet0/3
 ip address 143.234.198.83 255.255.255.0
 no shutdown
!",paloalto,0,synthetic_v4,non_compliant,hard
CIS-4.1,Inter-zone traffic control via security zone configuration is mandatory,Verify CIS-4.1 compliance,"! RTR-17-96 Configuration
!
hostname RTR-17-96
version 15.7",paloalto,0,synthetic_v4,non_compliant,medium
CIS-4.1,Inter-zone traffic control via security zone configuration is mandatory,Verify CIS-4.1 compliance,"! Generated: 2024-01-06
!
hostname RTR-52-70
version 15.7
interface GigabitEthernet0/2
 ip address 44.94.53.162 255.255.255.0
 no shutdown
!",paloalto,0,synthetic_v4,non_compliant,easy
CIS-4.1,Inter-zone traffic control via security zone configuration is mandatory,Verify CIS-4.1 compliance,"! RTR-23-15 Configuration
!
hostname RTR-23-15
version 15.7
interface GigabitEthernet0/3
 ip address 172.142.42.92 255.255.255.0
 no shutdown
!
interface GigabitEthernet0/2
 ip address 46.198.96.140 255.255.255.0
 no shutdown
!",paloalto,0,synthetic_v4,non_compliant,medium
CIS-4.1,Inter-zone traffic control via security zone configuration is mandatory,Verify CIS-4.1 compliance,"! RTR-61-28 Configuration
!
hostname RTR-61-28
version 15.7",paloalto,0,synthetic_v4,non_compliant,hard
CIS-4.1,Inter-zone traffic control via security zone configuration is mandatory,Verify CIS-4.1 compliance,"! Generated: 2024-01-25
!
hostname RTR-69-25
version 15.7
interface GigabitEthernet1/3
 ip address 203.221.53.207 255.255.255.0
 no shutdown
!",paloalto,0,synthetic_v4,non_compliant,hard
CIS-4.1,Inter-zone traffic control via security zone configuration is mandatory,Verify CIS-4.1 compliance,"! RTR-50-84 Configuration
!
hostname RTR-50-84
version 15.7",paloalto,1,synthetic_v4,compliant,medium
CIS-4.1,Inter-zone traffic control via security zone configuration is mandatory,Verify CIS-4.1 compliance,"! Generated: 2024-01-03
!
hostname RTR-22-87
version 15.7
interface GigabitEthernet1/3
 ip address 245.132.169.162 255.255.255.0
 no shutdown
!
interface GigabitEthernet1/1
 ip address 171.142.125.58 255.255.255.0
 no shutdown
!",paloalto,1,synthetic_v4,compliant,easy
CIS-4.1,Inter-zone traffic control via security zone configuration is mandatory,Verify CIS-4.1 compliance,"! RTR-93-3 Configuration
!
hostname RTR-93-3
version 15.7
interface GigabitEthernet0/1
 ip address 38.175.82.134 255.255.255.0
 no shutdown
!",paloalto,0,synthetic_v4,non_compliant,hard
CIS-4.1,Inter-zone traffic control via security zone configuration is mandatory,Verify CIS-4.1 compliance,"! Generated: 2024-01-09
!
hostname RTR-75-11
version 15.7
interface GigabitEthernet1/2
 ip address 26.206.20.80 255.255.255.0
 no shutdown
!",paloalto,0,synthetic_v4,non_compliant,medium
CIS-4.1,Inter-zone traffic control via security zone configuration is mandatory,Verify CIS-4.1 compliance,"! RTR-31-66 Configuration
!
hostname RTR-31-66
version 15.7
interface GigabitEthernet0/3
 ip address 10.4.184.183 255.255.255.0
 no shutdown
!",paloalto,1,synthetic_v4,compliant,medium
CIS-4.1,Inter-zone traffic control via security zone configuration is mandatory,Verify CIS-4.1 compliance,"! Generated: 2024-01-16
!
hostname RTR-13-76
version 15.7",paloalto,0,synthetic_v4,non_compliant,medium
CIS-4.1,Inter-zone traffic control via security zone configuration is mandatory,Verify CIS-4.1 compliance,"! RTR-16-1 Configuration
!
hostname RTR-16-1
version 15.7",paloalto,0,synthetic_v4,non_compliant,medium
CIS-4.1,Inter-zone traffic control via security zone configuration is mandatory,Verify CIS-4.1 compliance,"! RTR-6-59 Configuration
!
hostname RTR-6-59
version 15.7
interface GigabitEthernet1/0
 ip address 73.170.9.105 255.255.255.0
 no shutdown
!
interface GigabitEthernet0/3
 ip address 213.213.237.235 255.255.255.0
 no shutdown
!",paloalto,0,synthetic_v4,non_compliant,hard
CIS-4.1,Inter-zone traffic control via security zone configuration is mandatory,Verify CIS-4.1 compliance,"! RTR-19-14 Configuration
!
hostname RTR-19-14
version 15.7",paloalto,1,synthetic_v4,compliant,hard
CIS-4.1,Network Segmentation,Security zones must be configured to segment network traffic.,set deviceconfig setting zone untrusted,paloalto,0,v1_curated,curated_training,medium
CIS-4.1,Inter-zone traffic control via security zone configuration is mandatory,Verify CIS-4.1 compliance,"! RTR-36-69 Configuration
!
hostname RTR-36-69
version 15.7
interface GigabitEthernet0/2
 ip address 197.26.254.254 255.255.255.0
 no shutdown
!
interface GigabitEthernet0/2
 ip address 200.59.120.237 255.255.255.0
 no shutdown
!",paloalto,0,synthetic_v4,non_compliant,medium
CIS-4.1,Inter-zone traffic control via security zone configuration is mandatory,Verify CIS-4.1 compliance,"! Generated: 2024-01-24
!
hostname RTR-12-85
version 15.7",paloalto,0,synthetic_v4,non_compliant,easy
CIS-4.1,Inter-zone traffic control via security zone configuration is mandatory,Verify CIS-4.1 compliance,"! Generated: 2024-01-03
!
hostname RTR-20-91
version 15.7",paloalto,1,synthetic_v4,compliant,easy
CIS-4.1,Inter-zone traffic control via security zone configuration is mandatory,Verify CIS-4.1 compliance,"! RTR-28-81 Configuration
!
hostname RTR-28-81
version 15.7",paloalto,1,synthetic_v4,compliant,medium
CIS-4.1,Inter-zone traffic control via security zone configuration is mandatory,Verify CIS-4.1 compliance,"! Generated: 2024-01-14
!
hostname RTR-88-66
version 15.7",paloalto,0,synthetic_v4,non_compliant,hard
CIS-4.1,Inter-zone traffic control via security zone configuration is mandatory,Verify CIS-4.1 compliance,"! Generated: 2024-01-04
!
hostname RTR-99-43
version 15.7",paloalto,0,synthetic_v4,non_compliant,easy
CIS-4.1,Inter-zone traffic control via security zone configuration is mandatory,Verify CIS-4.1 compliance,"! Generated: 2024-01-20
!
hostname RTR-43-79
version 15.7
interface GigabitEthernet0/0
 ip address 227.224.249.111 255.255.255.0
 no shutdown
!
interface GigabitEthernet0/0
 ip address 248.78.193.85 255.255.255.0
 no shutdown
!",paloalto,1,synthetic_v4,compliant,hard
CIS-4.1,Inter-zone traffic control via security zone configuration is mandatory,Verify CIS-4.1 compliance,"! RTR-27-10 Configuration
!
hostname RTR-27-10
version 15.7
interface GigabitEthernet0/3
 ip address 98.192.153.96 255.255.255.0
 no shutdown
!
interface GigabitEthernet0/2
 ip address 125.101.8.56 255.255.255.0
 no shutdown
!",paloalto,1,synthetic_v4,compliant,medium
CIS-4.1,Inter-zone traffic control via security zone configuration is mandatory,Verify CIS-4.1 compliance,"! RTR-13-90 Configuration
!
hostname RTR-13-90
version 15.7
interface GigabitEthernet1/2
 ip address 77.41.124.42 255.255.255.0
 no shutdown
!
interface GigabitEthernet1/0
 ip address 199.160.29.112 255.255.255.0
 no shutdown
!",paloalto,1,synthetic_v4,compliant,medium
CIS-4.1,Inter-zone traffic control via security zone configuration is mandatory,Verify CIS-4.1 compliance,"! Generated: 2024-01-05
!
hostname RTR-1-61
version 15.7",paloalto,1,synthetic_v4,compliant,medium
CIS-4.1,Inter-zone traffic control via security zone configuration is mandatory,Verify CIS-4.1 compliance,"! Generated: 2024-01-20
!
hostname RTR-79-22
version 15.7
interface GigabitEthernet0/0
 ip address 22.42.4.39 255.255.255.0
 no shutdown
!
interface GigabitEthernet1/3
 ip address 230.47.77.254 255.255.255.0
 no shutdown
!",paloalto,1,synthetic_v4,compliant,easy
CIS-4.1,Inter-zone traffic control via security zone configuration is mandatory,Verify CIS-4.1 compliance,"! Generated: 2024-01-22
!
hostname RTR-1-74
version 15.7
interface GigabitEthernet1/0
 ip address 249.161.237.22 255.255.255.0
 no shutdown
!
interface GigabitEthernet0/0
 ip address 153.59.69.122 255.255.255.0
 no shutdown
!",paloalto,0,synthetic_v4,non_compliant,medium
CIS-4.1,Inter-zone traffic control via security zone configuration is mandatory,Verify CIS-4.1 compliance,"! Generated: 2024-01-28
!
hostname RTR-82-97
version 15.7
interface GigabitEthernet1/3
 ip address 63.72.8.231 255.255.255.0
 no shutdown
!",paloalto,1,synthetic_v4,compliant,easy
CIS-4.1,Inter-zone traffic control via security zone configuration is mandatory,Verify CIS-4.1 compliance,"! ===========================================================================
! ClientB dhcp-server-relay lab  (DHCP client, remote LAN, c7200 / IOS 15.2)
! ComputingForGeeks CCNA 200-301 lab: dhcp-server-relay
! https://computingforgeeks.com/cisco-dhcp-server-relay-configuration/
!
! A router used as an end host on R2's LAN (192.168.20.0/24). It has no local
! DHCP server; its request is relayed by R2 to the server at 10.0.0.1. The lease
! record names server 10.0.0.1, the proof the request crossed the relay.
! ===========================================================================
enable
configure terminal
hostname ClientB
interface GigabitEthernet0/0
 ip address dhcp
 no shutdown
 exit
end
write memory

interface GigabitEthernet0/3
 description WAN Interface
 ip address 206.237.162.244 255.255.255.0
 no shutdown
!",cisco,0,real_derived_ClientB-config.txt,mutated_from_ClientB-config.txt_to_0,medium
CIS-4.1,Network segmentation through defined security zones is required,Verify CIS-4.1 compliance,"! ===========================================================================
! ClientA dhcp-server-relay lab  (DHCP client, local LAN, c7200 / IOS 15.2)
! ComputingForGeeks CCNA 200-301 lab: dhcp-server-relay
! https://computingforgeeks.com/cisco-dhcp-server-relay-configuration/
!
! A router used as an end host on R1's own LAN. It leases directly from the
! local server (192.168.10.1). Verify with: show ip interface brief / show dhcp lease.
! ===========================================================================
enable
configure terminal
hostname ClientA
interface GigabitEthernet0/0
 ip address dhcp
 no shutdown
 exit
end
write memory

interface GigabitEthernet1/0
 description WAN Interface
 ip address 68.59.54.191 255.255.255.0
 no shutdown
!",cisco,0,real_derived_ClientA-config.txt,mutated_from_ClientA-config.txt_to_0,medium
CIS-4.1,Security zones must be configured to enforce traffic segmentation,Verify CIS-4.1 compliance,"! ===========================================================================
! Host1 nat-pat lab  (inside host on 192.168.10.0/24, translated by PAT)
! ComputingForGeeks CCNA 200-301 lab: nat-pat
! https://computingforgeeks.com/cisco-nat-pat-configuration/
!
! A router used as an end host. It sits on the PAT LAN, so its traffic to the
! outside is overloaded onto the PUBLIC pool address with a translated port.
! ===========================================================================
enable
configure terminal
hostname Host1
interface GigabitEthernet0/0
 ip address 192.168.10.10 255.255.255.0
 no shutdown
 exit
ip route 0.0.0.0 0.0.0.0 192.168.10.1
end
write memory",cisco,0,real_derived_Host1-config.txt,mutated_from_Host1-config.txt_to_0,medium
CIS-4.1,Inter-zone traffic control via security zone configuration is mandatory,Verify CIS-4.1 compliance,"# -*- restclient -*-

# Settings
:node = asr-101
:addr = 50.196.141.39
:deviceusername = <username>
:devicepassword = <password>
:host = http://localhost:8181
:basic-auth := (format ""Basic %s"" (base64-encode-string (format ""%s:%s"" ""admin"" ""admin"")))

# Create ASR 101
POST :host/restconf/config/network-topology:network-topology/topology/topology-netconf/node/controller-config/yang-ext:mount/config:modules
Authorization: :basic-auth
Content-Type: application/xml
<module xmlns=""urn:opendaylight:params:xml:ns:yang:controller:config"">
   <type xmlns:prefix=""urn:opendaylight:params:xml:ns:yang:controller:md:sal:connector:netconf"">prefix:sal-netconf-connector</type>
   <name>:node
   </name>
   <address xmlns=""urn:opendaylight:params:xml:ns:yang:controller:md:sal:connector:netconf"">:addr
   </address>
   <port xmlns=""urn:opendaylight:params:xml:ns:yang:controller:md:sal:connector:netconf"">830</port>
   <username xmlns=""urn:opendaylight:params:xml:ns:yang:controller:md:sal:connector:netconf"">:deviceusername</username>
   <password xmlns=""urn:opendaylight:params:xml:ns:yang:controller:md:sal:connector:netconf"">:devicepassword</password>
   <tcp-only xmlns=""urn:opendaylight:params:xml:ns:yang:controller:md:sal:connector:netconf"">false</tcp-only>
   <event-executor xmlns=""urn:opendaylight:params:xml:ns:yang:controller:md:sal:connector:netconf"">
     <type xmlns:prefix=""urn:opendaylight:params:xml:ns:yang:controller:netty"">prefix:netty-event-executor</type>
     <name>global-event-executor</name>
   </event-executor>
   <binding-registry xmlns=""urn:opendaylight:params:xml:ns:yang:controller:md:sal:connector:netconf"">
     <type xmlns:prefix=""urn:opendaylight:params:xml:ns:yang:controller:md:sal:binding"">prefix:binding-broker-osgi-registry</type>
     <name>binding-osgi-broker</name>
   </binding-registry>
   <dom-registry xmlns=""urn:opendaylight:params:xml:ns:yang:controller:md:sal:connector:netconf"">
     <type xmlns:prefix=""urn:opendaylight:params:xml:ns:yang:controller:md:sal:dom"">prefix:dom-broker-osgi-registry</type>
     <name>dom-broker</name>
   </dom-registry>
   <client-dispatcher xmlns=""urn:opendaylight:params:xml:ns:yang:controller:md:sal:connector:netconf"">
     <type xmlns:prefix=""urn:opendaylight:params:xml:ns:yang:controller:config:netconf"">prefix:netconf-client-dispatcher</type>
     <name>global-netconf-dispatcher</name>
   </client-dispatcher>
   <processing-executor xmlns=""urn:opendaylight:params:xml:ns:yang:controller:md:sal:connector:netconf"">
     <type xmlns:prefix=""urn:opendaylight:params:xml:ns:yang:controller:threadpool"">prefix:threadpool</type>
     <name>global-netconf-processing-executor</name>
   </processing-executor>
 </module>

# Get node operational status
GET :host/restconf/operational/network-topology:network-topology/topology/topology-netconf/node/:node/
Authorization: :basic-auth

# Get interface configuration
GET :host/restconf/operational/network-topology:network-topology/topology/topology-netconf/node/:node/yang-ext:mount/Cisco-IOS-XR-ifmgr-cfg:interface-configurations/
Authorization: :basic-auth
Accept: application/xml

# Get operational l2vpn xconnect groups
GET :host/restconf/operational/network-topology:network-topology/topology/topology-netconf/node/:node/yang-ext:mount/Cisco-IOS-XR-l2vpn-cfg:l2vpn/database/xconnect-groups/xconnect-group/local
Authorization: :basic-auth
Accept: application/xml

# Show
GET :host/restconf/config/network-topology:network-topology/topology/topology-netconf/node/controller-config/yang-ext:mount/config:modules/module/odl-sal-netconf-connector-cfg:sal-netconf-connector/:node
Authorization: :basic-auth

# Delete
DELETE :host/restconf/config/network-topology:network-topology/topology/topology-netconf/node/controller-config/yang-ext:mount/config:modules/module/odl-sal-netconf-connector-cfg:sal-netconf-connector/:node
Authorization: :basic-auth

interface GigabitEthernet0/2
 description LAN Interface
 ip address 172.191.224.231 255.255.255.0
 no shutdown
!",cisco,0,real_derived_cisco-xr-lab-device.txt,mutated_from_cisco-xr-lab-device.txt_to_0,medium
CIS-4.1,Inter-zone traffic control via security zone configuration is mandatory,Verify CIS-4.1 compliance,"! ===========================================================================
! SW2 LACP EtherChannel  (Layer 2 switch, IOSvL2)
! ComputingForGeeks CCNA 200-301 lab: etherchannel-lacp
! https://computingforgeeks.com/cisco-etherchannel-configuration/
!
! Paste at the privileged-EXEC prompt. Two links (Gi0/0, Gi0/1) bundle into
! Port-channel 1 with LACP active. Run the matching SW1 file on the other switch;
! both ends must be active (or one active, one passive).
! ===========================================================================
enable
configure terminal
hostname SW2
interface range GigabitEthernet0/0 - 1
 channel-group 1 mode active
 exit
end
write memory",cisco,0,real_derived_SW2-config.txt,mutated_from_SW2-config.txt_to_0,medium
CIS-4.1,Inter-zone traffic control via security zone configuration is mandatory,Verify CIS-4.1 compliance,"# -*- restclient -*-

# Settings
:node = asr-101
:addr = 50.196.141.39
:deviceusername = <username>
:devicepassword = <password>
:host = http://localhost:8181
:basic-auth := (format ""Basic %s"" (base64-encode-string (format ""%s:%s"" ""admin"" ""admin"")))

# Create ASR 101
POST :host/restconf/config/network-topology:network-topology/topology/topology-netconf/node/controller-config/yang-ext:mount/config:modules
Authorization: :basic-auth
Content-Type: application/xml
<module xmlns=""urn:opendaylight:params:xml:ns:yang:controller:config"">
   <type xmlns:prefix=""urn:opendaylight:params:xml:ns:yang:controller:md:sal:connector:netconf"">prefix:sal-netconf-connector</type>
   <name>:node
   </name>
   <address xmlns=""urn:opendaylight:params:xml:ns:yang:controller:md:sal:connector:netconf"">:addr
   </address>
   <port xmlns=""urn:opendaylight:params:xml:ns:yang:controller:md:sal:connector:netconf"">830</port>
   <username xmlns=""urn:opendaylight:params:xml:ns:yang:controller:md:sal:connector:netconf"">:deviceusername</username>
   <password xmlns=""urn:opendaylight:params:xml:ns:yang:controller:md:sal:connector:netconf"">:devicepassword</password>
   <tcp-only xmlns=""urn:opendaylight:params:xml:ns:yang:controller:md:sal:connector:netconf"">false</tcp-only>
   <event-executor xmlns=""urn:opendaylight:params:xml:ns:yang:controller:md:sal:connector:netconf"">
     <type xmlns:prefix=""urn:opendaylight:params:xml:ns:yang:controller:netty"">prefix:netty-event-executor</type>
     <name>global-event-executor</name>
   </event-executor>
   <binding-registry xmlns=""urn:opendaylight:params:xml:ns:yang:controller:md:sal:connector:netconf"">
     <type xmlns:prefix=""urn:opendaylight:params:xml:ns:yang:controller:md:sal:binding"">prefix:binding-broker-osgi-registry</type>
     <name>binding-osgi-broker</name>
   </binding-registry>
   <dom-registry xmlns=""urn:opendaylight:params:xml:ns:yang:controller:md:sal:connector:netconf"">
     <type xmlns:prefix=""urn:opendaylight:params:xml:ns:yang:controller:md:sal:dom"">prefix:dom-broker-osgi-registry</type>
     <name>dom-broker</name>
   </dom-registry>
   <client-dispatcher xmlns=""urn:opendaylight:params:xml:ns:yang:controller:md:sal:connector:netconf"">
     <type xmlns:prefix=""urn:opendaylight:params:xml:ns:yang:controller:config:netconf"">prefix:netconf-client-dispatcher</type>
     <name>global-netconf-dispatcher</name>
   </client-dispatcher>
   <processing-executor xmlns=""urn:opendaylight:params:xml:ns:yang:controller:md:sal:connector:netconf"">
     <type xmlns:prefix=""urn:opendaylight:params:xml:ns:yang:controller:threadpool"">prefix:threadpool</type>
     <name>global-netconf-processing-executor</name>
   </processing-executor>
 </module>

# Get node operational status
GET :host/restconf/operational/network-topology:network-topology/topology/topology-netconf/node/:node/
Authorization: :basic-auth

# Get interface configuration
GET :host/restconf/operational/network-topology:network-topology/topology/topology-netconf/node/:node/yang-ext:mount/Cisco-IOS-XR-ifmgr-cfg:interface-configurations/
Authorization: :basic-auth
Accept: application/xml

# Get operational l2vpn xconnect groups
GET :host/restconf/operational/network-topology:network-topology/topology/topology-netconf/node/:node/yang-ext:mount/Cisco-IOS-XR-l2vpn-cfg:l2vpn/database/xconnect-groups/xconnect-group/local
Authorization: :basic-auth
Accept: application/xml

# Show
GET :host/restconf/config/network-topology:network-topology/topology/topology-netconf/node/controller-config/yang-ext:mount/config:modules/module/odl-sal-netconf-connector-cfg:sal-netconf-connector/:node
Authorization: :basic-auth

# Delete
DELETE :host/restconf/config/network-topology:network-topology/topology/topology-netconf/node/controller-config/yang-ext:mount/config:modules/module/odl-sal-netconf-connector-cfg:sal-netconf-connector/:node
Authorization: :basic-auth

interface GigabitEthernet0/1
 description DMZ Interface
 ip address 122.84.135.136 255.255.255.0
 no shutdown
!",cisco,0,real_derived_cisco-xr-lab-device.txt,mutated_from_cisco-xr-lab-device.txt_to_0,medium
CIS-4.1,Security zones must be configured to enforce traffic segmentation,Verify CIS-4.1 compliance,"! ===========================================================================
! ClientA dhcp-server-relay lab  (DHCP client, local LAN, c7200 / IOS 15.2)
! ComputingForGeeks CCNA 200-301 lab: dhcp-server-relay
! https://computingforgeeks.com/cisco-dhcp-server-relay-configuration/
!
! A router used as an end host on R1's own LAN. It leases directly from the
! local server (192.168.10.1). Verify with: show ip interface brief / show dhcp lease.
! ===========================================================================
enable
configure terminal
hostname ClientA
interface GigabitEthernet0/0
 ip address dhcp
 no shutdown
 exit
end
write memory

interface GigabitEthernet0/2
 description LAN Interface
 ip address 41.224.154.157 255.255.255.0
 no shutdown
!",cisco,0,real_derived_ClientA-config.txt,mutated_from_ClientA-config.txt_to_0,medium
CIS-4.1,Security zones must be configured to enforce traffic segmentation,Verify CIS-4.1 compliance,"! ===========================================================================
! R1 DNS host configuration  (router, c7200/IOSv)
! ComputingForGeeks CCNA 200-301 lab: dns-static
! https://computingforgeeks.com/ccna-labs-dns-server-configuration-on-gns3-and-packet-tracer/
!
! R1 holds the static name-to-IP records. server1 resolves to a loopback so the
! mapping is testable end to end.
! ===========================================================================
enable
configure terminal
hostname R1
interface GigabitEthernet0/0
 ip address 192.168.10.1 255.255.255.0
 no shutdown
 exit
interface Loopback0
 ip address 10.0.0.1 255.255.255.255
 exit
ip host server1.lab.example.com 10.0.0.1
ip host gw.lab.example.com 192.168.10.1
!
! Full router-as-resolver (answering DNS queries from clients) needs:
!   ip dns server
! That command exists only on ISR / IOSv / IOS-XE. On a c7200 (dynamips) it
! returns ""% Invalid input detected at '^' marker."" See the article for detail.
!
end
write memory

interface GigabitEthernet0/1
 description LAN Interface
 ip address 14.246.190.142 255.255.255.0
 no shutdown
!",cisco,0,real_derived_R1-dns.txt,mutated_from_R1-dns.txt_to_0,medium
CIS-4.1,Network segmentation through defined security zones is required,Verify CIS-4.1 compliance,"! ===========================================================================
! R1 base configuration  (router, c7200/IOSv)
! ComputingForGeeks CCNA 200-301 lab: base-device
! https://computingforgeeks.com/cisco-device-base-configuration/
!
! Paste at the privileged-EXEC prompt. RSA key generation takes a few seconds;
! on real gear, let it finish before the rest is applied.
! ===========================================================================
enable
configure terminal
hostname R1
enable secret Cisc0-Lab!
service password-encryption
ip domain-name lab.example.com
username admin privilege 15 secret Adm1n-Lab!
crypto key generate rsa modulus 2048
ip ssh version 2
interface GigabitEthernet0/0
 ip address 192.168.10.1 255.255.255.0
 no shutdown
 exit
line console 0
 password Con-Lab!
 login
 exit
line vty 0 4
 login local
 transport input ssh
 exit
banner motd #Authorized access only. Activity is logged.#
end
write memory",cisco,0,real_derived_R1-base-config.txt,mutated_from_R1-base-config.txt_to_0,medium
CIS-4.1,Security zones must be configured to enforce traffic segmentation,Verify CIS-4.1 compliance,"! ===========================================================================
! R1 base configuration  (router, c7200/IOSv)
! ComputingForGeeks CCNA 200-301 lab: base-device
! https://computingforgeeks.com/cisco-device-base-configuration/
!
! Paste at the privileged-EXEC prompt. RSA key generation takes a few seconds;
! on real gear, let it finish before the rest is applied.
! ===========================================================================
enable
configure terminal
hostname R1
enable secret Cisc0-Lab!
service password-encryption
ip domain-name lab.example.com
username admin privilege 15 secret Adm1n-Lab!
crypto key generate rsa modulus 2048
ip ssh version 2
interface GigabitEthernet0/0
 ip address 192.168.10.1 255.255.255.0
 no shutdown
 exit
line console 0
 password Con-Lab!
 login
 exit
line vty 0 4
 login local
 transport input ssh
 exit
banner motd #Authorized access only. Activity is logged.#
end
write memory",cisco,0,real_derived_R1-base-config.txt,mutated_from_R1-base-config.txt_to_0,medium
CIS-4.1,Zone-based firewall policies must separate network segments,Verify CIS-4.1 compliance,"IP-EIGRP Topology Table for AS(100)/ID(10.255.11.6)

Codes: P - Passive, A - Active, U - Update, Q - Query, R - Reply,
       r - reply Status, s - sia Status

P 66.128.208.232/32, 2 successors, FD is 264448
        via 10.254.11.9, TenGigabitEthernet1/1
        via 10.254.11.33, TenGigabitEthernet2/1
P 10.254.6.8/30, 1 successors, FD is 1024
        via 10.254.6.14, Port-channel10
P 67.230.223.128/28, 2 successors, FD is 5632, tag is 53471
        via 10.254.11.9, TenGigabitEthernet1/1
        via 10.254.11.33, TenGigabitEthernet2/1
P 10.255.10.5/32, 1 successors, FD is 130816
        via 10.254.10.34, GigabitEthernet9/29
P 10.255.1.14/32, 1 successors, FD is 128768
        via 10.254.1.34, Port-channel3
P 10.254.2.12/30, 1 successors, FD is 768
        via 10.254.2.22, TenGigabitEthernet3/3
P 10.255.11.4/32, 4 successors, FD is 128768
        via 10.254.56.6, TenGigabitEthernet1/4
        via 10.254.55.6, TenGigabitEthernet1/6
        via 10.254.11.33, TenGigabitEthernet2/1
        via 10.254.11.9, TenGigabitEthernet1/1
        via 10.254.52.6, TenGigabitEthernet1/5
        via 10.254.4.10, TenGigabitEthernet4/4
        via 10.254.4.14, TenGigabitEthernet4/5
        via 10.254.54.6, TenGigabitEthernet1/3

IP-EIGRP Topology Table for AS(65000)/ID(10.2.0.1)

Codes: P - Passive, A - Active, U - Update, Q - Query, R - Reply,
       r - reply Status, s - sia Status

P 10.50.20.4/32, 2 successors, FD is 128039168
        via 10.4.0.1, GigabitEthernet1/1
        via 10.4.0.2, GigabitEthernet1/2
P 10.50.21.0/27, 0 successors, FD is Inaccessible, tag is 6508497
        via 10.4.0.1, GigabitEthernet1/1
        via 10.4.0.2, GigabitEthernet1/2
P 10.50.75.0/24, 1 successors, FD is 2816
        via Rstatic
P 10.50.23.92/30, 1 successors, FD is 3840256, tag is 5507497
        via Redistributed

interface GigabitEthernet0/0
 description DMZ Interface
 ip address 90.143.86.83 255.255.255.0
 no shutdown
!",cisco,0,real_derived_cisco_ios_show_ip_eigrp_topology1.raw,mutated_from_cisco_ios_show_ip_eigrp_topology1.raw_to_0,medium
CIS-4.1,Inter-zone traffic control via security zone configuration is mandatory,Verify CIS-4.1 compliance,"! ===========================================================================
! R1 HSRP configuration  (router, c7200/IOSv)  -- ACTIVE (higher priority)
! ComputingForGeeks CCNA 200-301 lab: hsrp
! https://computingforgeeks.com/ccna-labs-hsrp-configuration-on-gns3-and-packet-tracer/
!
! Group 1, HSRP version 2, virtual IP 192.168.10.254.
! R1 has priority 110 + preempt, so it owns the active role and reclaims it
! after a recovery.
! ===========================================================================
enable
configure terminal
hostname R1
interface GigabitEthernet0/0
 ip address 192.168.10.1 255.255.255.0
 standby version 2
 standby 1 ip 192.168.10.254
 standby 1 priority 110
 standby 1 preempt
 no shutdown
 exit
end
write memory

interface GigabitEthernet1/2
 description DMZ Interface
 ip address 251.29.38.172 255.255.255.0
 no shutdown
!",cisco,0,real_derived_R1-hsrp.txt,mutated_from_R1-hsrp.txt_to_0,medium
CIS-4.1,Network segmentation through defined security zones is required,Verify CIS-4.1 compliance,"IP-EIGRP Topology Table for AS(100)/ID(10.255.11.6)

Codes: P - Passive, A - Active, U - Update, Q - Query, R - Reply,
       r - reply Status, s - sia Status

P 66.128.208.232/32, 2 successors, FD is 264448
        via 10.254.11.9, TenGigabitEthernet1/1
        via 10.254.11.33, TenGigabitEthernet2/1
P 10.254.6.8/30, 1 successors, FD is 1024
        via 10.254.6.14, Port-channel10
P 67.230.223.128/28, 2 successors, FD is 5632, tag is 53471
        via 10.254.11.9, TenGigabitEthernet1/1
        via 10.254.11.33, TenGigabitEthernet2/1
P 10.255.10.5/32, 1 successors, FD is 130816
        via 10.254.10.34, GigabitEthernet9/29
P 10.255.1.14/32, 1 successors, FD is 128768
        via 10.254.1.34, Port-channel3
P 10.254.2.12/30, 1 successors, FD is 768
        via 10.254.2.22, TenGigabitEthernet3/3
P 10.255.11.4/32, 4 successors, FD is 128768
        via 10.254.56.6, TenGigabitEthernet1/4
        via 10.254.55.6, TenGigabitEthernet1/6
        via 10.254.11.33, TenGigabitEthernet2/1
        via 10.254.11.9, TenGigabitEthernet1/1
        via 10.254.52.6, TenGigabitEthernet1/5
        via 10.254.4.10, TenGigabitEthernet4/4
        via 10.254.4.14, TenGigabitEthernet4/5
        via 10.254.54.6, TenGigabitEthernet1/3

IP-EIGRP Topology Table for AS(65000)/ID(10.2.0.1)

Codes: P - Passive, A - Active, U - Update, Q - Query, R - Reply,
       r - reply Status, s - sia Status

P 10.50.20.4/32, 2 successors, FD is 128039168
        via 10.4.0.1, GigabitEthernet1/1
        via 10.4.0.2, GigabitEthernet1/2
P 10.50.21.0/27, 0 successors, FD is Inaccessible, tag is 6508497
        via 10.4.0.1, GigabitEthernet1/1
        via 10.4.0.2, GigabitEthernet1/2
P 10.50.75.0/24, 1 successors, FD is 2816
        via Rstatic
P 10.50.23.92/30, 1 successors, FD is 3840256, tag is 5507497
        via Redistributed

interface GigabitEthernet0/1
 description DMZ Interface
 ip address 151.179.219.43 255.255.255.0
 no shutdown
!",cisco,0,real_derived_cisco_ios_show_ip_eigrp_topology1.raw,mutated_from_cisco_ios_show_ip_eigrp_topology1.raw_to_0,medium
CIS-4.1,Inter-zone traffic control via security zone configuration is mandatory,Verify CIS-4.1 compliance,"! ===========================================================================
! R1 ipv6-static-routing lab  (router, c7200 / IOS 15.2)
! ComputingForGeeks CCNA 200-301 lab: ipv6-static-routing
! https://computingforgeeks.com/cisco-ipv6-static-routes-configuration/
!
! Two links to R2: primary 2001:DB8:12::/64 (Gi0/0), backup 2001:DB8:13::/64
! (Gi1/0). R1 reaches R2's network 2001:DB8:2::/64 via a fully-specified
! link-local primary static (AD 1) and a floating static (AD 200) over the
! backup, plus a ::/0 default route. Run the matching R2 file on the other router.
!
! Failover demo: shut Gi0/0 on BOTH routers, then re-run
! ""show ipv6 route 2001:DB8:2::/64"" and ping 2001:DB8:2::1 to watch the floating
! route ([200]) take over the backup link.
! ===========================================================================
enable
configure terminal
hostname R1
ipv6 unicast-routing
interface Loopback1
 ipv6 address 2001:DB8:1::1/64
 exit
interface GigabitEthernet0/0
 ipv6 address 2001:DB8:12::1/64
 ipv6 address FE80::1 link-local
 no shutdown
 exit
interface GigabitEthernet1/0
 ipv6 address 2001:DB8:13::1/64
 ipv6 address FE80::10 link-local
 no shutdown
 exit
ipv6 route 2001:DB8:2::/64 GigabitEthernet0/0 FE80::2
ipv6 route 2001:DB8:2::/64 GigabitEthernet1/0 FE80::20 200
ipv6 route ::/0 2001:DB8:12::2
end
write memory

interface GigabitEthernet0/3
 description WAN Interface
 ip address 118.39.160.148 255.255.255.0
 no shutdown
!",cisco,0,real_derived_R1-config.txt,mutated_from_R1-config.txt_to_0,medium
CIS-4.1,Inter-zone traffic control via security zone configuration is mandatory,Verify CIS-4.1 compliance,"! ===========================================================================
! R1 DNS host configuration  (router, c7200/IOSv)
! ComputingForGeeks CCNA 200-301 lab: dns-static
! https://computingforgeeks.com/ccna-labs-dns-server-configuration-on-gns3-and-packet-tracer/
!
! R1 holds the static name-to-IP records. server1 resolves to a loopback so the
! mapping is testable end to end.
! ===========================================================================
enable
configure terminal
hostname R1
interface GigabitEthernet0/0
 ip address 192.168.10.1 255.255.255.0
 no shutdown
 exit
interface Loopback0
 ip address 10.0.0.1 255.255.255.255
 exit
ip host server1.lab.example.com 10.0.0.1
ip host gw.lab.example.com 192.168.10.1
!
! Full router-as-resolver (answering DNS queries from clients) needs:
!   ip dns server
! That command exists only on ISR / IOSv / IOS-XE. On a c7200 (dynamips) it
! returns ""% Invalid input detected at '^' marker."" See the article for detail.
!
end
write memory

interface GigabitEthernet1/3
 description LAN Interface
 ip address 197.144.195.129 255.255.255.0
 no shutdown
!",cisco,0,real_derived_R1-dns.txt,mutated_from_R1-dns.txt_to_0,medium
CIS-4.1,Zone-based firewall policies must separate network segments,Verify CIS-4.1 compliance,"! ===========================================================================
! ClientA dhcp-server-relay lab  (DHCP client, local LAN, c7200 / IOS 15.2)
! ComputingForGeeks CCNA 200-301 lab: dhcp-server-relay
! https://computingforgeeks.com/cisco-dhcp-server-relay-configuration/
!
! A router used as an end host on R1's own LAN. It leases directly from the
! local server (192.168.10.1). Verify with: show ip interface brief / show dhcp lease.
! ===========================================================================
enable
configure terminal
hostname ClientA
interface GigabitEthernet0/0
 ip address dhcp
 no shutdown
 exit
end
write memory

interface GigabitEthernet0/0
 description DMZ Interface
 ip address 55.135.67.239 255.255.255.0
 no shutdown
!",cisco,0,real_derived_ClientA-config.txt,mutated_from_ClientA-config.txt_to_0,medium
CIS-4.1,Security zones must be configured to enforce traffic segmentation,Verify CIS-4.1 compliance,"IP-EIGRP Topology Table for AS(100)/ID(10.255.11.6)

Codes: P - Passive, A - Active, U - Update, Q - Query, R - Reply,
       r - reply Status, s - sia Status

P 66.128.208.232/32, 2 successors, FD is 264448
        via 10.254.11.9, TenGigabitEthernet1/1
        via 10.254.11.33, TenGigabitEthernet2/1
P 10.254.6.8/30, 1 successors, FD is 1024
        via 10.254.6.14, Port-channel10
P 67.230.223.128/28, 2 successors, FD is 5632, tag is 53471
        via 10.254.11.9, TenGigabitEthernet1/1
        via 10.254.11.33, TenGigabitEthernet2/1
P 10.255.10.5/32, 1 successors, FD is 130816
        via 10.254.10.34, GigabitEthernet9/29
P 10.255.1.14/32, 1 successors, FD is 128768
        via 10.254.1.34, Port-channel3
P 10.254.2.12/30, 1 successors, FD is 768
        via 10.254.2.22, TenGigabitEthernet3/3
P 10.255.11.4/32, 4 successors, FD is 128768
        via 10.254.56.6, TenGigabitEthernet1/4
        via 10.254.55.6, TenGigabitEthernet1/6
        via 10.254.11.33, TenGigabitEthernet2/1
        via 10.254.11.9, TenGigabitEthernet1/1
        via 10.254.52.6, TenGigabitEthernet1/5
        via 10.254.4.10, TenGigabitEthernet4/4
        via 10.254.4.14, TenGigabitEthernet4/5
        via 10.254.54.6, TenGigabitEthernet1/3

IP-EIGRP Topology Table for AS(65000)/ID(10.2.0.1)

Codes: P - Passive, A - Active, U - Update, Q - Query, R - Reply,
       r - reply Status, s - sia Status

P 10.50.20.4/32, 2 successors, FD is 128039168
        via 10.4.0.1, GigabitEthernet1/1
        via 10.4.0.2, GigabitEthernet1/2
P 10.50.21.0/27, 0 successors, FD is Inaccessible, tag is 6508497
        via 10.4.0.1, GigabitEthernet1/1
        via 10.4.0.2, GigabitEthernet1/2
P 10.50.75.0/24, 1 successors, FD is 2816
        via Rstatic
P 10.50.23.92/30, 1 successors, FD is 3840256, tag is 5507497
        via Redistributed

interface GigabitEthernet1/2
 description LAN Interface
 ip address 221.44.224.222 255.255.255.0
 no shutdown
!",cisco,0,real_derived_cisco_ios_show_ip_eigrp_topology1.raw,mutated_from_cisco_ios_show_ip_eigrp_topology1.raw_to_0,medium
CIS-4.1,Inter-zone traffic control via security zone configuration is mandatory,Verify CIS-4.1 compliance,"! SW1 - Layer 3 switch doing inter-VLAN routing with SVIs.
! ip routing is OFF by default on a multilayer switch; this is the key step.
enable
configure terminal
hostname SW1
!
ip routing
!
vlan 10
 name SALES
vlan 20
 name ENGINEERING
!
! SVIs = the per-VLAN gateways (routed inside the switch)
interface Vlan10
 ip address 10.10.10.1 255.255.255.0
 no shutdown
!
interface Vlan20
 ip address 10.20.20.1 255.255.255.0
 no shutdown
!
! Host access ports
interface GigabitEthernet0/1
 switchport mode access
 switchport access vlan 10
!
interface GigabitEthernet0/2
 switchport mode access
 switchport access vlan 20
end
write memory

interface GigabitEthernet0/3
 description WAN Interface
 ip address 36.137.154.69 255.255.255.0
 no shutdown
!",cisco,0,real_derived_SW1-config.txt,mutated_from_SW1-config.txt_to_0,medium
CIS-4.1,Inter-zone traffic control via security zone configuration is mandatory,Verify CIS-4.1 compliance,"! ===========================================================================
! R2 ipv6-static-routing lab  (router, c7200 / IOS 15.2)
! ComputingForGeeks CCNA 200-301 lab: ipv6-static-routing
! https://computingforgeeks.com/cisco-ipv6-static-routes-configuration/
!
! Two links to R1: primary 2001:DB8:12::/64 (Gi0/0), backup 2001:DB8:13::/64
! (Gi1/0). R2 reaches R1's network 2001:DB8:1::/64 via a fully-specified
! link-local primary static (AD 1) and a floating static (AD 200), so the return
! path also fails over when the primary link is shut. Run the matching R1 file.
! ===========================================================================
enable
configure terminal
hostname R2
ipv6 unicast-routing
interface Loopback1
 ipv6 address 2001:DB8:2::1/64
 exit
interface GigabitEthernet0/0
 ipv6 address 2001:DB8:12::2/64
 ipv6 address FE80::2 link-local
 no shutdown
 exit
interface GigabitEthernet1/0
 ipv6 address 2001:DB8:13::2/64
 ipv6 address FE80::20 link-local
 no shutdown
 exit
ipv6 route 2001:DB8:1::/64 GigabitEthernet0/0 FE80::1
ipv6 route 2001:DB8:1::/64 GigabitEthernet1/0 FE80::10 200
end
write memory",cisco,0,real_derived_R2-config.txt,mutated_from_R2-config.txt_to_0,medium
CIS-4.1,Inter-zone traffic control via security zone configuration is mandatory,Verify CIS-4.1 compliance,"! ===========================================================================
! R1 ipv6-static-routing lab  (router, c7200 / IOS 15.2)
! ComputingForGeeks CCNA 200-301 lab: ipv6-static-routing
! https://computingforgeeks.com/cisco-ipv6-static-routes-configuration/
!
! Two links to R2: primary 2001:DB8:12::/64 (Gi0/0), backup 2001:DB8:13::/64
! (Gi1/0). R1 reaches R2's network 2001:DB8:2::/64 via a fully-specified
! link-local primary static (AD 1) and a floating static (AD 200) over the
! backup, plus a ::/0 default route. Run the matching R2 file on the other router.
!
! Failover demo: shut Gi0/0 on BOTH routers, then re-run
! ""show ipv6 route 2001:DB8:2::/64"" and ping 2001:DB8:2::1 to watch the floating
! route ([200]) take over the backup link.
! ===========================================================================
enable
configure terminal
hostname R1
ipv6 unicast-routing
interface Loopback1
 ipv6 address 2001:DB8:1::1/64
 exit
interface GigabitEthernet0/0
 ipv6 address 2001:DB8:12::1/64
 ipv6 address FE80::1 link-local
 no shutdown
 exit
interface GigabitEthernet1/0
 ipv6 address 2001:DB8:13::1/64
 ipv6 address FE80::10 link-local
 no shutdown
 exit
ipv6 route 2001:DB8:2::/64 GigabitEthernet0/0 FE80::2
ipv6 route 2001:DB8:2::/64 GigabitEthernet1/0 FE80::20 200
ipv6 route ::/0 2001:DB8:12::2
end
write memory

interface GigabitEthernet1/2
 description WAN Interface
 ip address 104.10.166.44 255.255.255.0
 no shutdown
!",cisco,0,real_derived_R1-config.txt,mutated_from_R1-config.txt_to_0,medium
CIS-4.1,Security zones must be configured to enforce traffic segmentation,Verify CIS-4.1 compliance,"! ===========================================================================
! SW2 LACP EtherChannel  (Layer 2 switch, IOSvL2)
! ComputingForGeeks CCNA 200-301 lab: etherchannel-lacp
! https://computingforgeeks.com/cisco-etherchannel-configuration/
!
! Paste at the privileged-EXEC prompt. Two links (Gi0/0, Gi0/1) bundle into
! Port-channel 1 with LACP active. Run the matching SW1 file on the other switch;
! both ends must be active (or one active, one passive).
! ===========================================================================
enable
configure terminal
hostname SW2
interface range GigabitEthernet0/0 - 1
 channel-group 1 mode active
 exit
end
write memory",cisco,0,real_derived_SW2-config.txt,mutated_from_SW2-config.txt_to_0,medium
CIS-4.1,Inter-zone traffic control via security zone configuration is mandatory,Verify CIS-4.1 compliance,"! ===========================================================================
! SW2 LACP EtherChannel  (Layer 2 switch, IOSvL2)
! ComputingForGeeks CCNA 200-301 lab: etherchannel-lacp
! https://computingforgeeks.com/cisco-etherchannel-configuration/
!
! Paste at the privileged-EXEC prompt. Two links (Gi0/0, Gi0/1) bundle into
! Port-channel 1 with LACP active. Run the matching SW1 file on the other switch;
! both ends must be active (or one active, one passive).
! ===========================================================================
enable
configure terminal
hostname SW2
interface range GigabitEthernet0/0 - 1
 channel-group 1 mode active
 exit
end
write memory",cisco,0,real_derived_SW2-config.txt,mutated_from_SW2-config.txt_to_0,medium
CIS-4.1,Zone-based firewall policies must separate network segments,Verify CIS-4.1 compliance,"! ===========================================================================
! R2 DNS client configuration  (router, c7200/IOSv)
! ComputingForGeeks CCNA 200-301 lab: dns-static
! https://computingforgeeks.com/ccna-labs-dns-server-configuration-on-gns3-and-packet-tracer/
!
! R2 resolves names through R1 and has a route to the server1 loopback so the
! resolved address is reachable.
! ===========================================================================
enable
configure terminal
hostname R2
interface GigabitEthernet0/0
 ip address 192.168.10.2 255.255.255.0
 no shutdown
 exit
ip name-server 192.168.10.1
ip domain-lookup
ip route 10.0.0.1 255.255.255.255 192.168.10.1
end
write memory

interface GigabitEthernet1/3
 description WAN Interface
 ip address 246.126.142.143 255.255.255.0
 no shutdown
!",cisco,0,real_derived_R2-dns-client.txt,mutated_from_R2-dns-client.txt_to_0,medium
CIS-4.1,Inter-zone traffic control via security zone configuration is mandatory,Verify CIS-4.1 compliance,"! ===========================================================================
! R1 base configuration  (router, c7200/IOSv)
! ComputingForGeeks CCNA 200-301 lab: base-device
! https://computingforgeeks.com/cisco-device-base-configuration/
!
! Paste at the privileged-EXEC prompt. RSA key generation takes a few seconds;
! on real gear, let it finish before the rest is applied.
! ===========================================================================
enable
configure terminal
hostname R1
enable secret Cisc0-Lab!
service password-encryption
ip domain-name lab.example.com
username admin privilege 15 secret Adm1n-Lab!
crypto key generate rsa modulus 2048
ip ssh version 2
interface GigabitEthernet0/0
 ip address 192.168.10.1 255.255.255.0
 no shutdown
 exit
line console 0
 password Con-Lab!
 login
 exit
line vty 0 4
 login local
 transport input ssh
 exit
banner motd #Authorized access only. Activity is logged.#
end
write memory",cisco,0,real_derived_R1-base-config.txt,mutated_from_R1-base-config.txt_to_0,medium
CIS-4.1,Zone-based firewall policies must separate network segments,Verify CIS-4.1 compliance,"! ===========================================================================
! R2 ipv6-static-routing lab  (router, c7200 / IOS 15.2)
! ComputingForGeeks CCNA 200-301 lab: ipv6-static-routing
! https://computingforgeeks.com/cisco-ipv6-static-routes-configuration/
!
! Two links to R1: primary 2001:DB8:12::/64 (Gi0/0), backup 2001:DB8:13::/64
! (Gi1/0). R2 reaches R1's network 2001:DB8:1::/64 via a fully-specified
! link-local primary static (AD 1) and a floating static (AD 200), so the return
! path also fails over when the primary link is shut. Run the matching R1 file.
! ===========================================================================
enable
configure terminal
hostname R2
ipv6 unicast-routing
interface Loopback1
 ipv6 address 2001:DB8:2::1/64
 exit
interface GigabitEthernet0/0
 ipv6 address 2001:DB8:12::2/64
 ipv6 address FE80::2 link-local
 no shutdown
 exit
interface GigabitEthernet1/0
 ipv6 address 2001:DB8:13::2/64
 ipv6 address FE80::20 link-local
 no shutdown
 exit
ipv6 route 2001:DB8:1::/64 GigabitEthernet0/0 FE80::1
ipv6 route 2001:DB8:1::/64 GigabitEthernet1/0 FE80::10 200
end
write memory",cisco,0,real_derived_R2-config.txt,mutated_from_R2-config.txt_to_0,medium
CIS-4.1,Security zones must be configured to enforce traffic segmentation,Verify CIS-4.1 compliance,"! ===========================================================================
! SW1 base configuration  (Layer 2 switch, IOSvL2)
! ComputingForGeeks CCNA 200-301 lab: base-device
! https://computingforgeeks.com/cisco-device-base-configuration/
!
! Paste at the privileged-EXEC prompt. RSA key generation takes a few seconds.
! The management IP lives on the Vlan1 SVI (a switch has no routed Gi0/0 by default).
! ===========================================================================
enable
configure terminal
hostname SW1
enable secret Cisc0-Lab!
service password-encryption
ip domain-name lab.example.com
username admin privilege 15 secret Adm1n-Lab!
crypto key generate rsa modulus 2048
ip ssh version 2
interface GigabitEthernet0/0
 no shutdown
 exit
interface Vlan1
 ip address 192.168.10.2 255.255.255.0
 no shutdown
 exit
line vty 0 4
 login local
 transport input ssh
 exit
banner motd #Authorized access only. Activity is logged.#
end
write memory

interface GigabitEthernet1/1
 description DMZ Interface
 ip address 254.30.17.215 255.255.255.0
 no shutdown
!",cisco,0,real_derived_SW1-base-config.txt,mutated_from_SW1-base-config.txt_to_0,medium
CIS-4.1,Inter-zone traffic control via security zone configuration is mandatory,Verify CIS-4.1 compliance,"# -*- restclient -*-

# Settings
:node = asr-101
:addr = 50.196.141.39
:deviceusername = <username>
:devicepassword = <password>
:host = http://localhost:8181
:basic-auth := (format ""Basic %s"" (base64-encode-string (format ""%s:%s"" ""admin"" ""admin"")))

# Create ASR 101
POST :host/restconf/config/network-topology:network-topology/topology/topology-netconf/node/controller-config/yang-ext:mount/config:modules
Authorization: :basic-auth
Content-Type: application/xml
<module xmlns=""urn:opendaylight:params:xml:ns:yang:controller:config"">
   <type xmlns:prefix=""urn:opendaylight:params:xml:ns:yang:controller:md:sal:connector:netconf"">prefix:sal-netconf-connector</type>
   <name>:node
   </name>
   <address xmlns=""urn:opendaylight:params:xml:ns:yang:controller:md:sal:connector:netconf"">:addr
   </address>
   <port xmlns=""urn:opendaylight:params:xml:ns:yang:controller:md:sal:connector:netconf"">830</port>
   <username xmlns=""urn:opendaylight:params:xml:ns:yang:controller:md:sal:connector:netconf"">:deviceusername</username>
   <password xmlns=""urn:opendaylight:params:xml:ns:yang:controller:md:sal:connector:netconf"">:devicepassword</password>
   <tcp-only xmlns=""urn:opendaylight:params:xml:ns:yang:controller:md:sal:connector:netconf"">false</tcp-only>
   <event-executor xmlns=""urn:opendaylight:params:xml:ns:yang:controller:md:sal:connector:netconf"">
     <type xmlns:prefix=""urn:opendaylight:params:xml:ns:yang:controller:netty"">prefix:netty-event-executor</type>
     <name>global-event-executor</name>
   </event-executor>
   <binding-registry xmlns=""urn:opendaylight:params:xml:ns:yang:controller:md:sal:connector:netconf"">
     <type xmlns:prefix=""urn:opendaylight:params:xml:ns:yang:controller:md:sal:binding"">prefix:binding-broker-osgi-registry</type>
     <name>binding-osgi-broker</name>
   </binding-registry>
   <dom-registry xmlns=""urn:opendaylight:params:xml:ns:yang:controller:md:sal:connector:netconf"">
     <type xmlns:prefix=""urn:opendaylight:params:xml:ns:yang:controller:md:sal:dom"">prefix:dom-broker-osgi-registry</type>
     <name>dom-broker</name>
   </dom-registry>
   <client-dispatcher xmlns=""urn:opendaylight:params:xml:ns:yang:controller:md:sal:connector:netconf"">
     <type xmlns:prefix=""urn:opendaylight:params:xml:ns:yang:controller:config:netconf"">prefix:netconf-client-dispatcher</type>
     <name>global-netconf-dispatcher</name>
   </client-dispatcher>
   <processing-executor xmlns=""urn:opendaylight:params:xml:ns:yang:controller:md:sal:connector:netconf"">
     <type xmlns:prefix=""urn:opendaylight:params:xml:ns:yang:controller:threadpool"">prefix:threadpool</type>
     <name>global-netconf-processing-executor</name>
   </processing-executor>
 </module>

# Get node operational status
GET :host/restconf/operational/network-topology:network-topology/topology/topology-netconf/node/:node/
Authorization: :basic-auth

# Get interface configuration
GET :host/restconf/operational/network-topology:network-topology/topology/topology-netconf/node/:node/yang-ext:mount/Cisco-IOS-XR-ifmgr-cfg:interface-configurations/
Authorization: :basic-auth
Accept: application/xml

# Get operational l2vpn xconnect groups
GET :host/restconf/operational/network-topology:network-topology/topology/topology-netconf/node/:node/yang-ext:mount/Cisco-IOS-XR-l2vpn-cfg:l2vpn/database/xconnect-groups/xconnect-group/local
Authorization: :basic-auth
Accept: application/xml

# Show
GET :host/restconf/config/network-topology:network-topology/topology/topology-netconf/node/controller-config/yang-ext:mount/config:modules/module/odl-sal-netconf-connector-cfg:sal-netconf-connector/:node
Authorization: :basic-auth

# Delete
DELETE :host/restconf/config/network-topology:network-topology/topology/topology-netconf/node/controller-config/yang-ext:mount/config:modules/module/odl-sal-netconf-connector-cfg:sal-netconf-connector/:node
Authorization: :basic-auth

interface GigabitEthernet1/1
 description WAN Interface
 ip address 62.40.43.188 255.255.255.0
 no shutdown
!",cisco,0,real_derived_cisco-xr-lab-device.txt,mutated_from_cisco-xr-lab-device.txt_to_0,medium
CIS-4.1,Zone-based firewall policies must separate network segments,Verify CIS-4.1 compliance,"! Host10 - end device in VLAN 10 (a router acting as a host in the lab).
! On a real PC this is just IP 10.10.10.10/24, gateway 10.10.10.1 (the Vlan10 SVI).
enable
configure terminal
hostname Host10
!
interface GigabitEthernet0/0
 ip address 10.10.10.10 255.255.255.0
 no shutdown
!
ip route 0.0.0.0 0.0.0.0 10.10.10.1
end
write memory

interface GigabitEthernet1/1
 description WAN Interface
 ip address 16.84.157.153 255.255.255.0
 no shutdown
!",cisco,0,real_derived_Host10-config.txt,mutated_from_Host10-config.txt_to_0,medium
CIS-4.1,Network segmentation through defined security zones is required,Verify CIS-4.1 compliance,"! SW1 - Layer 3 switch doing inter-VLAN routing with SVIs.
! ip routing is OFF by default on a multilayer switch; this is the key step.
enable
configure terminal
hostname SW1
!
ip routing
!
vlan 10
 name SALES
vlan 20
 name ENGINEERING
!
! SVIs = the per-VLAN gateways (routed inside the switch)
interface Vlan10
 ip address 10.10.10.1 255.255.255.0
 no shutdown
!
interface Vlan20
 ip address 10.20.20.1 255.255.255.0
 no shutdown
!
! Host access ports
interface GigabitEthernet0/1
 switchport mode access
 switchport access vlan 10
!
interface GigabitEthernet0/2
 switchport mode access
 switchport access vlan 20
end
write memory",cisco,0,real_derived_SW1-config.txt,mutated_from_SW1-config.txt_to_0,medium
CIS-4.1,Inter-zone traffic control via security zone configuration is mandatory,Verify CIS-4.1 compliance,"! ===========================================================================
! SW1 base configuration  (Layer 2 switch, IOSvL2)
! ComputingForGeeks CCNA 200-301 lab: base-device
! https://computingforgeeks.com/cisco-device-base-configuration/
!
! Paste at the privileged-EXEC prompt. RSA key generation takes a few seconds.
! The management IP lives on the Vlan1 SVI (a switch has no routed Gi0/0 by default).
! ===========================================================================
enable
configure terminal
hostname SW1
enable secret Cisc0-Lab!
service password-encryption
ip domain-name lab.example.com
username admin privilege 15 secret Adm1n-Lab!
crypto key generate rsa modulus 2048
ip ssh version 2
interface GigabitEthernet0/0
 no shutdown
 exit
interface Vlan1
 ip address 192.168.10.2 255.255.255.0
 no shutdown
 exit
line vty 0 4
 login local
 transport input ssh
 exit
banner motd #Authorized access only. Activity is logged.#
end
write memory",cisco,0,real_derived_SW1-base-config.txt,mutated_from_SW1-base-config.txt_to_0,medium
CIS-4.1,Security zones must be configured to enforce traffic segmentation,Verify CIS-4.1 compliance,"! Host20 - end device in VLAN 20 (a router acting as a host in the lab).
! On a real PC this is just IP 10.20.20.20/24, gateway 10.20.20.1 (the Vlan20 SVI).
enable
configure terminal
hostname Host20
!
interface GigabitEthernet0/0
 ip address 10.20.20.20 255.255.255.0
 no shutdown
!
ip route 0.0.0.0 0.0.0.0 10.20.20.1
end
write memory",cisco,0,real_derived_Host20-config.txt,mutated_from_Host20-config.txt_to_0,medium
CIS-4.1,Inter-zone traffic control via security zone configuration is mandatory,Verify CIS-4.1 compliance,"! ===========================================================================
! Host1 nat-pat lab  (inside host on 192.168.10.0/24, translated by PAT)
! ComputingForGeeks CCNA 200-301 lab: nat-pat
! https://computingforgeeks.com/cisco-nat-pat-configuration/
!
! A router used as an end host. It sits on the PAT LAN, so its traffic to the
! outside is overloaded onto the PUBLIC pool address with a translated port.
! ===========================================================================
enable
configure terminal
hostname Host1
interface GigabitEthernet0/0
 ip address 192.168.10.10 255.255.255.0
 no shutdown
 exit
ip route 0.0.0.0 0.0.0.0 192.168.10.1
end
write memory",cisco,0,real_derived_Host1-config.txt,mutated_from_Host1-config.txt_to_0,medium
CIS-4.1,Network segmentation through defined security zones is required,Verify CIS-4.1 compliance,"! ===========================================================================
! ClientB dhcp-server-relay lab  (DHCP client, remote LAN, c7200 / IOS 15.2)
! ComputingForGeeks CCNA 200-301 lab: dhcp-server-relay
! https://computingforgeeks.com/cisco-dhcp-server-relay-configuration/
!
! A router used as an end host on R2's LAN (192.168.20.0/24). It has no local
! DHCP server; its request is relayed by R2 to the server at 10.0.0.1. The lease
! record names server 10.0.0.1, the proof the request crossed the relay.
! ===========================================================================
enable
configure terminal
hostname ClientB
interface GigabitEthernet0/0
 ip address dhcp
 no shutdown
 exit
end
write memory

interface GigabitEthernet0/0
 description LAN Interface
 ip address 57.90.237.13 255.255.255.0
 no shutdown
!",cisco,0,real_derived_ClientB-config.txt,mutated_from_ClientB-config.txt_to_0,medium
CIS-4.1,Inter-zone traffic control via security zone configuration is mandatory,Verify CIS-4.1 compliance,"! Host20 - end device in VLAN 20 (a router acting as a host in the lab).
! On a real PC this is just IP 10.20.20.20/24, gateway 10.20.20.1 (the Vlan20 SVI).
enable
configure terminal
hostname Host20
!
interface GigabitEthernet0/0
 ip address 10.20.20.20 255.255.255.0
 no shutdown
!
ip route 0.0.0.0 0.0.0.0 10.20.20.1
end
write memory

interface GigabitEthernet0/2
 description DMZ Interface
 ip address 220.194.162.161 255.255.255.0
 no shutdown
!",cisco,0,real_derived_Host20-config.txt,mutated_from_Host20-config.txt_to_0,medium
CIS-4.1,Network segmentation through defined security zones is required,Verify CIS-4.1 compliance,"! SW1 - Layer 3 switch doing inter-VLAN routing with SVIs.
! ip routing is OFF by default on a multilayer switch; this is the key step.
enable
configure terminal
hostname SW1
!
ip routing
!
vlan 10
 name SALES
vlan 20
 name ENGINEERING
!
! SVIs = the per-VLAN gateways (routed inside the switch)
interface Vlan10
 ip address 10.10.10.1 255.255.255.0
 no shutdown
!
interface Vlan20
 ip address 10.20.20.1 255.255.255.0
 no shutdown
!
! Host access ports
interface GigabitEthernet0/1
 switchport mode access
 switchport access vlan 10
!
interface GigabitEthernet0/2
 switchport mode access
 switchport access vlan 20
end
write memory",cisco,0,real_derived_SW1-config.txt,mutated_from_SW1-config.txt_to_0,medium
